card_id,card_name,ability_index,op_index,op_path,op,current_own,suggested_own,fx,extra,ab_txt,reason,confidence
id_0001,江戸川コナン,0,0,ops.0,select,,any,【パートナー(青)】【ターン①】自分がネクストヒントで手札を使用したとき、そのカードのレベル以下のレベルのキャラを1枚まで選び、デッキの下に移す。,"【파트너(청)】【턴①】 자신이 넥스트 힌트로 손패를 사용했을 때, 그 카드의 레벨 이하의 레벨을 가진 캐릭터를 1장까지 골라 덱 아래로 옮긴다.",【パートナー(青)】【ターン1】自分がネクストヒントで手札を使用したとき、そのカードのレベル以下のレベルのキャラを1枚まで選び、デッキの下に移す。,공식 룰북 p.22 — 대상 절에 自分の/相手の 없음(「キャラを～枚まで選び」는 지정이 없으면 양쪽 현장): …カードのレベル以下のレベルのキャラを1枚まで,high
id_0005,工藤新一,1,0,ops.0,select,,any,"【パートナー】【青】お互いの現場にキャラが合わせて6枚以上いる場合、手札にあるこのキャラはレベル4になる。
【宣言】デッキの下に移す:LP0以下の【青】のキャラを1枚まで選び、アクティブにする。","【파트너】【청】 서로의 현장에 캐릭터가 합쳐서 6장 이상 있는 경우, 손패에 있는 이 캐릭터는 레벨 4가 된다.
【선언】덱 아래로 옮긴다: LP0 이하의 【청】 캐릭터를 1장까지 선택하고, 액티브로 한다.",【宣言】デッキの下に移す:LP0以下の【青】のキャラを1枚まで選び、アクティブにする。,공식 룰북 p.22 — 대상 절에 自分の/相手の 없음(「キャラを～枚まで選び」는 지정이 없으면 양쪽 현장): …LP0以下ののキャラを1枚まで,high
id_0008,阿笠博士,0,,ef,onally.ef,,self,【ターン①】能力や効果によってレベル6以下の特徴[少年探偵団]のキャラが自分の現場に登場したとき、その中から1枚をアクティブにし、ターン終了時までそのキャラに迅速(登場したターンからすぐに推理かアクションできる)を与える。,"【턴①】능력이나 효과에 의해 레벨 6 이하의 특징 [소년탐정단]의 캐릭터가 자신의 현장에 登場했을 때, 그중에서 1장을 액티브로 하고, 턴 종료 시까지 그 캐릭터에게 신속(登場한 턴부터 바로 추리나 액션을 할 수 있다)을 부여한다.",【ターン1】能力や効果によってレベル6以下の特徴[少年探偵団]のキャラが自分の現場に登場したとき、その中から1枚をアクティブにし、ターン終了時までそのキャラに迅速(登場したターンからすぐに推理かアクションできる)を与える。,"ally 계열 트리거 + 원문 ""自分の現場にいる…"" (아군 대상)",high
id_0010,小嶋元太,0,0,ops.0,select,,any,【登場時】レベル3以上のキャラの能力やレベル3以上のイベントの効果によって登場した場合、レベル5以下のキャラを1枚まで選び、スリープさせる。,"【등장 시】레벨 3 이상의 캐릭터의 능력이나 레벨 3 이상의 이벤트의 효과로 등장한 경우, 레벨 5 이하의 캐릭터를 1장까지 선택하여 슬리프시킨다.",【登場時】レベル3以上のキャラの能力やレベル3以上のイベントの効果によって登場した場合、レベル5以下のキャラを1枚まで選び、スリープさせる。,공식 룰북 p.22 — 대상 절에 自分の/相手の 없음(「キャラを～枚まで選び」는 지정이 없으면 양쪽 현장): …レベル5以下のキャラを1枚まで,high
id_0011,円谷光彦,0,0,ops.0,select,,any,【登場時】レベル3以上のキャラの能力やレベル3以上のイベントの効果によって登場した場合、キャラを1枚まで選び、ターン終了時までAP+2000する。,"【등장 시】레벨 3 이상의 캐릭터의 능력이나 레벨 3 이상의 이벤트의 효과로 등장한 경우, 캐릭터를 1장까지 선택하고, 턴 종료 시까지 AP+2000 한다.",【登場時】レベル3以上のキャラの能力やレベル3以上のイベントの効果によって登場した場合、キャラを1枚まで選び、ターン終了時までAP+2000する。,공식 룰북 p.22 — 대상 절에 自分の/相手の 없음(「キャラを～枚まで選び」는 지정이 없으면 양쪽 현장): …キャラを1枚まで,high
id_0016,毛利小五郎,1,0,ops.0,select,,any,"このキャラがスリープ状態の場合、相手は自分の現場にいるレベル 4 以下のキャラを指定してアクションできない。
【ヒラメキ】(証拠からリムーブされるときに発動する）キャラを 1 枚まで選び、スリープさせる。","이 캐릭터가 슬리프 상태인 경우, 상대는 자신의 현장에 있는 레벨 4 이하의 캐릭터를 지정하여 액션할 수 없다.
【히라메키】(증거에서 리무브될 때 발동한다) 캐릭터를 1장까지 선택하여 슬리프시킨다.",【ヒラメキ】(証拠からリムーブされるときに発動する)キャラを1枚まで選び、スリープさせる。,공식 룰북 p.22 — 대상 절에 自分の/相手の 없음(「キャラを～枚まで選び」는 지정이 없으면 양쪽 현장): …キャラを1枚まで,high
id_0021,遠山和葉,1,0,ops.0,select,,any,"【パートナー(緑)】LP+1
【宣言】【スリープ】：カード名［服部平次］のキャラを1枚まで選び、ターン終了時まで突撃（登場したターンからすぐにアクションできる）を与える。","【파트너(녹)】 LP+1
【선언】【슬립】: 카드명 [핫토리 헤이지]인 캐릭터를 1장까지 선택하고, 턴 종료 시까지 돌격(등장한 턴부터 바로 액션할 수 있다)을 부여한다.",【宣言】【スリープ】:カード名[服部平次]のキャラを1枚まで選び、ターン終了時まで突撃(登場したターンからすぐにアクションできる)を与える。,공식 룰북 p.22 — 대상 절에 自分の/相手の 없음(「キャラを～枚まで選び」는 지정이 없으면 양쪽 현장): …カード名[服部平次]のキャラを1枚まで,high
id_0029,大滝悟郎,0,0,ops.0,select,,any,"【現場リムーブ時】コンタクトによってリムーブされた場合、キャラを1枚まで選び、スリープさせる。
【ヒラメキ】(証拠からリムーブされるときに発動する)カードを1枚引く。","【현장 리무브 시】 컨택트에 의해 리무브된 경우, 캐릭터를 1장까지 선택해 슬리프시킨다.
【히라메키】(증거에서 리무브될 때 발동한다) 카드를 1장 뽑는다.",【現場リムーブ時】コンタクトによってリムーブされた場合、キャラを1枚まで選び、スリープさせる。,공식 룰북 p.22 — 대상 절에 自分の/相手の 없음(「キャラを～枚まで選び」는 지정이 없으면 양쪽 현장): …キャラを1枚まで,high
id_0030,遠山銀司郎,0,0,ops.0,select,,any,【ターン①】自分の現場にいる【緑】のキャラがアクション[キャラ]したとき、キャラを1枚まで選び、スリープさせる。,"【턴①】자신의 현장에 있는 【녹】 캐릭터가 액션[캐릭터]했을 때, 캐릭터를 1장까지 선택하여 슬리프시킨다.",【ターン1】自分の現場にいる【緑】のキャラがアクション[キャラ]したとき、キャラを1枚まで選び、スリープさせる。,공식 룰북 p.22 — 대상 절에 自分の/相手の 없음(「キャラを～枚まで選び」는 지정이 없으면 양쪽 현장): …キャラを1枚まで,high
id_0033,「かっ…和葉ァ!!!」,1,,g.ef,replace.ef,,self,"このイベントを自分の現場にいる【緑】のキャラ1枚にセットする。
このイベントがセットされているキャラが相手の能力や効果、コンタクトによって現場から離れるとき、このイベントをリムーブし、そのキャラは現場から離れる代わりに現場に残る。","이 이벤트를 자신의 현장에 있는 【녹색】 캐릭터 1장에게 세트한다.
이 이벤트가 세트되어 있는 캐릭터가 상대의 능력이나 효과, 컨택트에 의해 현장에서 떠날 때, 이 이벤트를 리무브하고, 그 캐릭터는 현장에서 떠나는 대신 현장에 남는다.",,주체가 이 카드 자신(self:true) — 소유자는 자기 자신,high
id_0034,「オレの和葉に何さらしとんじゃ!!!」,0,0,ops.0,select,,any,"キャラを1枚まで選び、スリープさせる。カードを1枚引く。
【ヒラメキ】(証拠からリムーブされるときに発動する)キャラを1枚まで選び、スリープさせる。","캐릭터를 1장까지 선택하여 슬립시킨다. 카드를 1장 뽑는다.
【히라메키】(증거에서 리무브될 때 발동한다) 캐릭터를 1장까지 선택하여 슬립시킨다.",キャラを1枚まで選び、スリープさせる。カードを1枚引く。,공식 룰북 p.22 — 대상 절에 自分の/相手の 없음(「キャラを～枚まで選び」는 지정이 없으면 양쪽 현장): …キャラを1枚まで,high
id_0034,「オレの和葉に何さらしとんじゃ!!!」,1,0,ops.0,select,,any,"キャラを1枚まで選び、スリープさせる。カードを1枚引く。
【ヒラメキ】(証拠からリムーブされるときに発動する)キャラを1枚まで選び、スリープさせる。","캐릭터를 1장까지 선택하여 슬립시킨다. 카드를 1장 뽑는다.
【히라메키】(증거에서 리무브될 때 발동한다) 캐릭터를 1장까지 선택하여 슬립시킨다.",【ヒラメキ】(証拠からリムーブされるときに発動する)キャラを1枚まで選び、スリープさせる。,공식 룰북 p.22 — 대상 절에 自分の/相手の 없음(「キャラを～枚まで選び」는 지정이 없으면 양쪽 현장): …キャラを1枚まで,high
id_0036,怪盗キッド,0,1,ops.1.ops.0,select,,any,"【パートナー(白)】【登場時】自分のデッキのカードを上から7枚リムーブしてもよい。
そうした場合、キャラを1枚まで選び、デッキの下に移す。","【파트너(백)】【등장 시】 자신의 덱의 카드를 위에서 7장 리무브해도 좋다. 그렇게 한 경우, 캐릭터를 1장까지 골라 덱의 아래로 옮긴다.",【パートナー(白)】【登場時】自分のデッキのカードを上から7枚リムーブしてもよい。そうした場合、キャラを1枚まで選び、デッキの下に移す。,공식 룰북 p.22 — 대상 절에 自分の/相手の 없음(「キャラを～枚まで選び」는 지정이 없으면 양쪽 현장): …キャラを1枚まで,high
id_0040,鈴木園子,1,0,ops.0,select,,any,"【宣言】【スリープ】：自分のデッキのカードを上から3枚見る。その中からカードを1枚手札に加え、残りを好きな順番でデッキの下に移す。
【ヒラメキ】(証拠からリムーブされるときに発動する)キャラを1枚まで選び、スリープさせる。","【선언】【슬립】: 자신의 덱 카드를 위에서 3장 본다. 그 중에서 카드를 1장 손패에 넣고, 나머지는 원하는 순서로 덱 아래에 둔다.
【번뜩임】(증거에서 리무브될 때 발동한다) 캐릭터를 1장까지 선택하고, 슬립시킨다.",【ヒラメキ】(証拠からリムーブされるときに発動する)キャラを1枚まで選び、スリープさせる。,공식 룰북 p.22 — 대상 절에 自分の/相手の 없음(「キャラを～枚まで選び」는 지정이 없으면 양쪽 현장): …キャラを1枚まで,high
id_0046,寺井黄之助,0,0,ops.0,select,,any,"【相手ターン中】【現場リムーブ時】キャラを1枚まで選び、ターン終了時まで元のLPを0にする。
【ヒラメキ】(証拠からリムーブされるときに発動する)カードを1枚引く。","【상대 턴 중】【현장 리무브 시】 캐릭터를 1장까지 선택하고, 턴 종료 시까지 원래 LP를 0으로 한다.
【히라메키】(증거에서 리무브될 때 발동한다) 카드를 1장 뽑는다.",【相手ターン中】【現場リムーブ時】キャラを1枚まで選び、ターン終了時まで元のLPを0にする。,공식 룰북 p.22 — 대상 절에 自分の/相手の 없음(「キャラを～枚まで選び」는 지정이 없으면 양쪽 현장): …キャラを1枚まで,high
id_0050,トッ,0,0,ops.0,select,,any,【白】のキャラを1枚まで選び、ターン終了時まで【突撃[事件]】を与える。このターン中、次に相手の証拠がリムーブされたとき、スリープ状態のキャラを1枚まで選び、スタンさせる。(スタン状態のキャラをアクティブにする場合、代わりにスリープさせる),"【백】 캐릭터를 1장까지 선택하고, 턴 종료 시까지 【돌격[사건]】을 부여한다. 이 턴 중, 다음에 상대의 증거가 리무브되었을 때, 슬립 상태의 캐릭터를 1장까지 선택하고 스턴시킨다. (스턴 상태의 캐릭터를 액티브로 하는 경우, 대신 슬립시킨다)",【白】のキャラを1枚まで選び、ターン終了時まで【突撃[事件]】を与える。このターン中、次に相手の証拠がリムーブされたとき、スリープ状態のキャラを1枚まで選び、スタンさせる。(スタン状態のキャラをアクティブにする場合、代わりにスリープさせる),공식 룰북 p.22 — 대상 절에 自分の/相手の 없음(「キャラを～枚まで選び」는 지정이 없으면 양쪽 현장): …のキャラを1枚まで,high
id_0050,トッ,0,1,ops.1.ops.0,select,,any,【白】のキャラを1枚まで選び、ターン終了時まで【突撃[事件]】を与える。このターン中、次に相手の証拠がリムーブされたとき、スリープ状態のキャラを1枚まで選び、スタンさせる。(スタン状態のキャラをアクティブにする場合、代わりにスリープさせる),"【백】 캐릭터를 1장까지 선택하고, 턴 종료 시까지 【돌격[사건]】을 부여한다. 이 턴 중, 다음에 상대의 증거가 리무브되었을 때, 슬립 상태의 캐릭터를 1장까지 선택하고 스턴시킨다. (스턴 상태의 캐릭터를 액티브로 하는 경우, 대신 슬립시킨다)",【白】のキャラを1枚まで選び、ターン終了時まで【突撃[事件]】を与える。このターン中、次に相手の証拠がリムーブされたとき、スリープ状態のキャラを1枚まで選び、スタンさせる。(スタン状態のキャラをアクティブにする場合、代わりにスリープさせる),공식 룰북 p.22 — 대상 절에 自分の/相手の 없음(「キャラを～枚まで選び」는 지정이 없으면 양쪽 현장): …スリープ状態のキャラを1枚まで,high
id_0052,赤井秀一,0,0,ops.0,select,,any,"【パートナー】【赤】【ターン①】自分の現場にいるキャラがアクション[事件]したとき、レベル7以下のキャラを1枚まで選び、リムーブする。
【宣言】【ターン①】【赤】のキャラを1枚まで選び、ターン終了時までAP+1000する。","【파트너】【적】【턴①】자신의 현장에 있는 캐릭터가 액션[사건]했을 때, 레벨 7 이하의 캐릭터를 1장까지 선택하여 리무브한다.
【선언】【턴①】【적】 캐릭터를 1장까지 선택하고, 턴 종료 시까지 AP+1000 한다.",【パートナー】【赤】【ターン1】自分の現場にいるキャラがアクション[事件]したとき、レベル7以下のキャラを1枚まで選び、リムーブする。,공식 룰북 p.22 — 대상 절에 自分の/相手の 없음(「キャラを～枚まで選び」는 지정이 없으면 양쪽 현장): …レベル7以下のキャラを1枚まで,high
id_0052,赤井秀一,1,0,ops.0,select,,any,"【パートナー】【赤】【ターン①】自分の現場にいるキャラがアクション[事件]したとき、レベル7以下のキャラを1枚まで選び、リムーブする。
【宣言】【ターン①】【赤】のキャラを1枚まで選び、ターン終了時までAP+1000する。","【파트너】【적】【턴①】자신의 현장에 있는 캐릭터가 액션[사건]했을 때, 레벨 7 이하의 캐릭터를 1장까지 선택하여 리무브한다.
【선언】【턴①】【적】 캐릭터를 1장까지 선택하고, 턴 종료 시까지 AP+1000 한다.",【宣言】【ターン1】【赤】のキャラを1枚まで選び、ターン終了時までAP+1000する。,공식 룰북 p.22 — 대상 절에 自分の/相手の 없음(「キャラを～枚まで選び」는 지정이 없으면 양쪽 현장): …のキャラを1枚まで,high
id_0053,ジョディ・スターリング,0,0,ops.0,select,,any,【宣言】【スリープ】このキャラ以外のキャラを1枚スリープさせる:レベル7以下のキャラを1枚まで選び、リムーブする。,【선언】【슬립】이 캐릭터 이외의 캐릭터를 1장 슬립시킨다: 레벨 7 이하의 캐릭터를 1장까지 선택하여 리무브한다.,【宣言】【スリープ】このキャラ以外のキャラを1枚スリープさせる:レベル7以下のキャラを1枚まで選び、リムーブする。,공식 룰북 p.22 — 대상 절에 自分の/相手の 없음(「キャラを～枚まで選び」는 지정이 없으면 양쪽 현장): …レベル7以下のキャラを1枚まで,high
id_0055,沖矢昴,0,1,ops.1.ops.0,select,,any,"【相手ターン中】【現場リムーブ時】相手に証拠を1つ与えてもよい。そうした場合、レベル5以下のキャラを1枚まで選び、リムーブする。
【ヒラメキ】(証拠からリムーブされるときに発動する)キャラを1枚まで選び、スリープさせる。","【상대 턴 중】【현장 리무브 시】 상대에게 증거를 1개 줘도 된다. 그렇게 한 경우, 레벨 5 이하의 캐릭터를 1장까지 선택하여 리무브한다.
【히라메키】(증거에서 리무브될 때 발동한다) 캐릭터를 1장까지 선택하여 슬립시킨다.",【相手ターン中】【現場リムーブ時】相手に証拠を1つ与えてもよい。そうした場合、レベル5以下のキャラを1枚まで選び、リムーブする。,공식 룰북 p.22 — 대상 절에 自分の/相手の 없음(「キャラを～枚まで選び」는 지정이 없으면 양쪽 현장): …レベル5以下のキャラを1枚まで,high
id_0055,沖矢昴,1,0,ops.0,select,,any,"【相手ターン中】【現場リムーブ時】相手に証拠を1つ与えてもよい。そうした場合、レベル5以下のキャラを1枚まで選び、リムーブする。
【ヒラメキ】(証拠からリムーブされるときに発動する)キャラを1枚まで選び、スリープさせる。","【상대 턴 중】【현장 리무브 시】 상대에게 증거를 1개 줘도 된다. 그렇게 한 경우, 레벨 5 이하의 캐릭터를 1장까지 선택하여 리무브한다.
【히라메키】(증거에서 리무브될 때 발동한다) 캐릭터를 1장까지 선택하여 슬립시킨다.",【ヒラメキ】(証拠からリムーブされるときに発動する)キャラを1枚まで選び、スリープさせる。,공식 룰북 p.22 — 대상 절에 自分の/相手の 없음(「キャラを～枚まで選び」는 지정이 없으면 양쪽 현장): …キャラを1枚まで,high
id_0060,アンドレ・キャメル,1,0,ops.0,select,,any,"相手の現場にいるキャラがこのキャラを指定してアクションしたとき、そのコンタクト中、このキャラをAP＋1000する。
【宣言】【スリープ】：キャラを1枚まで選び、ターン終了時までブレット（このキャラのアクションはガードできない）を与える。
【ヒラメキ】(証拠からリムーブされるときに発動する）カードを1枚引く。","상대의 현장에 있는 캐릭터가 이 캐릭터를 지정해서 액션했을 때, 그 컨택트 중 이 캐릭터는 AP+1000 된다.
【선언】【슬립】: 캐릭터를 1장까지 선택하고, 턴 종료 시까지 블렛(이 캐릭터의 액션은 가드할 수 없다)을 부여한다.
【히라메키】(증거에서 리무브될 때 발동한다) 카드를 1장 뽑는다.",【宣言】【スリープ】:キャラを1枚まで選び、ターン終了時までバレット(このキャラのアクションはガードできない)を与える。,공식 룰북 p.22 — 대상 절에 自分の/相手の 없음(「キャラを～枚まで選び」는 지정이 없으면 양쪽 현장): …キャラを1枚まで,high
id_0067,「赤井…秀一!?」,0,1,ops.1,select,,any,"【パートナー(赤)】相手は手札を1枚ランダムにリムーブする。キャラを1枚まで選び、ターン終了時までブレット(このキャラのアクションはガードできない)を与える。
【ヒラメキ】(証拠からリムーブされるときに発動する)相手は手札を1枚リムーブする。","【파트너(적)】 상대는 손패를 1장 랜덤으로 리무브한다. 캐릭터를 1장까지 선택하고, 턴 종료 시까지 블렛(이 캐릭터의 액션은 가드할 수 없다)을 부여한다.
【히라메키】(증거에서 리무브될 때 발동한다) 상대는 손패를 1장 리무브한다.",【パートナー(赤)】相手は手札を1枚ランダムにリムーブする。キャラを1枚まで選び、ターン終了時までバレット(このキャラのアクションはガードできない)を与える。,공식 룰북 p.22 — 대상 절에 自分の/相手の 없음(「キャラを～枚まで選び」는 지정이 없으면 양쪽 현장): …キャラを1枚まで,high
id_0069,安室透,0,0,ops.0,select,,any,【パートナー(黄)】【ターン①】自分の現場にいるキャラがアクションしたとき、レベル7以下のキャラを1枚まで選び、デッキの上か下に移す。(自分が上か下かを選ぶ),"【파트너(노랑)】【턴①】자신의 현장에 있는 캐릭터가 액션했을 때, 레벨 7 이하의 캐릭터를 1장까지 선택하여 덱의 위나 아래로 옮긴다. (자신이 위인지 아래인지 선택한다)",【パートナー(黄)】【ターン1】自分の現場にいるキャラがアクションしたとき、レベル7以下のキャラを1枚まで選び、デッキの上か下に移す。(自分が上か下かを選ぶ),공식 룰북 p.22 — 대상 절에 自分の/相手の 없음(「キャラを～枚まで選び」는 지정이 없으면 양쪽 현장): …レベル7以下のキャラを1枚まで,high
id_0070,榎本梓,1,0,ops.0,select,,any,"【パートナー】【黄】このキャラはアクションできず、ガードできない。相手の現場にいるキャラはこのキャラを指定してアクションできない。
【登場時】レベル7以下のキャラを1枚まで選び、スリープさせる。このキャラが現場にいるかぎり、選んだキャラはオートフェイズにアクティブにならない。","【파트너】【노랑】이 캐릭터는 액션할 수 없고, 가드할 수 없다. 상대의 현장에 있는 캐릭터는 이 캐릭터를 지정해서 액션할 수 없다.
【등장 시】레벨 7 이하의 캐릭터를 1장까지 선택하고, 슬립시킨다. 이 캐릭터가 현장에 있는 한, 선택한 캐릭터는 오토 페이즈에 액티브가 되지 않는다.",【登場時】レベル7以下のキャラを1枚まで選び、スリープさせる。このキャラが現場にいるかぎり、選んだキャラはオートフェイズにアクティブにならない。,공식 룰북 p.22 — 대상 절에 自分の/相手の 없음(「キャラを～枚まで選び」는 지정이 없으면 양쪽 현장): …レベル7以下のキャラを1枚まで,high
id_0072,降谷零,0,1,ops.1.ops.0,select,,any,自分のターン終了時、捜査1（相手はデッキのカードを上から指定の数だけ公開し、好きな順番でデッキの下に移す）する。レベル5以上のカードが発見された場合、このキャラ以外のレベル6以下のキャラを1枚まで選び、アクティブにする。,"자신의 턴 종료 시, 수사 1을 한다(상대는 덱의 카드를 위에서 지정된 수만큼 공개하고, 원하는 순서로 덱 아래로 옮긴다). 레벨 5 이상의 카드가 발견된 경우, 이 캐릭터 이외의 레벨 6 이하 캐릭터를 1장까지 골라 액티브로 한다.",自分のターン終了時、捜査1(相手はデッキのカードを上から指定の数だけ公開し、好きな順番でデッキの下に移す)する。レベル5以上のカードが発見された場合、このキャラ以外のレベル6以下のキャラを1枚まで選び、アクティブにする。,공식 룰북 p.22 — 대상 절에 自分の/相手の 없음(「キャラを～枚まで選び」는 지정이 없으면 양쪽 현장): …のキャラ以外のレベル6以下のキャラを1枚まで,high
id_0076,黒田兵衛,0,0,ops.0,select,,any,【宣言】【ターン①】【スリープ】手札を1枚リムーブする:このキャラ以外のレベル8以下の【黄】のキャラを1枚まで選び、ターン終了時まで突撃[キャラ](登場したターンからすぐにキャラを指定してアクションできる)を与える。,"【선언】【턴①】【슬리프】손패를 1장 리무브한다: 이 캐릭터 이외의 레벨 8 이하의 【노랑】 캐릭터를 1장까지 선택하고, 턴 종료 시까지 돌격[캐릭터](등장한 턴부터 바로 캐릭터를 지정하여 액션할 수 있다)를 부여한다.",【宣言】【ターン1】【スリープ】手札を1枚リムーブする:このキャラ以外のレベル8以下の【黄】のキャラを1枚まで選び、ターン終了時まで突撃[キャラ](登場したターンからすぐにキャラを指定してアクションできる)を与える。,공식 룰북 p.22 — 대상 절에 自分の/相手の 없음(「キャラを～枚まで選び」는 지정이 없으면 양쪽 현장): …キャラ以外のレベル8以下ののキャラを1枚まで,high
id_0077,佐藤美和子,1,0,ops.0,select,,any,"【相手ターン中】【ターン①】このキャラか自分の現場にいる【黄】のキャラがリムーブされたとき、カードを1枚引く。
【ヒラメキ】(証拠からリムーブされるときに発動する)キャラを1枚まで選び、スリープさせる。","【상대 턴 중】【턴①】이 캐릭터나 자신의 현장에 있는 【노랑】 캐릭터가 리무브되었을 때, 카드를 1장 뽑는다.
【히라메키】(증거에서 리무브될 때 발동한다) 캐릭터를 1장까지 골라 슬리프시킨다.",【ヒラメキ】(証拠からリムーブされるときに発動する)キャラを1枚まで選び、スリープさせる。,공식 룰북 p.22 — 대상 절에 自分の/相手の 없음(「キャラを～枚まで選び」는 지정이 없으면 양쪽 현장): …キャラを1枚まで,high
id_0079,高木渉,1,0,ops.0,select,,any,"【絆】佐藤美和子【自分ターン中】AP+3000
【ヒラメキ】(証拠からリムーブされるときに発動する）キャラを1枚まで選び、スリープさせる。","【인연】사토 미와코 【자신 턴 중】AP+3000
【히라메키】(증거에서 리무브될 때 발동한다) 캐릭터를 1장까지 선택하고, 슬립시킨다.",【ヒラメキ】(証拠からリムーブされるときに発動する)キャラを1枚まで選び、スリープさせる。,공식 룰북 p.22 — 대상 절에 自分の/相手の 없음(「キャラを～枚まで選び」는 지정이 없으면 양쪽 현장): …キャラを1枚まで,high
id_0082,「刑事なら刑事らしく…」,0,1,ops.1,select,,any,"自分のリムーブエリアにある【黄】のキャラを1枚まで選び、手札に加える。レベル7以下のキャラを1枚まで選び、ターン終了時まで突撃［キャラ］(登場したターンからすぐにキャラを指定してアクションできる)を与える。
【ヒラメキ】(証拠からリムーブされるときに発動する)自分のリムーブエリアにある【黄】のキャラを1枚まで選び、手札に加える。","자신의 리무브 에리어에 있는 【노랑】 캐릭터를 1장까지 골라 손패에 추가한다. 레벨 7 이하의 캐릭터를 1장까지 골라 턴 종료 시까지 돌격[캐릭터](등장한 턴부터 바로 캐릭터를 지정하여 액션할 수 있다)을 부여한다.
【히라메키】(증거에서 리무브될 때 발동한다) 자신의 리무브 에리어에 있는 【노랑】 캐릭터를 1장까지 골라 손패에 추가한다.",自分のリムーブエリアにある【黄】のキャラを1枚まで選び、手札に加える。レベル7以下のキャラを1枚まで選び、ターン終了時まで突撃[キャラ](登場したターンからすぐにキャラを指定してアクションできる)を与える。,공식 룰북 p.22 — 대상 절에 自分の/相手の 없음(「キャラを～枚まで選び」는 지정이 없으면 양쪽 현장): …レベル7以下のキャラを1枚まで,high
id_0083,「僕の日本から…」,0,1,ops.1.ops.0,select,,any,【パートナー(黄)】カード名を1つ指定し、捜査1（相手はデッキのカードを上から指定の数だけ公開し、好きな順番でデッキの下に移す）する。指定したカード名のカードが発見された場合、キャラを2枚まで選び、スタンさせる。（スタン状態のキャラをアクティブにする場合、代わりにスリープさせる）,"【파트너(노랑)】카드명을 1개 지정하고 수사 1을 한다(상대는 덱의 카드를 위에서부터 지정한 수만큼 공개하고, 원하는 순서로 덱 아래로 옮긴다). 지정한 카드명의 카드가 발견된 경우, 캐릭터를 2장까지 선택하여 스탠시킨다. (스탠 상태의 캐릭터를 액티브로 하는 경우, 대신 슬립시킨다)",【パートナー(黄)】カード名を1つ指定し、捜査1(相手はデッキのカードを上から指定の数だけ公開し、好きな順番でデッキの下に移す)する。指定したカード名のカードが発見された場合、キャラを2枚まで選び、スタンさせる。(スタン状態のキャラをアクティブにする場合、代わりにスリープさせる),공식 룰북 p.22 — 대상 절에 自分の/相手の 없음(「キャラを～枚まで選び」는 지정이 없으면 양쪽 현장): …キャラを2枚まで,high
id_0093,工藤新一,0,1,ops.1.ops.0,select,,any,【パートナー(青)】【登場時】手札を1枚リムーブしてもよい。そうした場合、AP8000以下のキャラを1枚まで選び、リムーブする。,"【파트너(청)】【등장 시】 손패를 1장 리무브해도 된다. 그렇게 한 경우, AP8000 이하의 캐릭터를 1장까지 선택하여 리무브한다.",【パートナー(青)】【登場時】手札を1枚リムーブしてもよい。そうした場合、AP8000以下のキャラを1枚まで選び、リムーブする。,공식 룰북 p.22 — 대상 절에 自分の/相手の 없음(「キャラを～枚まで選び」는 지정이 없으면 양쪽 현장): …AP8000以下のキャラを1枚まで,high
id_0095,毛利蘭,0,0,ops.0,select,,any,"【宣言】【ターン①】キャラを1枚まで選び、ターン終了時までAP+1000する。
【登場時】キャラを1枚まで選び、ターン終了時までAP+1000する。
【ヒラメキ】(証拠からリムーブされるときに発動する)カードを1枚引く。","【선언】【턴①】캐릭터를 1장까지 선택하고, 턴 종료 시까지 AP+1000 한다.
【등장 시】캐릭터를 1장까지 선택하고, 턴 종료 시까지 AP+1000 한다.
【히라메키】(증거에서 리무브될 때 발동한다) 카드를 1장 뽑는다.",【宣言】【ターン1】キャラを1枚まで選び、ターン終了時までAP+1000する。,공식 룰북 p.22 — 대상 절에 自分の/相手の 없음(「キャラを～枚まで選び」는 지정이 없으면 양쪽 현장): …キャラを1枚まで,high
id_0095,毛利蘭,1,0,ops.0,select,,any,"【宣言】【ターン①】キャラを1枚まで選び、ターン終了時までAP+1000する。
【登場時】キャラを1枚まで選び、ターン終了時までAP+1000する。
【ヒラメキ】(証拠からリムーブされるときに発動する)カードを1枚引く。","【선언】【턴①】캐릭터를 1장까지 선택하고, 턴 종료 시까지 AP+1000 한다.
【등장 시】캐릭터를 1장까지 선택하고, 턴 종료 시까지 AP+1000 한다.
【히라메키】(증거에서 리무브될 때 발동한다) 카드를 1장 뽑는다.",【登場時】キャラを1枚まで選び、ターン終了時までAP+1000する。,공식 룰북 p.22 — 대상 절에 自分の/相手の 없음(「キャラを～枚まで選び」는 지정이 없으면 양쪽 현장): …キャラを1枚まで,high
id_0097,阿笠博士,0,1,ops.1.ops.0,select,,any,【登場時】手札からレベル4以下の特徴［少年探偵団］のキャラを1枚までスリープ状態で登場させてもよい。登場させなかった場合、キャラを1枚まで選び、ターン終了時までAP＋1000する。,"【등장 시】 손패에서 레벨 4 이하의 특징 [소년탐정단]을 가진 캐릭터를 1장까지 슬리프 상태로 등장시켜도 된다. 등장시키지 않은 경우, 캐릭터를 1장까지 선택하고 턴 종료 시까지 AP+1000 한다.",【登場時】手札からレベル4以下の特徴[少年探偵団]のキャラを1枚までスリープ状態で登場させてもよい。登場させなかった場合、キャラを1枚まで選び、ターン終了時までAP+1000する。,공식 룰북 p.22 — 대상 절에 自分の/相手の 없음(「キャラを～枚まで選び」는 지정이 없으면 양쪽 현장): …キャラを1枚まで,high
id_0101,灰原哀,1,0,ops.0,select,,any,"【相手ターン中】【現場リムーブ時】自分のデッキのカードを上から3枚見る。その中からレベル4以下の【青】のキャラを1枚までスリープ状態で登場させ、残りを好きな順番でデッキの下に移す。
【ヒラメキ】(証拠からリムーブされるときに発動する)キャラを1枚まで選び、スリープさせる。","【상대 턴 중】【현장 리무브 시】 자신의 덱 카드를 위에서 3장 본다. 그 중에서 레벨 4 이하의 【청】 캐릭터를 1장까지 슬리프 상태로 登場시키고, 나머지는 원하는 순서로 덱 아래로 옮긴다.
【히라메키】(증거에서 리무브될 때 발동한다) 캐릭터를 1장까지 골라 슬리프시킨다.",【ヒラメキ】(証拠からリムーブされるときに発動する)キャラを1枚まで選び、スリープさせる。,공식 룰북 p.22 — 대상 절에 自分の/相手の 없음(「キャラを～枚まで選び」는 지정이 없으면 양쪽 현장): …キャラを1枚まで,high
id_0103,蘭の一撃,0,0,ops.0,select,,any,【パートナー(青)】(パートナーが条件を満たしている場合、この能力か効果を使える)AP8000以下のキャラを1枚まで選び、リムーブする。,"【파트너(청)】(파트너가 조건을 충족하고 있는 경우, 이 능력이나 효과를 사용할 수 있다) AP8000 이하의 캐릭터를 1장까지 선택하고, 리무브한다.",【パートナー(青)】(パートナーが条件を満たしている場合、この能力か効果を使える)AP8000以下のキャラを1枚まで選び、リムーブする。,공식 룰북 p.22 — 대상 절에 自分の/相手の 없음(「キャラを～枚まで選び」는 지정이 없으면 양쪽 현장): …AP8000以下のキャラを1枚まで,high
id_0105,服部平次,0,1,ops.1.ops.0,select,,any,"【パートナー(緑)】【登場時】手札を1枚リムーブしてもよい。そうした場合、
AP8000以下のキャラを1枚まで選び、リムーブする。","【파트너(초록)】【등장 시】 손패를 1장 리무브해도 된다. 그렇게 한 경우, AP8000 이하의 캐릭터를 1장까지 선택하여 리무브한다.",【パートナー(緑)】【登場時】手札を1枚リムーブしてもよい。そうした場合、AP8000以下のキャラを1枚まで選び、リムーブする。,공식 룰북 p.22 — 대상 절에 自分の/相手の 없음(「キャラを～枚まで選び」는 지정이 없으면 양쪽 현장): …AP8000以下のキャラを1枚まで,high
id_0108,遠山和葉,0,0,ops.0,select,,any,"【ターン①】このキャラかカード名［服部平次］が自分の現場に登場したとき、キャラを1枚まで選び、スリープさせる。
【ヒラメキ】(証拠からリムーブされるときに発動する)キャラを1枚まで選び、スリープさせる。","【턴①】이 캐릭터나 카드명 [핫토리 헤이지]가 자신의 현장에 등장했을 때, 캐릭터를 1장까지 선택하여 슬리프시킨다.
【히라메키】(증거에서 리무브될 때 발동한다) 캐릭터를 1장까지 선택하여 슬리프시킨다.",【ターン1】このキャラかカード名[服部平次]が自分の現場に登場したとき、キャラを1枚まで選び、スリープさせる。,공식 룰북 p.22 — 대상 절에 自分の/相手の 없음(「キャラを～枚まで選び」는 지정이 없으면 양쪽 현장): …キャラを1枚まで,high
id_0108,遠山和葉,0,,ef,onally.ef,,self,"【ターン①】このキャラかカード名［服部平次］が自分の現場に登場したとき、キャラを1枚まで選び、スリープさせる。
【ヒラメキ】(証拠からリムーブされるときに発動する)キャラを1枚まで選び、スリープさせる。","【턴①】이 캐릭터나 카드명 [핫토리 헤이지]가 자신의 현장에 등장했을 때, 캐릭터를 1장까지 선택하여 슬리프시킨다.
【히라메키】(증거에서 리무브될 때 발동한다) 캐릭터를 1장까지 선택하여 슬리프시킨다.",【ターン1】このキャラかカード名[服部平次]が自分の現場に登場したとき、キャラを1枚まで選び、スリープさせる。,"ally 계열 트리거 + 원문 ""自分の現場にいる…"" (아군 대상)",high
id_0108,遠山和葉,1,0,ops.0,select,,any,"【ターン①】このキャラかカード名［服部平次］が自分の現場に登場したとき、キャラを1枚まで選び、スリープさせる。
【ヒラメキ】(証拠からリムーブされるときに発動する)キャラを1枚まで選び、スリープさせる。","【턴①】이 캐릭터나 카드명 [핫토리 헤이지]가 자신의 현장에 등장했을 때, 캐릭터를 1장까지 선택하여 슬리프시킨다.
【히라메키】(증거에서 리무브될 때 발동한다) 캐릭터를 1장까지 선택하여 슬리프시킨다.",【ヒラメキ】(証拠からリムーブされるときに発動する)キャラを1枚まで選び、スリープさせる。,공식 룰북 p.22 — 대상 절에 自分の/相手の 없음(「キャラを～枚まで選び」는 지정이 없으면 양쪽 현장): …キャラを1枚まで,high
id_0115,服部静華,0,0,ops.0,select,,any,【宣言】【ターン①】手札を1枚リムーブする:このキャラ以外のレベル6以下の【緑】のキャラを1枚まで選び、ターン終了時まで突撃(登場したターンからすぐにアクションできる)を与える。この能力は相手の現場にスリープ状態かスタン状態のキャラが合わせて2枚以上いる場合に宣言できる。,"【선언】【턴①】 손패를 1장 리무브한다: 이 캐릭터 이외의 레벨 6 이하의 【녹색】 캐릭터를 1장까지 선택하고, 턴 종료 시까지 돌격(등장한 턴부터 바로 액션할 수 있다)을 부여한다. 이 능력은 상대의 현장에 슬립 상태나 스턴 상태인 캐릭터가 합쳐서 2장 이상 있는 경우에 선언할 수 있다.",【宣言】【ターン①】手札を1枚リムーブする:このキャラ以外のレベル6以下の【緑】のキャラを1枚まで選び、ターン終了時まで突撃(登場したターンからすぐにアクションできる)を与える。この能力は相手の現場にスリープ状態かスタン状態のキャラが合わせて2枚以上いる場合に宣言できる。,공식 룰북 p.22 — 대상 절에 自分の/相手の 없음(「キャラを～枚まで選び」는 지정이 없으면 양쪽 현장): …キャラ以外のレベル6以下ののキャラを1枚まで,high
id_0117,平次の洞察力,0,0,ops.0,select,,any,【パートナー(緑)】(パートナーが条件を満たしている場合、この能力か効果を使える)AP8000以下のキャラを1枚まで選び、リムーブする。,"【파트너(초록)】(파트너가 조건을 만족하고 있는 경우, 이 능력이나 효과를 사용할 수 있다) AP8000 이하의 캐릭터를 1장까지 선택하고, 리무브한다.",【パートナー(緑)】(パートナーが条件を満たしている場合、この能力か効果を使える)AP8000以下のキャラを1枚まで選び、リムーブする。,공식 룰북 p.22 — 대상 절에 自分の/相手の 없음(「キャラを～枚まで選び」는 지정이 없으면 양쪽 현장): …AP8000以下のキャラを1枚まで,high
id_0119,怪盗キッド,0,1,ops.1.ops.0,select,,any,【パートナー(白)】【登場時】手札を1枚リムーブしてもよい。そうした場合、キャラを1枚まで選び、スタンさせ、自分は証拠を1つ得る。(スタン状態のキャラをアクティブにする場合、代わりにスリープさせる),"【파트너(백)】【등장 시】 손패를 1장 리무브해도 된다. 그렇게 한 경우, 캐릭터를 1장까지 선택하여 스턴시키고, 자신은 증거를 1개 얻는다. (스턴 상태의 캐릭터를 액티브로 하는 경우, 대신 슬립시킨다)",【パートナー(白)】【登場時】手札を1枚リムーブしてもよい。そうした場合、キャラを1枚まで選び、スタンさせ、自分は証拠を1つ得る。(スタン状態のキャラをアクティブにする場合、代わりにスリープさせる),공식 룰북 p.22 — 대상 절에 自分の/相手の 없음(「キャラを～枚まで選び」는 지정이 없으면 양쪽 현장): …キャラを1枚まで,high
id_0121,怪盗キッド,0,0,ops.0,select,,any,"【相手ターン中】【現場リムーブ時】レベル5以下のスリープ状態のキャラを1枚まで選び、スタンさせる。(スタン状態のキャラをアクティブにする場合、代わりにスリープさせる)
【ヒラメキ】(証拠からリムーブされるときに発動する)カードを1枚引く。","【상대 턴 중】【현장 리무브 시】 레벨 5 이하의 슬리프 상태인 캐릭터를 1장까지 선택하여 스턴시킨다. (스턴 상태의 캐릭터를 액티브로 하는 경우, 대신 슬리프시킨다)
【히라메키】(증거에서 리무브될 때 발동한다) 카드를 1장 뽑는다.",【相手ターン中】【現場リムーブ時】レベル5以下のスリープ状態のキャラを1枚まで選び、スタンさせる。(スタン状態のキャラをアクティブにする場合、代わりにスリープさせる),공식 룰북 p.22 — 대상 절에 自分の/相手の 없음(「キャラを～枚まで選び」는 지정이 없으면 양쪽 현장): …レベル5以下のスリープ状態のキャラを1枚まで,high
id_0129,鈴木次郎吉,1,0,ops.0,select,,any,"【相手ターン中】【現場リムーブ時】カードを1枚引く。
【ヒラメキ】(証拠からリムーブされるときに発動する)キャラを1枚まで選び、スリープさせる。","【상대 턴 중】【현장 리무브 시】카드를 1장 뽑는다.
【히라메키】(증거에서 리무브될 때 발동한다) 캐릭터를 1장까지 선택하고, 슬리프시킨다.",【ヒラメキ】(証拠からリムーブされるときに発動する)キャラを1枚まで選び、スリープさせる。,공식 룰북 p.22 — 대상 절에 自分の/相手の 없음(「キャラを～枚まで選び」는 지정이 없으면 양쪽 현장): …キャラを1枚まで,high
id_0131,「April・foolってね…」,0,0,ops.0,select,,any,【パートナー(白)】(パートナーが条件を満たしている場合、この能力か効果を使える)AP8000以下のキャラを1枚まで選び、リムーブする。,"【파트너(백)】(파트너가 조건을 충족하고 있는 경우, 이 능력이나 효과를 사용할 수 있다) AP8000 이하의 캐릭터를 1장까지 선택하여 리무브한다.",【パートナー(白)】(パートナーが条件を満たしている場合、この能力か効果を使える)AP8000以下のキャラを1枚まで選び、リムーブする。,공식 룰북 p.22 — 대상 절에 自分の/相手の 없음(「キャラを～枚まで選び」는 지정이 없으면 양쪽 현장): …AP8000以下のキャラを1枚まで,high
id_0133,赤井秀一,0,1,ops.1.ops.0,select,,any,【パートナー(赤)】【登場時】手札を1枚リムーブしてもよい。そうした場合、AP8000以下のキャラを1枚まで選び、リムーブする。,"【파트너(적)】【등장 시】 손패를 1장 리무브해도 좋다. 그렇게 한 경우, AP8000 이하의 캐릭터를 1장까지 골라 리무브한다.",【パートナー(赤)】【登場時】手札を1枚リムーブしてもよい。そうした場合、AP8000以下のキャラを1枚まで選び、リムーブする。,공식 룰북 p.22 — 대상 절에 自分の/相手の 없음(「キャラを～枚まで選び」는 지정이 없으면 양쪽 현장): …AP8000以下のキャラを1枚まで,high
id_0141,ジョディ・スターリング,1,0,ops.0,select,,any,"【相手ターン中】【現場リムーブ時】相手は手札を1枚リムーブする。
【ヒラメキ】(証拠からリムーブされるときに発動する)キャラを1枚まで選び、スリープさせる。","【상대 턴 중】【현장 리무브 시】 상대는 손패를 1장 리무브한다.
【히라메키】(증거에서 리무브될 때 발동한다) 캐릭터를 1장까지 골라 슬리프시킨다.",【ヒラメキ】(証拠からリムーブされるときに発動する)キャラを1枚まで選び、スリープさせる。,공식 룰북 p.22 — 대상 절에 自分の/相手の 없음(「キャラを～枚まで選び」는 지정이 없으면 양쪽 현장): …キャラを1枚まで,high
id_0145,赤井の射撃,0,0,ops.0,select,,any,【パートナー(赤)】(パートナーが条件を満たしている場合、この能力か効果を使える)AP8000以下のキャラを1枚まで選び、リムーブする。,"【파트너(적)】(파트너가 조건을 충족하고 있는 경우, 이 능력이나 효과를 사용할 수 있다) AP8000 이하의 캐릭터를 1장까지 선택하여 리무브한다.",【パートナー(赤)】(パートナーが条件を満たしている場合、この能力か効果を使える)AP8000以下のキャラを1枚まで選び、リムーブする。,공식 룰북 p.22 — 대상 절에 自分の/相手の 없음(「キャラを～枚まで選び」는 지정이 없으면 양쪽 현장): …AP8000以下のキャラを1枚まで,high
id_0147,降谷零,0,1,ops.1.ops.0,select,,any,【パートナー(黄)】【登場時】手札を1枚リムーブしてもよい。そうした場合、AP8000以下のキャラを1枚まで選び、リムーブする。,"【파트너(노랑)】【등장 시】 손패를 1장 리무브해도 된다. 그렇게 했을 경우, AP8000 이하의 캐릭터를 1장까지 골라 리무브한다.",【パートナー(黄)】【登場時】手札を1枚リムーブしてもよい。そうした場合、AP8000以下のキャラを1枚まで選び、リムーブする。,공식 룰북 p.22 — 대상 절에 自分の/相手の 없음(「キャラを～枚まで選び」는 지정이 없으면 양쪽 현장): …AP8000以下のキャラを1枚まで,high
id_0152,松田陣平,1,0,ops.0,select,,any,"【相手ターン中】【現場リムーブ時】自分のデッキのカードを上から3枚見る。その中からレベル4以下の【黄】のキャラを1枚までスリープ状態で登場させ、残りを好きな順番でデッキの下に移す。
【ヒラメキ】(証拠からリムーブされるときに発動する)キャラを1枚まで選び、スリープさせる。","【상대 턴 중】【현장 리무브 시】 자신의 덱 위에서 3장을 본다. 그 중에서 레벨 4 이하의 【노랑】 캐릭터를 1장까지 슬리프 상태로 등장시키고, 나머지를 원하는 순서로 덱 아래로 옮긴다.
【히라메키】(증거에서 리무브될 때 발동한다) 캐릭터를 1장까지 선택하여 슬리프시킨다.",【ヒラメキ】(証拠からリムーブされるときに発動する)キャラを1枚まで選び、スリープさせる。,공식 룰북 p.22 — 대상 절에 自分の/相手の 없음(「キャラを～枚まで選び」는 지정이 없으면 양쪽 현장): …キャラを1枚まで,high
id_0159,安室の一撃,0,0,ops.0,select,,any,【パートナー(黄)】(パートナーが条件を満たしている場合、この能力か効果を使える)AP8000以下のキャラを1枚まで選び、リムーブする。,"【파트너(노랑)】(파트너가 조건을 충족하고 있는 경우, 이 능력이나 효과를 사용할 수 있다) AP 8000 이하의 캐릭터를 1장까지 선택하고, 리무브한다.",【パートナー(黄)】(パートナーが条件を満たしている場合、この能力か効果を使える)AP8000以下のキャラを1枚まで選び、リムーブする。,공식 룰북 p.22 — 대상 절에 自分の/相手の 없음(「キャラを～枚まで選び」는 지정이 없으면 양쪽 현장): …AP8000以下のキャラを1枚まで,high
id_0170,怪盗キッド,1,0,ops.0,select,,any,"【変装】【事件(白)】【FILE5】(コンタクト中のキャラと入れ替わって手札から出る。入れ替わったキャラはデッキの下に移す)
【ヒラメキ】(証拠からリムーブされるときに発動する)キャラを1枚まで選び、スリープさせる。","【변장】【사건(백)】【FILE5】(컨택트 중인 캐릭터와 교체되어 손패에서 나온다. 교체된 캐릭터는 덱 아래로 옮긴다)
【히라메키】(증거에서 리무브될 때 발동한다) 캐릭터를 1장까지 선택하고, 슬립시킨다.",【ヒラメキ】(証拠からリムーブされるときに発動する)キャラを1枚まで選び、スリープさせる。,공식 룰북 p.22 — 대상 절에 自分の/相手の 없음(「キャラを～枚まで選び」는 지정이 없으면 양쪽 현장): …キャラを1枚まで,high
id_0171,白馬探,0,1,ops.1.ops.0,select,,any,【登場時】自分のデッキのカードを上から4枚公開する。公開したカードに【緑】と【白】のカードがそれぞれ1枚以上ある場合、スリープ状態のキャラを1枚まで選び、スタンさせる。(スタン状態のキャラをアクティブにする場合、代わりにスリープさせる)公開したカードをシャッフルしてデッキの下に移す。,"【등장 시】자신의 덱 카드를 위에서 4장 공개한다. 공개한 카드에 【녹】과 【백】 카드가 각각 1장 이상 있는 경우, 슬리프 상태의 캐릭터를 1장까지 골라 스턴시킨다. (스턴 상태의 캐릭터를 액티브로 하는 경우, 대신 슬리프시킨다) 공개한 카드를 셔플하여 덱 아래로 옮긴다.",【登場時】自分のデッキのカードを上から4枚公開する。公開したカードに【緑】と【白】のカードがそれぞれ1枚以上ある場合、スリープ状態のキャラを1枚まで選び、スタンさせる。(スタン状態のキャラをアクティブにする場合、代わりにスリープさせる)公開したカードをシャッフルしてデッキの下に移す。,공식 룰북 p.22 — 대상 절에 自分の/相手の 없음(「キャラを～枚まで選び」는 지정이 없으면 양쪽 현장): …スリープ状態のキャラを1枚まで,high
id_0172,レッドヘリング,0,1,ops.1.ops.0,select,,any,自分の現場にいるキャラを1枚スリープさせてもよい。そうした場合、レベル7以下のキャラを1枚まで選び、リムーブする。,"자신의 현장에 있는 캐릭터를 1장 슬리프시켜도 된다. 그렇게 한 경우, 레벨 7 이하의 캐릭터를 1장까지 선택하여 리무브한다.",自分の現場にいるキャラを1枚スリープさせてもよい。そうした場合、レベル7以下のキャラを1枚まで選び、リムーブする。,공식 룰북 p.22 — 대상 절에 自分の/相手の 없음(「キャラを～枚まで選び」는 지정이 없으면 양쪽 현장): …レベル7以下のキャラを1枚まで,high
id_0175,工藤新一,0,0,ops.0,select,,any,"【パートナー】【青】【登場時】レベル7以下のキャラを1枚まで選び、デッキの下に移す。
【宣言】【ターン①】カード名［毛利蘭］のキャラを1枚まで選び、ターン終了時までLP＋1する。","【파트너】【청】【등장 시】레벨 7 이하의 캐릭터를 1장까지 선택하고, 덱 아래로 이동한다.
【선언】【턴①】카드명 [모리 란]의 캐릭터를 1장까지 선택하고, 턴 종료 시까지 LP+1 한다.",【パートナー】【青】【登場時】レベル7以下のキャラを1枚まで選び、デッキの下に移す。,공식 룰북 p.22 — 대상 절에 自分の/相手の 없음(「キャラを～枚まで選び」는 지정이 없으면 양쪽 현장): …レベル7以下のキャラを1枚まで,high
id_0175,工藤新一,1,0,ops.0,select,,any,"【パートナー】【青】【登場時】レベル7以下のキャラを1枚まで選び、デッキの下に移す。
【宣言】【ターン①】カード名［毛利蘭］のキャラを1枚まで選び、ターン終了時までLP＋1する。","【파트너】【청】【등장 시】레벨 7 이하의 캐릭터를 1장까지 선택하고, 덱 아래로 이동한다.
【선언】【턴①】카드명 [모리 란]의 캐릭터를 1장까지 선택하고, 턴 종료 시까지 LP+1 한다.",【宣言】【ターン1】カード名[毛利蘭]のキャラを1枚まで選び、ターン終了時までLP+1する。,공식 룰북 p.22 — 대상 절에 自分の/相手の 없음(「キャラを～枚まで選び」는 지정이 없으면 양쪽 현장): …カード名[毛利蘭]のキャラを1枚まで,high
id_0180,阿笠博士,0,0,ops.0,select,,any,"【ターン①】特徴［少年探偵団］のキャラが自分の現場に登場したとき、キャラを1枚まで選び、ターン終了時までAP－1000する。
【ヒラメキ】(証拠からリムーブされるときに発動する)自分のリムーブエリアにある特徴［少年探偵団］のキャラを1枚まで選び、手札に加える。","【턴①】특징 [소년탐정단]의 캐릭터가 자신의 현장에 등장했을 때, 캐릭터를 1장까지 선택하고 턴 종료 시까지 AP-1000 한다.
【히라메키】(증거에서 리무브될 때 발동한다) 자신의 리무브 에어리어에 있는 특징 [소년탐정단]의 캐릭터를 1장까지 선택하여 손패에 추가한다.",【ターン①】特徴［少年探偵団］のキャラが自分の現場に登場したとき、キャラを1枚まで選び、ターン終了時までAP－1000する。,공식 룰북 p.22 — 대상 절에 自分の/相手の 없음(「キャラを～枚まで選び」는 지정이 없으면 양쪽 현장): …キャラを1枚まで,high
id_0180,阿笠博士,0,,ef,onally.ef,,self,"【ターン①】特徴［少年探偵団］のキャラが自分の現場に登場したとき、キャラを1枚まで選び、ターン終了時までAP－1000する。
【ヒラメキ】(証拠からリムーブされるときに発動する)自分のリムーブエリアにある特徴［少年探偵団］のキャラを1枚まで選び、手札に加える。","【턴①】특징 [소년탐정단]의 캐릭터가 자신의 현장에 등장했을 때, 캐릭터를 1장까지 선택하고 턴 종료 시까지 AP-1000 한다.
【히라메키】(증거에서 리무브될 때 발동한다) 자신의 리무브 에어리어에 있는 특징 [소년탐정단]의 캐릭터를 1장까지 선택하여 손패에 추가한다.",【ターン①】特徴［少年探偵団］のキャラが自分の現場に登場したとき、キャラを1枚まで選び、ターン終了時までAP－1000する。,"ally 계열 트리거 + 원문 ""自分の現場にいる…"" (아군 대상)",high
id_0181,小林澄子,0,0,ops.0,select,,any,"【登場時】特徴［少年探偵団］のキャラを1枚まで選び、ターン終了時までAP＋1000する。
【ヒラメキ】(証拠からリムーブされるときに発動する)自分のリムーブエリアにある特徴［少年探偵団］のキャラを1枚まで選び、手札に加える。","【등장 시】특징 [소년탐정단]의 캐릭터를 1장까지 선택하고, 턴 종료 시까지 AP+1000 한다.
【히라메키】(증거에서 리무브될 때 발동한다) 자신의 리무브 에리어에 있는 특징 [소년탐정단]의 캐릭터를 1장까지 선택하고, 손패에 추가한다.",【登場時】特徴[少年探偵団]のキャラを1枚まで選び、ターン終了時までAP+1000する。,공식 룰북 p.22 — 대상 절에 自分の/相手の 없음(「キャラを～枚まで選び」는 지정이 없으면 양쪽 현장): …特徴[少年探偵団]のキャラを1枚まで,high
id_0182,灰原哀,0,0,ops.0,select,,any,"【宣言】【ターン①】【青】以外の色を持つキャラを1枚まで選び、ターン終了時までAP+2000する。
【ヒラメキ】(証拠からリムーブされるときに発動する)カードを1枚引く。","【선언】【턴①】【청】 이외의 색을 가진 캐릭터를 1장까지 선택하고, 턴 종료 시까지 AP+2000 한다.
【히라메키】(증거에서 리무브될 때 발동한다) 카드를 1장 뽑는다.",【宣言】【ターン1】【青】以外の色を持つキャラを1枚まで選び、ターン終了時までAP+2000する。,공식 룰북 p.22 — 대상 절에 自分の/相手の 없음(「キャラを～枚まで選び」는 지정이 없으면 양쪽 현장): …以外の色を持つキャラを1枚まで,high
id_0189,伊織無我,1,0,ops.0,select,,any,"【登場時】自分のデッキのカードを上から5枚見る。その中から【緑】のイベントを1枚まで公開して手札に加え、残りをシャッフルしてデッキの下に移す。
自分のターン終了時、カードがセットされているキャラを1枚まで選び、アクティブにする。","【등장 시】 자신의 덱 카드를 위에서 5장 본다. 그 중에서 【녹】 이벤트를 1장까지 공개하여 손패에 더하고, 나머지는 섞어서 덱 아래로 옮긴다.
자신의 턴 종료 시, 카드가 세트되어 있는 캐릭터를 1장까지 선택하고 액티브로 한다.",自分のターン終了時、カードがセットされているキャラを1枚まで選び、アクティブにする。,공식 룰북 p.22 — 원문 대상 절에 自分の/相手の 없음(양쪽 현장 선택 가능): 「カードがセットされているキャラを1枚まで選び、アクティブにする」,high
id_0191,沖田総司,1,0,ops.0,select,,any,"【宣言】【ターン①】相手の現場にいるキャラを5枚まで選び、ターン終了時までAP−1000する。
【ヒラメキ】(証拠からリムーブされるときに発動する)キャラを1枚まで選び、スリープさせる。","【선언】【턴①】 상대의 현장에 있는 캐릭터를 5장까지 선택하고, 턴 종료 시까지 AP −1000 한다.
【히라메키】(증거에서 리무브될 때 발동한다) 캐릭터를 1장까지 선택하고, 슬리프시킨다.",【ヒラメキ】(証拠からリムーブされるときに発動する)キャラを1枚まで選び、スリープさせる。,공식 룰북 p.22 — 대상 절에 自分の/相手の 없음(「キャラを～枚まで選び」는 지정이 없으면 양쪽 현장): …キャラを1枚まで,high
id_0193,遠山和葉,1,0,ops.0,select,,any,"【登場時】自分の現場にいるキャラを1枚まで選び、自分のデッキのカードを上から1枚裏向きでセットする。
【宣言】【ターン①】現場にいるキャラに裏向きでセットされているカードを1枚リムーブする：キャラを1枚まで選び、スリープさせる。
【ヒラメキ】(証拠からリムーブされるときに発動する)キャラを1枚まで選び、スリープさせる。","【등장 시】 자신의 현장에 있는 캐릭터를 1장까지 선택하고, 자신의 덱 위에서 1장을 뒷면으로 세트한다.
【선언】【턴①】 현장에 있는 캐릭터에 뒷면으로 세트되어 있는 카드를 1장 리무브한다: 캐릭터를 1장까지 선택하고, 슬립시킨다.
【히라메키】 (증거에서 리무브될 때 발동한다) 캐릭터를 1장까지 선택하고, 슬립시킨다.",【宣言】【ターン1】現場にいるキャラに裏向きでセットされているカードを1枚リムーブする:キャラを1枚まで選び、スリープさせる。,공식 룰북 p.22 — 대상 절에 自分の/相手の 없음(「キャラを～枚まで選び」는 지정이 없으면 양쪽 현장): …キャラを1枚まで,high
id_0193,遠山和葉,2,0,ops.0,select,,any,"【登場時】自分の現場にいるキャラを1枚まで選び、自分のデッキのカードを上から1枚裏向きでセットする。
【宣言】【ターン①】現場にいるキャラに裏向きでセットされているカードを1枚リムーブする：キャラを1枚まで選び、スリープさせる。
【ヒラメキ】(証拠からリムーブされるときに発動する)キャラを1枚まで選び、スリープさせる。","【등장 시】 자신의 현장에 있는 캐릭터를 1장까지 선택하고, 자신의 덱 위에서 1장을 뒷면으로 세트한다.
【선언】【턴①】 현장에 있는 캐릭터에 뒷면으로 세트되어 있는 카드를 1장 리무브한다: 캐릭터를 1장까지 선택하고, 슬립시킨다.
【히라메키】 (증거에서 리무브될 때 발동한다) 캐릭터를 1장까지 선택하고, 슬립시킨다.",【ヒラメキ】(証拠からリムーブされるときに発動する)キャラを1枚まで選び、スリープさせる。,공식 룰북 p.22 — 대상 절에 自分の/相手の 없음(「キャラを～枚まで選び」는 지정이 없으면 양쪽 현장): …キャラを1枚まで,high
id_0203,死力を尽くして,0,1,ops.1.ops.0,select,,any,自分の現場にいるキャラにセットされているカードを合わせて2枚リムーブしてもよい。そうした場合、キャラを1枚まで選び、リムーブする。,"자신의 현장에 있는 캐릭터에 세트되어 있는 카드를 합쳐서 2장 리무브해도 된다. 그렇게 한 경우, 캐릭터를 1장까지 골라 리무브한다.",自分の現場にいるキャラにセットされているカードを合わせて2枚リムーブしてもよい。そうした場合、キャラを1枚まで選び、リムーブする。,공식 룰북 p.22 — 대상 절에 自分の/相手の 없음(「キャラを～枚まで選び」는 지정이 없으면 양쪽 현장): …キャラを1枚まで,high
id_0206,工藤優作,0,1,ops.1.ops.0,select,,any,"【絆】黒羽盗一【宣言】【ターン①】【スリープ】:キャラにセットされているカードを1枚選び、持ち主はそのカードを表向きで証拠として得る。そうした場合、キャラを1枚まで選び、リムーブする。
【パートナー(白)】【登場時】カードを2枚引き、手札を2枚リムーブする。","【絆】쿠로바 도이치【선언】【턴①】【슬리프】: 캐릭터에 세트되어 있는 카드를 1장 선택하고, 그 카드의 소유자는 그 카드를 앞면으로 증거로 얻는다. 그렇게 한 경우, 캐릭터를 1장까지 선택해 리무브한다.
【파트너(백)】【등장 시】카드를 2장 뽑고, 손패를 2장 리무브한다.",【絆】黒羽盗一【宣言】【ターン1】【スリープ】:キャラにセットされているカードを1枚選び、持ち主はそのカードを表向きで証拠として得る。そうした場合、キャラを1枚まで選び、リムーブする。,공식 룰북 p.22 — 대상 절에 自分の/相手の 없음(「キャラを～枚まで選び」는 지정이 없으면 양쪽 현장): …キャラを1枚まで,high
id_0207,黒羽盗一,0,0,ops.0,select,,any,"【パートナー】【白】【登場時】レベル7以下のキャラを1枚まで選び、リムーブする。
【宣言】【ターン①】自分の現場にいるこのキャラ以外の【白】のキャラを1枚まで選び、自分のデッキのカードを上から1枚裏向きでセットし、ターン終了時までAP+2000する。","【파트너】【백】【등장 시】레벨 7 이하의 캐릭터를 1장까지 선택하고 리무브한다.
【선언】【턴①】자신의 현장에 있는 이 캐릭터 이외의 【백】 캐릭터를 1장까지 선택하고, 자신의 덱 카드를 위에서 1장 뒷면으로 세트하며, 턴 종료 시까지 AP+2000 한다.",【パートナー】【白】【登場時】レベル7以下のキャラを1枚まで選び、リムーブする。,공식 룰북 p.22 — 대상 절에 自分の/相手の 없음(「キャラを～枚まで選び」는 지정이 없으면 양쪽 현장): …レベル7以下のキャラを1枚まで,high
id_0208,怪盗キッド,0,0,ops.0,select,,any,"【パートナー(白)】【登場時】【変装時】キャラを1枚まで選び、スリープさせる。
【変装】【事件(白)】【FILE6】(コンタクト中のキャラと入れ替わって手札から出る。入れ替わったキャラはデッキの下に移す)","【파트너(백)】【등장 시】【변장 시】 캐릭터를 1장까지 선택하여 슬립시킨다.
【변장】【사건(백)】【FILE6】(컨택트 중인 캐릭터와 교체되어 손패에서 등장한다. 교체된 캐릭터는 덱 아래로 옮긴다)",【パートナー(白)】【登場時】キャラを1枚まで選び、スリープさせる。,공식 룰북 p.22 — 대상 절에 自分の/相手の 없음(「キャラを～枚まで選び」는 지정이 없으면 양쪽 현장): …キャラを1枚まで,high
id_0208,怪盗キッド,1,0,ops.0,select,,any,"【パートナー(白)】【登場時】【変装時】キャラを1枚まで選び、スリープさせる。
【変装】【事件(白)】【FILE6】(コンタクト中のキャラと入れ替わって手札から出る。入れ替わったキャラはデッキの下に移す)","【파트너(백)】【등장 시】【변장 시】 캐릭터를 1장까지 선택하여 슬립시킨다.
【변장】【사건(백)】【FILE6】(컨택트 중인 캐릭터와 교체되어 손패에서 등장한다. 교체된 캐릭터는 덱 아래로 옮긴다)",【パートナー(白)】【変装時】キャラを1枚まで選び、スリープさせる。,공식 룰북 p.22 — 대상 절에 自分の/相手の 없음(「キャラを～枚まで選び」는 지정이 없으면 양쪽 현장): …キャラを1枚まで,high
id_0211,怪盗キッド,0,0,ops.0,select,,any,"【変装時】キャラを1枚まで選び、ターン終了時までAP−2000する。
【変装】【事件(白)】【FILE4】(コンタクト中のキャラと入れ替わって手札から出る。入れ替わったキャラはデッキの下に移す)
【ヒラメキ】(証拠からリムーブされるときに発動する)キャラを1枚まで選び、スリープさせる。","【변장 시】캐릭터를 1장까지 선택하고, 턴 종료 시까지 AP −2000 한다.
【변장】【사건(백)】【FILE4】(콘택트 중인 캐릭터와 교체되어 손패에서 나온다. 교체된 캐릭터는 덱 아래로 옮긴다)
【히라메키】(증거에서 리무브될 때 발동한다) 캐릭터를 1장까지 선택하고, 슬리프시킨다.",【変装時】キャラを1枚まで選び、ターン終了時までAP-2000する。,공식 룰북 p.22 — 대상 절에 自分の/相手の 없음(「キャラを～枚まで選び」는 지정이 없으면 양쪽 현장): …キャラを1枚まで,high
id_0211,怪盗キッド,2,0,ops.0,select,,any,"【変装時】キャラを1枚まで選び、ターン終了時までAP−2000する。
【変装】【事件(白)】【FILE4】(コンタクト中のキャラと入れ替わって手札から出る。入れ替わったキャラはデッキの下に移す)
【ヒラメキ】(証拠からリムーブされるときに発動する)キャラを1枚まで選び、スリープさせる。","【변장 시】캐릭터를 1장까지 선택하고, 턴 종료 시까지 AP −2000 한다.
【변장】【사건(백)】【FILE4】(콘택트 중인 캐릭터와 교체되어 손패에서 나온다. 교체된 캐릭터는 덱 아래로 옮긴다)
【히라메키】(증거에서 리무브될 때 발동한다) 캐릭터를 1장까지 선택하고, 슬리프시킨다.",【ヒラメキ】(証拠からリムーブされるときに発動する)キャラを1枚まで選び、スリープさせる。,공식 룰북 p.22 — 대상 절에 自分の/相手の 없음(「キャラを～枚まで選び」는 지정이 없으면 양쪽 현장): …キャラを1枚まで,high
id_0217,トランプ銃,1,1,g.ops.1.ops.0,select,,any,"このイベントを自分の現場にいる特徴[怪盗]のキャラ1枚にセットする。
このイベントがセットされているキャラは「自分のターン終了時、自分のデッキのカードを上から3枚リムーブしてもよい。そうした場合、キャラを1枚まで選び、スタンさせる。」を持つ。
【相手ターン中】【ターン①】キャラにセットされているこのイベントがリムーブエリアに置かれるとき、代わりに自分の現場にいる特徴[怪盗]のキャラ1枚にセットしてもよい。","이 이벤트를 자신의 현장에 있는 특징 [괴도]의 캐릭터 1장에게 세트한다.
이 이벤트가 세트되어 있는 캐릭터는 ""자신의 턴 종료 시, 자신의 덱 카드를 위에서부터 3장 리무브해도 된다. 그렇게 한 경우, 캐릭터를 1장까지 골라 스턴시킨다.""를 가진다.
【상대 턴 중】【턴①】 캐릭터에게 세트되어 있는 이 이벤트가 리무브 에리어에 놓일 때, 대신 자신의 현장에 있는 특징 [괴도]의 캐릭터 1장에게 세트해도 된다.",自分のターン終了時、自分のデッキのカードを上から3枚リムーブしてもよい。そうした場合、キャラを1枚まで選び、スタンさせる。。,공식 룰북 p.22 — 대상 절에 自分の/相手の 없음(「キャラを～枚まで選び」는 지정이 없으면 양쪽 현장): …キャラを1枚まで,high
id_0220,沖矢昴,0,0,ops.0,select,,any,"【パートナー】【赤】自分のターン終了時、このキャラがスリープ状態かスタン状態の場合、AP8000以下のキャラを1枚まで選び、リムーブする。
【宣言】【ターン①】【スリープ】:自分の現場にいるレベル7以下の【赤】のキャラを1枚まで選び、ターン終了時までブレットか突撃[事件]を与える。","【파트너】【적】 자신의 턴 종료 시, 이 캐릭터가 슬립 상태이거나 스턴 상태인 경우, AP8000 이하의 캐릭터를 1장까지 선택하고 리무브한다.
【선언】【턴①】【슬립】: 자신의 현장에 있는 레벨 7 이하의 【적】 캐릭터를 1장까지 선택하고, 턴 종료 시까지 블렛 또는 돌격[사건]을 부여한다.",【パートナー】【赤】自分のターン終了時、このキャラがスリープ状態かスタン状態の場合、AP8000以下のキャラを1枚まで選び、リムーブする。,공식 룰북 p.22 — 대상 절에 自分の/相手の 없음(「キャラを～枚まで選び」는 지정이 없으면 양쪽 현장): …AP8000以下のキャラを1枚まで,high
id_0223,ジョディ・スターリング,1,0,ops.0,select,,any,"ミスリード１（相手の推理に対し、スリープさせることでLP－１する）
【登場時】キャラを１枚まで選び、ターン終了時までAP－1000する。","미스리드 1 (상대의 추리에 대해, 슬립시키는 것으로 LP-1 한다)
【등장 시】 캐릭터를 1장까지 선택하고, 턴 종료 시까지 AP-1000 한다.",【登場時】キャラを1枚まで選び、ターン終了時までAP-1000する。,공식 룰북 p.22 — 대상 절에 自分の/相手の 없음(「キャラを～枚まで選び」는 지정이 없으면 양쪽 현장): …キャラを1枚まで,high
id_0224,世良真純,0,1,ops.1.ops.0,select,,any,"【登場時】相手に証拠を1つ与えてもよい。そうした場合、このキャラ以外の【赤】のキャラを1枚まで選び、ターン終了時まで突撃[事件](登場したターンからすぐに事件を指定してアクションできる)を与える。
【ヒラメキ】(証拠からリムーブされるときに発動する)カードを1枚引く。","【등장 시】상대에게 증거를 1개 줘도 좋다. 그렇게 한 경우, 이 캐릭터 이외의 【적】 캐릭터를 1장까지 골라, 턴 종료 시까지 돌격[사건](등장한 턴부터 바로 사건을 지정하여 액션할 수 있다)을 부여한다.
【번뜩임】(증거에서 리무브될 때 발동한다) 카드를 1장 뽑는다.",【登場時】相手に証拠を1つ与えてもよい。そうした場合、このキャラ以外の【赤】のキャラを1枚まで選び、ターン終了時まで突撃[事件](登場したターンからすぐに事件を指定してアクションできる)を与える。,공식 룰북 p.22 — 대상 절에 自分の/相手の 없음(「キャラを～枚まで選び」는 지정이 없으면 양쪽 현장): …このキャラ以外ののキャラを1枚まで,high
id_0233,降谷零,0,1,ops.1,select,,any,【宣言】【ターン①】【スリープ】:捜査X(相手はデッキのカードを上から指定の数だけ公開し、好きな順番でデッキの下に移す)する。Xは自分の現場にいる特徴[警察]のキャラの数に等しい。発見されたカードのレベルの合計以下のレベルのキャラを1枚まで選び、リムーブする。,"【선언】【턴①】【슬리프】: 수사 X(상대는 덱의 카드를 위에서 지정된 수만큼 공개하고, 원하는 순서로 덱 아래로 옮긴다)를 한다. X는 자신의 현장에 있는 특징 [경찰] 캐릭터의 수와 같다. 발견된 카드의 레벨 합계 이하의 레벨인 캐릭터를 1장까지 골라 리무브한다.",【宣言】【ターン1】【スリープ】:捜査X(相手はデッキのカードを上から指定の数だけ公開し、好きな順番でデッキの下に移す)する。Xは自分の現場にいる特徴[警察]のキャラの数に等しい。発見されたカードのレベルの合計以下のレベルのキャラを1枚まで選び、リムーブする。,공식 룰북 p.22 — 대상 절에 自分の/相手の 없음(「キャラを～枚まで選び」는 지정이 없으면 양쪽 현장): …のレベルの合計以下のレベルのキャラを1枚まで,high
id_0234,上原由衣,0,0,ops.0,select,,any,"【宣言】【スリープ】リムーブエリアに移す:特徴[長野県警]のキャラを1枚まで選び、ターン終了時まで迅速(登場したターンからすぐに推理かアクションできる)を与える。
【ヒラメキ】(証拠からリムーブされるときに発動する)カードを1枚引く。","【선언】【슬립】리무브 에리어로 옮긴다: 특징 [나가노현경]의 캐릭터를 1장까지 골라, 턴 종료 시까지 신속(등장한 턴부터 바로 추리나 액션을 할 수 있다)을 부여한다.
【번뜩임】(증거에서 리무브될 때 발동한다) 카드를 1장 뽑는다.",【宣言】【スリープ】リムーブエリアに移す:特徴[長野県警]のキャラを1枚まで選び、ターン終了時まで迅速(登場したターンからすぐに推理かアクションできる)を与える。,공식 룰북 p.22 — 대상 절에 自分の/相手の 없음(「キャラを～枚まで選び」는 지정이 없으면 양쪽 현장): …特徴[長野県警]のキャラを1枚まで,high
id_0237,大和敢助,1,0,ops.0,select,,any,"【登場時】自分のリムーブエリアにある特徴［長野県警］のキャラを1枚選び、デッキの下に移してもよい。そうした場合、カードを1枚引く。
【ヒラメキ】(証拠からリムーブされるときに発動する）キャラを1枚まで選び、スリープさせる。","【등장 시】 자신의 리무브 에리어에 있는 특징 [나가노 현경]의 캐릭터를 1장 골라 덱 아래로 옮겨도 된다. 그렇게 한 경우, 카드를 1장 뽑는다.
【히라메키】(증거에서 리무브될 때 발동한다) 캐릭터를 1장까지 골라 슬리프시킨다.",【ヒラメキ】(証拠からリムーブされるときに発動する)キャラを1枚まで選び、スリープさせる。,공식 룰북 p.22 — 대상 절에 自分の/相手の 없음(「キャラを～枚まで選び」는 지정이 없으면 양쪽 현장): …キャラを1枚まで,high
id_0240,千葉和伸,0,,ef,onallycontact.ef,,self,"【自分ターン中】【ターン①】自分の現場にいる特徴［警察］のキャラがコンタクトしたとき、カードを1枚引き、手札を1枚リムーブする。
【ヒラメキ】(証拠からリムーブされるときに発動する) カードを1枚引く。","【자신 턴 중】【턴①】자신의 현장에 있는 특징 [경찰] 캐릭터가 컨택트했을 때, 카드를 1장 뽑고 손패를 1장 리무브한다.
【히라메키】(증거에서 리무브될 때 발동한다) 카드를 1장 뽑는다.",【自分ターン中】【ターン1】自分の現場にいる特徴[警察]のキャラがコンタクトしたとき、カードを1枚引き、手札を1枚リムーブする。,"ally 계열 트리거 + 원문 ""自分の現場にいる…"" (아군 대상)",high
id_0244,「いや、もうオトリはなしだ…」,0,1,ops.1.ops.0,select,,any,【パートナー(黄)】相手の現場にいるスタン状態のキャラ1枚につき、カードを1枚引く。カードを1枚も引かなかった場合、キャラを1枚まで選び、スタンさせる。(スタン状態のキャラをアクティブにする場合、代わりにスリープさせる),"【파트너(황)】 상대의 현장에 있는 스턴 상태의 캐릭터 1장당 카드를 1장 뽑는다. 카드를 1장도 뽑지 않았다면, 캐릭터를 1장까지 선택하여 스턴시킨다. (스턴 상태의 캐릭터를 액티브로 하는 경우, 대신 슬립시킨다)",【パートナー(黄)】相手の現場にいるスタン状態のキャラ1枚につき、カードを1枚引く。カードを1枚も引かなかった場合、キャラを1枚まで選び、スタンさせる。(スタン状態のキャラをアクティブにする場合、代わりにスリープさせる),공식 룰북 p.22 — 대상 절에 自分の/相手の 없음(「キャラを～枚まで選び」는 지정이 없으면 양쪽 현장): …キャラを1枚まで,high
id_0245,安室の愛車,0,1,ops.1.ops.0,select,,any,"このイベントを自分の現場にいるレベル6以上のキャラ1枚にセットする。セットした場合、レベル6以下のキャラを1枚まで選び、リムーブする。
【相手ターン中】キャラにセットされていたこのイベントがリムーブエリアに置かれたとき、自分のリムーブエリアにあるレベル5以下の特徴[警察]のキャラを1枚まで選び、手札に加える。","이 이벤트를 자신의 현장에 있는 레벨 6 이상의 캐릭터 1장에게 세트한다. 세트한 경우, 레벨 6 이하의 캐릭터를 1장까지 골라 리무브한다.
【상대 턴 중】 캐릭터에 세트되어 있던 이 이벤트가 리무브 에리어에 놓였을 때, 자신의 리무브 에리어에 있는 레벨 5 이하의 특징 [경찰] 캐릭터를 1장까지 골라 손패에 추가한다.",このイベントを自分の現場にいるレベル6以上のキャラ1枚にセットする。セットした場合、レベル6以下のキャラを1枚まで選び、リムーブする。,공식 룰북 p.22 — 대상 절에 自分の/相手の 없음(「キャラを～枚まで選び」는 지정이 없으면 양쪽 현장): …レベル6以下のキャラを1枚まで,high
id_0247,ベルモット,1,0,ops.0,select,,any,"【変装時】相手は手札を1枚リムーブしてもよい。そうしなかった場合、このキャラはこのコンタクトによってリムーブされない。
【登場時】このキャラ以外のキャラを1枚まで選び、ターン終了時までAP＋2000し、ブレットを与える。
【変装】【FILE⑤】(コンタクト中のキャラと入れ替わって手札から出る。入れ替わったキャラはデッキの下に移す)","【변장 시】상대는 손패를 1장 리무브해도 된다. 그러지 않았을 경우, 이 캐릭터는 이번 콘택트로 인해 리무브되지 않는다.
【등장 시】이 캐릭터 이외의 캐릭터를 1장까지 선택하고, 턴 종료 시까지 AP+2000 하며 불렛을 부여한다.
【변장】【FILE⑤】(콘택트 중인 캐릭터와 교체되어 손패에서 등장한다. 교체된 캐릭터는 덱 아래로 이동시킨다)",【登場時】このキャラ以外のキャラを1枚まで選び、ターン終了時までAP+2000し、バレットを与える。,공식 룰북 p.22 — 대상 절에 自分の/相手の 없음(「キャラを～枚まで選び」는 지정이 없으면 양쪽 현장): …このキャラ以外のキャラを1枚まで,high
id_0256,白鳥任三郎,0,0,ops.0,select,,any,"【ターン①】相手が【カットイン】か【変装】を使用したとき、コンタクト中のキャラを1枚まで選び、このコンタクト中、AP－1000する。
【ヒラメキ】(証拠からリムーブされるときに発動する) カードを1枚引く。","【턴①】 상대가 【컷인】이나 【변장】을 사용했을 때, 컨택트 중인 캐릭터를 1장까지 선택하고, 이 컨택트 중 AP-1000 한다.
【힌트(ヒラメキ)】(증거에서 리무브될 때 발동한다) 카드를 1장 뽑는다.",【ターン1】相手が【カットイン】か【変装】を使用したとき、コンタクト中のキャラを1枚まで選び、このコンタクト中、AP-1000する。,"대상이 コンタクト中/アクション中 의 카드로 참조 지정됨(원문 ""そのキャラ"") — 소유자는 참조가 정함",high
id_0261,AIHARA,0,0,ops.0.ops.0,select,,any,"【宣言】【ターン①】【スリープ】デッキのカードを上から3枚リムーブする:この
【宣言】能力のコストによってカード名[阿笠博士]か特徴[少年探偵団]のキャラがリムーブされた場合、レベル8以下のキャラを1枚まで選び、デッキの下に移す。","【선언】【턴①】【슬립】덱의 카드를 위에서 3장 리무브한다: 이 【선언】 능력의 코스트로 인해 카드명 [아가사 박사] 또는 특징 [소년탐정단]의 캐릭터가 리무브된 경우, 레벨 8 이하의 캐릭터를 1장까지 선택하여 덱의 밑으로 옮긴다.",【宣言】【ターン1】【スリープ】デッキのカードを上から3枚リムーブする:この【宣言】能力のコストによってカード名[阿笠博士]か特徴[少年探偵団]のキャラがリムーブされた場合、レベル8以下のキャラを1枚まで選び、デッキの下に移す。,공식 룰북 p.22 — 대상 절에 自分の/相手の 없음(「キャラを～枚まで選び」는 지정이 없으면 양쪽 현장): …レベル8以下のキャラを1枚まで,high
id_0263,工藤新一,0,0,ops.0,select,,any,"【パートナー(青)】【宣言】【スリープ】:レベル6以下のカード名[毛利蘭]のキャラを1枚まで選び、ターン終了時まで突撃(登場したターンからすぐにアクションできる)を与える。
【ヒラメキ】(証拠からリムーブされるときに発動する)自分のリムーブエリアにあるカード名[江戸川コナン]を1枚まで選び、手札に加える。","【파트너(청)】【선언】【슬립】: 레벨 6 이하의 카드명 [모리 란] 캐릭터를 1장까지 선택하고, 턴 종료 시까지 돌격(등장한 턴부터 바로 액션할 수 있다)을 부여한다.
【번뜩임】(증거에서 리무브될 때 발동한다) 자신의 리무브 에어리어에 있는 카드명 [에도가와 코난]을 1장까지 선택하고, 손패에 추가한다.",【パートナー(青)】【宣言】【スリープ】:レベル6以下のカード名[毛利蘭]のキャラを1枚まで選び、ターン終了時まで突撃(登場したターンからすぐにアクションできる)を与える。,공식 룰북 p.22 — 대상 절에 自分の/相手の 없음(「キャラを～枚まで選び」는 지정이 없으면 양쪽 현장): …6以下のカード名[毛利蘭]のキャラを1枚まで,high
id_0268,小嶋元太,0,0,ops.0,select,,any,"【宣言】【スリープ】：レベル6以下のキャラを1枚まで選び、スリープさせる。
【カットイン】AP+1000（コンタクト中に手札からリムーブして使う）","【선언】【슬리프】: 레벨 6 이하의 캐릭터를 1장까지 선택하고, 슬리프시킨다.
【컷인】AP+1000 (컨택트 중에 손패에서 리무브하여 사용한다)",【宣言】【スリープ】:レベル6以下のキャラを1枚まで選び、スリープさせる。,공식 룰북 p.22 — 대상 절에 自分の/相手の 없음(「キャラを～枚まで選び」는 지정이 없으면 양쪽 현장): …レベル6以下のキャラを1枚まで,high
id_0269,ゴロ,0,0,ops.0,select,,any,【宣言】デッキの下に移す：LP0の【青】のキャラを1枚まで選び、ターン終了時までLP+1する。,"【선언】덱 아래로 이동: LP가 0인 【파랑】 캐릭터를 1장까지 선택하고, 턴 종료 시까지 LP+1을 한다.",【宣言】デッキの下に移す:LP0の【青】のキャラを1枚まで選び、ターン終了時までLP+1する。,공식 룰북 p.22 — 대상 절에 自分の/相手の 없음(「キャラを～枚まで選び」는 지정이 없으면 양쪽 현장): …LP0ののキャラを1枚まで,high
id_0271,大尉,0,0,ops.0,select,,any,【相手ターン中】【現場リムーブ時】キャラを1枚まで選び、ターン終了時までAP−2000する。,"【상대 턴 중】【현장 리무브 시】 캐릭터를 1장까지 선택하고, 턴 종료 시까지 AP−2000 한다.",【相手ターン中】【現場リムーブ時】キャラを1枚まで選び、ターン終了時までAP-2000する。,공식 룰북 p.22 — 대상 절에 自分の/相手の 없음(「キャラを～枚まで選び」는 지정이 없으면 양쪽 현장): …キャラを1枚まで,high
id_0273,津川秀治,0,0,ops.0,select,,any,"【カットイン】AP5000以下のキャラを1枚まで選び、スリープさせる。
(コンタクト中に手札からリムーブして使う)
【ヒラメキ】(証拠からリムーブされるときに発動する)AP5000以下のキャラを1枚まで選び、スリープさせる。","【컷인】AP5000 이하의 캐릭터를 1장까지 선택하여 슬립시킨다.
(콘택트 중에 손패에서 리무브하여 사용한다)
【번뜩임】(증거에서 리무브될 때 발동한다) AP5000 이하의 캐릭터를 1장까지 선택하여 슬립시킨다.",【カットイン】AP5000以下のキャラを1枚まで選び、スリープさせる。,공식 룰북 p.22 — 대상 절에 自分の/相手の 없음(「キャラを～枚まで選び」는 지정이 없으면 양쪽 현장): …AP5000以下のキャラを1枚まで,high
id_0273,津川秀治,1,0,ops.0,select,,any,"【カットイン】AP5000以下のキャラを1枚まで選び、スリープさせる。
(コンタクト中に手札からリムーブして使う)
【ヒラメキ】(証拠からリムーブされるときに発動する)AP5000以下のキャラを1枚まで選び、スリープさせる。","【컷인】AP5000 이하의 캐릭터를 1장까지 선택하여 슬립시킨다.
(콘택트 중에 손패에서 리무브하여 사용한다)
【번뜩임】(증거에서 리무브될 때 발동한다) AP5000 이하의 캐릭터를 1장까지 선택하여 슬립시킨다.",【ヒラメキ】(証拠からリムーブされるときに発動する)AP5000以下のキャラを1枚まで選び、スリープさせる。,공식 룰북 p.22 — 대상 절에 自分の/相手の 없음(「キャラを～枚まで選び」는 지정이 없으면 양쪽 현장): …AP5000以下のキャラを1枚まで,high
id_0275,東尾マリア,0,0,ops.0,select,,any,【カットイン】【相手ターン中】(相手のターンのコンタクト中に手札からリムーブすることで発動する)特徴[少年探偵団]のキャラを1枚まで選び、アクティブにする。,【컷인】【상대 턴 중】(상대 턴의 컨택트 중에 손패에서 리무브함으로써 발동한다) 특징 [소년탐정단]의 캐릭터를 1장까지 골라 액티브로 한다.,【カットイン】【相手ターン中】(相手のターンのコンタクト中に手札からリムーブすることで発動する)特徴[少年探偵団]のキャラを1枚まで選び、アクティブにする。,공식 룰북 p.22 — 대상 절에 自分の/相手の 없음(「キャラを～枚まで選び」는 지정이 없으면 양쪽 현장): …特徴[少年探偵団]のキャラを1枚まで,high
id_0276,比護隆佑,1,0,ops.0,select,,any,"【相手ターン中】【現場リムーブ時】自分のデッキのカードを上から5枚見る。その中からイベントを1枚まで公開して手札に加え、残りをシャッフルしてデッキの下に移す。
【ヒラメキ】(証拠からリムーブされるときに発動する)キャラを1枚まで選び、スリープさせる。","【상대 턴 중】【현장 리무브 시】 자신의 덱 카드를 위에서 5장 본다. 그중에서 이벤트를 1장까지 공개하고 손패에 추가하며, 나머지는 섞어서 덱 아래로 옮긴다.
【ヒラメキ】(증거에서 리무브될 때 발동한다) 캐릭터를 1장까지 선택하여 슬리프시킨다.",【ヒラメキ】(証拠からリムーブされるときに発動する)キャラを1枚まで選び、スリープさせる。,공식 룰북 p.22 — 대상 절에 自分の/相手の 없음(「キャラを～枚まで選び」는 지정이 없으면 양쪽 현장): …キャラを1枚まで,high
id_0281,脇田兼則,0,,sf,ontrig.sf,,self,"【自分ターン中】【ターン①】特徴［毛利探偵事務所］のキャラが自分の現場に登場したとき、相手はデッキのカードを上から1枚公開する。(その後、元に戻す)
【ヒラメキ】(証拠からリムーブされるときに発動する) カードを1枚引く。","【자신 턴 중】【턴①】특징 [모리 탐정 사무소]의 캐릭터가 자신의 현장에 登場했을 때, 상대는 덱의 카드를 위에서 1장 공개한다. (그 후 원래대로 되돌린다)
【ヒラメキ】(증거에서 리무브될 때 발동한다) 카드를 1장 뽑는다.",【自分ターン中】【ターン1】特徴[毛利探偵事務所]のキャラが自分の現場に登場したとき、相手はデッキのカードを上から1枚公開する。(その後、元に戻す),트리거의 who=self(원문이 정한 행동 주체)와 동일한 쪽,high
id_0285,服部平次,1,1,ops.1.ops.0,select,,any,"【登場時】自分のデッキのカードを上から【緑】のイベントが出るまで1枚ずつ公開し、それを手札に加える。残りの公開したカードをデッキの下に移し、デッキをシャッフルする。
【自分ターン中】【ターン①】自分が【緑】のイベントを使用したとき、手札を1枚リムーブしてもよい。(イベントを解決してからリムーブする)そうした場合、レベル7以下のキャラを1枚まで選び、リムーブする。","【등장 시】자신의 덱 카드를 위에서부터 【녹색】 이벤트가 나올 때까지 1장씩 공개하고, 그것을 손패에 넣는다. 남은 공개한 카드는 덱 아래로 옮기고, 덱을 셔플한다.
【자신 턴 중】【턴①】자신이 【녹색】 이벤트를 사용했을 때, 손패를 1장 리무브해도 된다. (이벤트를 해결한 후에 리무브한다) 그렇게 한 경우, 레벨 7 이하의 캐릭터를 1장까지 골라 리무브한다.",【自分ターン中】【ターン1】自分が【緑】のイベントを使用したとき、手札を1枚リムーブしてもよい。(イベントを解決してからリムーブする)そうした場合、レベル7以下のキャラを1枚まで選び、リムーブする。,공식 룰북 p.22 — 대상 절에 自分の/相手の 없음(「キャラを～枚まで選び」는 지정이 없으면 양쪽 현장): …レベル7以下のキャラを1枚まで,high
id_0285,服部平次,1,,sf,ontrig.sf,,self,"【登場時】自分のデッキのカードを上から【緑】のイベントが出るまで1枚ずつ公開し、それを手札に加える。残りの公開したカードをデッキの下に移し、デッキをシャッフルする。
【自分ターン中】【ターン①】自分が【緑】のイベントを使用したとき、手札を1枚リムーブしてもよい。(イベントを解決してからリムーブする)そうした場合、レベル7以下のキャラを1枚まで選び、リムーブする。","【등장 시】자신의 덱 카드를 위에서부터 【녹색】 이벤트가 나올 때까지 1장씩 공개하고, 그것을 손패에 넣는다. 남은 공개한 카드는 덱 아래로 옮기고, 덱을 셔플한다.
【자신 턴 중】【턴①】자신이 【녹색】 이벤트를 사용했을 때, 손패를 1장 리무브해도 된다. (이벤트를 해결한 후에 리무브한다) 그렇게 한 경우, 레벨 7 이하의 캐릭터를 1장까지 골라 리무브한다.",【自分ターン中】【ターン1】自分が【緑】のイベントを使用したとき、手札を1枚リムーブしてもよい。(イベントを解決してからリムーブする)そうした場合、レベル7以下のキャラを1枚まで選び、リムーブする。,트리거의 who=self(원문이 정한 행동 주체)와 동일한 쪽,high
id_0293,越水七槻,1,0,ops.0,select,,any,"【登場時】自分のデッキのカードを上から4枚見る。その中から特徴[探偵]のキャラを1枚まで公開して手札に加え、残りを好きな順番でデッキの下に移す。
【宣言】【ターン①】【スリープ】手札から特徴[探偵]のキャラを1枚リムーブする:
このキャラ以外のレベル7以下のキャラを1枚まで選び、リムーブする。このキャラを現場からデッキの下に移す。","【등장 시】자신의 덱 카드를 위에서 4장 본다. 그중에서 특징 [탐정] 캐릭터를 1장까지 공개하여 손패에 더하고, 나머지는 원하는 순서로 덱 아래로 이동한다.
【선언】【턴①】【슬립】손패에서 특징 [탐정] 캐릭터를 1장 리무브한다:
이 캐릭터 이외의 레벨 7 이하 캐릭터를 1장까지 선택하여 리무브한다. 이 캐릭터를 현장에서 덱 아래로 이동한다.",【宣言】【ターン1】【スリープ】手札から特徴[探偵]のキャラを1枚リムーブする:このキャラ以外のレベル7以下のキャラを1枚まで選び、リムーブする。このキャラを現場からデッキの下に移す。,공식 룰북 p.22 — 대상 절에 自分の/相手の 없음(「キャラを～枚まで選び」는 지정이 없으면 양쪽 현장): …のキャラ以外のレベル7以下のキャラを1枚まで,high
id_0295,時津潤哉,1,0,ops.0,select,,any,"【自分ターン中】【ターン①】自分の現場にいるLP1以上のキャラが推理したとき、カードを1枚引いてもよい。そうした場合、この推理によって自分は証拠を得ない。
【ヒラメキ】(証拠からリムーブされるときに発動する)キャラを1枚まで選び、スリープさせる。","【자신 턴 중】【턴①】자신의 현장에 있는 LP1 이상의 캐릭터가 추리했을 때, 카드를 1장 뽑아도 된다. 그렇게 한 경우, 이 추리로 인해 자신은 증거를 얻지 못한다.
【히라메키】(증거에서 리무브될 때 발동한다) 캐릭터를 1장까지 선택하고, 슬리프시킨다.",【ヒラメキ】(証拠からリムーブされるときに発動する)キャラを1枚まで選び、スリープさせる。,공식 룰북 p.22 — 대상 절에 自分の/相手の 없음(「キャラを～枚まで選び」는 지정이 없으면 양쪽 현장): …キャラを1枚まで,high
id_0301,怪盗キッド,1,0,ops.0,select,,any,"【パートナー】(白)相手の現場にいるスタン状態のキャラはオートフェイズにアクティブにならない。(アクティブ状態かスリープ状態にならないかぎり、スタン状態は解除されない)
【登場時】キャラを1枚まで選び、スタンさせる。(スタン状態のキャラをアクティブにする場合、代わりにスリープさせる)","【파트너】(백) 상대의 현장에 있는 스턴 상태의 캐릭터는 오토 페이즈에 액티브가 되지 않는다. (액티브 상태나 슬립 상태가 되지 않는 한, 스턴 상태는 해제되지 않는다)
【등장 시】 캐릭터를 1장까지 선택하여 스턴시킨다. (스턴 상태의 캐릭터를 액티브로 하는 경우, 대신 슬립시킨다)",【登場時】キャラを1枚まで選び、スタンさせる。(スタン状態のキャラをアクティブにする場合、代わりにスリープさせる),공식 룰북 p.22 — 대상 절에 自分の/相手の 없음(「キャラを～枚まで選び」는 지정이 없으면 양쪽 현장): …キャラを1枚まで,high
id_0303,工藤優作,0,0,ops.0,select,,any,"【宣言】デッキの下に移す:レベル7以下のキャラを1枚まで選び、スタンさせる。
(スタン状態のキャラをアクティブにする場合、代わりにスリープさせる)","【선언】덱 아래로 이동: 레벨 7 이하의 캐릭터를 1장까지 선택하여 스턴시킨다.
(스턴 상태의 캐릭터를 액티브로 하는 경우, 대신 슬리프시킨다)",【宣言】デッキの下に移す:レベル7以下のキャラを1枚まで選び、スタンさせる。,공식 룰북 p.22 — 대상 절에 自分の/相手の 없음(「キャラを～枚まで選び」는 지정이 없으면 양쪽 현장): …レベル7以下のキャラを1枚まで,high
id_0307,シャロン・ヴィンヤード,0,0,ops.0,select,,any,"カード名［ベルモット］が【変装】によってこのキャラと入れ替わったとき、キャラを1枚まで選び、スリープさせる。
【ヒラメキ】(証拠からリムーブされるときに発動する）カードを1枚引く。","카드명 [베르모트]가 【변장】으로 이 캐릭터와 교체되었을 때, 캐릭터를 1장까지 선택하여 슬리프시킨다.
【번뜩임】(증거에서 리무브될 때 발동한다) 카드를 1장 뽑는다.",カード名[ベルモット]が【変装】によってこのキャラと入れ替わったとき、キャラを1枚まで選び、スリープさせる。,공식 룰북 p.22 — 대상 절에 自分の/相手の 없음(「キャラを～枚まで選び」는 지정이 없으면 양쪽 현장): …キャラを1枚まで,high
id_0307,シャロン・ヴィンヤード,0,,sf,ontrig.sf,,self,"カード名［ベルモット］が【変装】によってこのキャラと入れ替わったとき、キャラを1枚まで選び、スリープさせる。
【ヒラメキ】(証拠からリムーブされるときに発動する）カードを1枚引く。","카드명 [베르모트]가 【변장】으로 이 캐릭터와 교체되었을 때, 캐릭터를 1장까지 선택하여 슬리프시킨다.
【번뜩임】(증거에서 리무브될 때 발동한다) 카드를 1장 뽑는다.",カード名[ベルモット]が【変装】によってこのキャラと入れ替わったとき、キャラを1枚まで選び、スリープさせる。,트리거의 who=self(원문이 정한 행동 주체)와 동일한 쪽,high
id_0309,鈴木園子,1,0,ops.0,select,,any,"自分の現場にレベル6以上のカード名[江戸川コナン]がいる場合、このキャラをLP+1する。
【絆】京極真【宣言】【ターン①】手札を1枚リムーブする：スリープ状態のキャラを1枚まで選び、スタンさせる。(スタン状態のキャラをアクティブにする場合、代わりにスリープさせる)","자신의 현장에 레벨 6 이상의 카드명 [에도가와 코난]이 있는 경우, 이 캐릭터를 LP+1 한다.
【인연】쿄고쿠 마코토 【선언】【턴①】 손패를 1장 리무브한다: 슬립 상태의 캐릭터를 1장까지 선택하여 스턴시킨다. (스턴 상태의 캐릭터를 액티브로 하는 경우, 대신 슬립시킨다)",【絆】京極真【宣言】【ターン1】手札を1枚リムーブする:スリープ状態のキャラを1枚まで選び、スタンさせる。(スタン状態のキャラをアクティブにする場合、代わりにスリープさせる),공식 룰북 p.22 — 대상 절에 自分の/相手の 없음(「キャラを～枚まで選び」는 지정이 없으면 양쪽 현장): …スリープ状態のキャラを1枚まで,high
id_0310,瀬戸瑞紀,0,0,ops.0,select,,any,"【宣言】【スリープ】リムーブエリアに移す:レベル5以上のキャラを1枚まで選び、
スリープさせる。",【선언】【슬립】리무브 에리어로 옮긴다: 레벨 5 이상의 캐릭터를 1장까지 선택하여 슬립시킨다.,【宣言】【スリープ】リムーブエリアに移す:レベル5以上のキャラを1枚まで選び、スリープさせる。,공식 룰북 p.22 — 대상 절에 自分の/相手の 없음(「キャラを～枚まで選び」는 지정이 없으면 양쪽 현장): …レベル5以上のキャラを1枚まで,high
id_0314,土井塔克樹,0,0,ops.0,select,,any,"【宣言】【ターン①】リムーブエリアにある【白】のキャラを1枚デッキの下に移す:キャラを1枚まで選び、ターン終了時までAP+1000する。
【ヒラメキ】(証拠からリムーブされるときに発動する)自分のリムーブエリアにあるカード名[怪盗キッド]を1枚まで選び、手札に加える。","【선언】【턴①】리무브 에리어에 있는 【백】 캐릭터를 1장 덱 아래로 옮긴다: 캐릭터를 1장까지 선택하고, 턴 종료 시까지 AP+1000 한다.
【번뜩임】(증거에서 리무브될 때 발동한다) 자신의 리무브 에리어에 있는 카드명 [괴도 키드]를 1장까지 선택하여 손패에 추가한다.",【宣言】【ターン1】リムーブエリアにある【白】のキャラを1枚デッキの下に移す:キャラを1枚まで選び、ターン終了時までAP+1000する。,공식 룰북 p.22 — 대상 절에 自分の/相手の 없음(「キャラを～枚まで選び」는 지정이 없으면 양쪽 현장): …キャラを1枚まで,high
id_0315,茂木遥史,0,0,ops.0,select,,any,"【宣言】【スリープ】このキャラ以外の特徴[探偵]のキャラを1枚スリープさせる:
レベル7以下のキャラを1枚まで選び、スタンさせる。(スタン状態のキャラをアクティブにする場合、代わりにスリープさせる)
【ヒラメキ】(証拠からリムーブされるときに発動する)キャラを1枚まで選び、スリープさせる。","【선언】【슬립】이 캐릭터 이외의 특징[탐정] 캐릭터를 1장 슬립시킨다: 레벨 7 이하의 캐릭터를 1장까지 선택하고, 스턴시킨다. (스턴 상태의 캐릭터를 액티브로 하는 경우, 대신 슬립시킨다)
【번뜩임】(증거에서 리무브될 때 발동한다) 캐릭터를 1장까지 선택하고, 슬립시킨다.",【宣言】【スリープ】このキャラ以外の特徴[探偵]のキャラを1枚スリープさせる:レベル7以下のキャラを1枚まで選び、スタンさせる。(スタン状態のキャラをアクティブにする場合、代わりにスリープさせる),공식 룰북 p.22 — 대상 절에 自分の/相手の 없음(「キャラを～枚まで選び」는 지정이 없으면 양쪽 현장): …レベル7以下のキャラを1枚まで,high
id_0315,茂木遥史,1,0,ops.0,select,,any,"【宣言】【スリープ】このキャラ以外の特徴[探偵]のキャラを1枚スリープさせる:
レベル7以下のキャラを1枚まで選び、スタンさせる。(スタン状態のキャラをアクティブにする場合、代わりにスリープさせる)
【ヒラメキ】(証拠からリムーブされるときに発動する)キャラを1枚まで選び、スリープさせる。","【선언】【슬립】이 캐릭터 이외의 특징[탐정] 캐릭터를 1장 슬립시킨다: 레벨 7 이하의 캐릭터를 1장까지 선택하고, 스턴시킨다. (스턴 상태의 캐릭터를 액티브로 하는 경우, 대신 슬립시킨다)
【번뜩임】(증거에서 리무브될 때 발동한다) 캐릭터를 1장까지 선택하고, 슬립시킨다.",【ヒラメキ】(証拠からリムーブされるときに発動する)キャラを1枚まで選び、スリープさせる。,공식 룰북 p.22 — 대상 절에 自分の/相手の 없음(「キャラを～枚まで選び」는 지정이 없으면 양쪽 현장): …キャラを1枚まで,high
id_0318,死闘,1,0,ops.0,select,,any,"自分の現場にいる特徴［空手家］のキャラと同じ数まで相手の現場にいるキャラを選び、スリープさせる。自分の現場にいる特徴［空手家］のすべてのキャラをターン終了時までAP＋1000する。
【ヒラメキ】(証拠からリムーブされるときに発動する)キャラを1枚まで選び、スリープさせる。","자신의 현장에 있는 특징 [공수도가]의 캐릭터와 같은 수까지 상대의 현장에 있는 캐릭터를 골라 슬리프시킨다. 자신의 현장에 있는 특징 [공수도가]의 모든 캐릭터는 턴 종료 시까지 AP+1000 한다.
【히라메키】(증거에서 리무브될 때 발동한다) 캐릭터를 1장까지 골라 슬리프시킨다.",【ヒラメキ】(証拠からリムーブされるときに発動する)キャラを1枚まで選び、スリープさせる。,공식 룰북 p.22 — 대상 절에 自分の/相手の 없음(「キャラを～枚まで選び」는 지정이 없으면 양쪽 현장): …キャラを1枚まで,high
id_0320,赤井秀一,1,1,ops.1.ops.0,select,,any,"【パートナー】【赤】突撃［事件］(登場したターンからすぐに事件を指定してアクションできる)
【登場時】相手に証拠を1つ与えてもよい。そうした場合、レベル7以下のキャラを1枚まで選び、リムーブする。","【파트너】【적】돌격［사건］(등장한 턴부터 바로 사건을 지정하여 액션할 수 있다)
【등장 시】상대에게 증거를 1개 줘도 된다. 그렇게 한 경우, 레벨 7 이하의 캐릭터를 1장까지 선택하여 리무브한다.",【登場時】相手に証拠を1つ与えてもよい。そうした場合、レベル7以下のキャラを1枚まで選び、リムーブする。,공식 룰북 p.22 — 대상 절에 自分の/相手の 없음(「キャラを～枚まで選び」는 지정이 없으면 양쪽 현장): …レベル7以下のキャラを1枚まで,high
id_0333,レイチェル・浅香,1,0,ops.0,select,,any,"【相手ターン中】【現場リムーブ時】自分のデッキのカードを上から3枚見る。その中から【赤】のカードを1枚まで公開して手札に加え、残りを好きな順番でデッキの下に移す。
【ヒラメキ】(証拠からリムーブされるときに発動する)キャラを1枚まで選び、スリープさせる。","【상대 턴 중】【현장 리무브 시】자신의 덱 카드를 위에서 3장 본다. 그 중에서 【빨강】 카드를 1장까지 공개하여 손패에 더하고, 나머지는 원하는 순서로 덱 아래로 옮긴다.
【히라메키】(증거에서 리무브될 때 발동한다) 캐릭터를 1장까지 선택하여 슬립시킨다.",【ヒラメキ】(証拠からリムーブされるときに発動する)キャラを1枚まで選び、スリープさせる。,공식 룰북 p.22 — 대상 절에 自分の/相手の 없음(「キャラを～枚まで選び」는 지정이 없으면 양쪽 현장): …キャラを1枚まで,high
id_0337,降谷零,1,1,ops.1.ops.0,select,,any,"【パートナー(黄)】【登場時】相手の証拠を1つまで選び、デッキの下に移す。相手の現場にいるレベル7以下のキャラを1枚まで選び、相手はそのカードを表向きのまま証拠として得る。
【宣言】【ターン①】捜査1(相手はデッキのカードを上から指定の数だけ公開し、好きな順番でデッキの下に移す)する。レベル5以上のカードが発見された場合、キャラを1枚まで選び、ターン終了時までAP+2000する。","【파트너(노랑)】【등장 시】상대의 증거를 1개까지 선택하여 덱 아래로 이동한다. 상대의 현장에 있는 레벨 7 이하의 캐릭터를 1장까지 선택하고, 상대는 그 카드를 앞면 그대로 증거로 얻는다.
【선언】【턴①】수사 1(상대는 덱의 카드를 위에서부터 지정된 수만큼 공개하고, 원하는 순서로 덱 아래로 이동한다)을 한다. 레벨 5 이상의 카드가 발견된 경우, 캐릭터를 1장까지 선택하고 턴 종료 시까지 AP+2000 한다.",【宣言】【ターン1】捜査1(相手はデッキのカードを上から指定の数だけ公開し、好きな順番でデッキの下に移す)する。レベル5以上のカードが発見された場合、キャラを1枚まで選び、ターン終了時までAP+2000する。,공식 룰북 p.22 — 대상 절에 自分の/相手の 없음(「キャラを～枚まで選び」는 지정이 없으면 양쪽 현장): …キャラを1枚まで,high
id_0338,諸伏景光,1,0,ops.0,select,,any,"【登場時】手札を1枚リムーブしてもよい。そうした場合、自分のリムーブエリアにあるレベル6以下の特徴[警察]のキャラを1枚まで選び、スリープ状態で登場させる。
【ヒラメキ】【解決編】アクション中のキャラを1枚まで選び、スタンさせる。(スタン状態のキャラをアクティブにする場合、代わりにスリープさせる)","【등장 시】 손패를 1장 리무브해도 된다. 그렇게 한 경우, 자신의 리무브 에리어에 있는 레벨 6 이하의 특징 [경찰] 캐릭터를 1장까지 골라 슬리프 상태로 등장시킨다.
【히라메키】【해결편】 액션 중인 캐릭터를 1장까지 골라 스턴시킨다. (스턴 상태의 캐릭터를 액티브로 하는 경우, 대신 슬리프시킨다)",【ヒラメキ】【解決編】アクション中のキャラを1枚まで選び、スタンさせる。(スタン状態のキャラをアクティブにする場合、代わりにスリープさせる),"대상이 コンタクト中/アクション中 의 카드로 참조 지정됨(원문 ""そのキャラ"") — 소유자는 참조가 정함",high
id_0341,松田陣平,0,0,ops.0,select,,any,"【宣言】【ターン①】レベル7以下のキャラを1枚まで選び、アクティブにし、AP+1000し、ターン終了時まで【突撃】(登場したターンからすぐにアクションできる)を与える。カードを1枚引く。この能力は自分の現場にカード名[降谷零]とカード名[諸伏景光]とカード名[伊達航]とカード名[萩原研二]がいる場合に宣言できる。
【ヒラメキ】(証拠からリムーブされるときに発動する)このカードを手札に加える。","【선언】【턴①】레벨 7 이하의 캐릭터를 1장까지 선택하여 액티브로 하고, AP+1000을 하며, 턴 종료 시까지 【돌격】(등장한 턴부터 바로 액션할 수 있다)을 부여한다. 카드를 1장 뽑는다. 이 능력은 자신의 현장에 카드명 [후루야 레이], 카드명 [모로후시 히로미쓰], 카드명 [다테 와타루], 카드명 [하기와라 켄지]가 있는 경우에 선언할 수 있다.
【히라메키】(증거에서 리무브될 때 발동한다) 이 카드를 손패에 넣는다.",【宣言】【ターン1】レベル7以下のキャラを1枚まで選び、アクティブにし、AP+1000し、ターン終了時まで【突撃】(登場したターンからすぐにアクションできる)を与える。カードを1枚引く。この能力は自分の現場にカード名[降谷零]とカード名[諸伏景光]とカード名[伊達航]とカード名[萩原研二]がいる場合に宣言できる。,공식 룰북 p.22 — 대상 절에 自分の/相手の 없음(「キャラを～枚まで選び」는 지정이 없으면 양쪽 현장): …レベル7以下のキャラを1枚まで,high
id_0345,高木渉,0,0,ops.0,select,,any,【相手ターン中】【ターン①】自分の現場にいるレベル6以上の特徴［警察］のキャラがリムーブされたとき、レベル7以下のキャラを1枚まで選び、スタンさせる。(スタン状態のキャラをアクティブにする場合、代わりにスリープさせる),"【상대 턴 중】【턴①】자신의 현장에 있는 레벨 6 이상의 특징 [경찰] 캐릭터가 리무브되었을 때, 레벨 7 이하의 캐릭터를 1장까지 선택하여 스턴시킨다. (스턴 상태의 캐릭터를 액티브로 하는 경우, 대신 슬리프시킨다)",【相手ターン中】【ターン1】自分の現場にいるレベル6以上の特徴[警察]のキャラがリムーブされたとき、レベル7以下のキャラを1枚まで選び、スタンさせる。(スタン状態のキャラをアクティブにする場合、代わりにスリープさせる),공식 룰북 p.22 — 대상 절에 自分の/相手の 없음(「キャラを～枚まで選び」는 지정이 없으면 양쪽 현장): …レベル7以下のキャラを1枚まで,high
id_0348,松本清長,0,,sf,ontrig.sf,,opp,【ターン①】相手の現場にいるキャラがアクションしたとき、このキャラがスリープ状態の場合、自分の現場にいる特徴[警察]のキャラを1枚まで選び、アクティブにする。,"【턴①】 상대의 현장에 있는 캐릭터가 액션했을 때, 이 캐릭터가 슬리프 상태인 경우, 자신의 현장에 있는 특징 [경찰]의 캐릭터를 1장까지 선택하여 액티브로 한다.",【ターン1】相手の現場にいるキャラがアクションしたとき、このキャラがスリープ状態の場合、自分の現場にいる特徴[警察]のキャラを1枚まで選び、アクティブにする。,트리거의 who=opp(원문이 정한 행동 주체)와 동일한 쪽,high
id_0351,諸伏高明,1,0,ops.0,select,,any,"このキャラがスリープ状態で登場したとき、このキャラをアクティブにする。
【ヒラメキ】(証拠からリムーブされるときに発動する)キャラを1枚まで選び、アクティブにする。","이 캐릭터가 슬립 상태로 등장했을 때, 이 캐릭터를 액티브로 한다.
【히라메키】(증거에서 리무브될 때 발동한다) 캐릭터를 1장까지 선택하여 액티브로 한다.",【ヒラメキ】(証拠からリムーブされるときに発動する)キャラを1枚まで選び、アクティブにする。,공식 룰북 p.22 — 대상 절에 自分の/相手の 없음(「キャラを～枚まで選び」는 지정이 없으면 양쪽 현장): …キャラを1枚まで,high
id_0353,弓長警部,0,0,ops.0,select,,any,"【宣言】【ターン①】デッキのカードを上から1枚リムーブする:キャラを1枚まで選び、ターン終了時までAP+1000する。
【ヒラメキ】(証拠からリムーブされるときに発動する)キャラを1枚まで選び、スリープさせる。","【선언】【턴①】덱의 카드를 위에서 1장 리무브한다: 캐릭터를 1장까지 선택하고, 턴 종료 시까지 AP+1000 한다.
【히라메키】(증거에서 리무브될 때 발동한다) 캐릭터를 1장까지 선택하고, 슬립시킨다.",【宣言】【ターン1】デッキのカードを上から1枚リムーブする:キャラを1枚まで選び、ターン終了時までAP+1000する。,공식 룰북 p.22 — 대상 절에 自分の/相手の 없음(「キャラを～枚まで選び」는 지정이 없으면 양쪽 현장): …キャラを1枚まで,high
id_0353,弓長警部,1,0,ops.0,select,,any,"【宣言】【ターン①】デッキのカードを上から1枚リムーブする:キャラを1枚まで選び、ターン終了時までAP+1000する。
【ヒラメキ】(証拠からリムーブされるときに発動する)キャラを1枚まで選び、スリープさせる。","【선언】【턴①】덱의 카드를 위에서 1장 리무브한다: 캐릭터를 1장까지 선택하고, 턴 종료 시까지 AP+1000 한다.
【히라메키】(증거에서 리무브될 때 발동한다) 캐릭터를 1장까지 선택하고, 슬립시킨다.",【ヒラメキ】(証拠からリムーブされるときに発動する)キャラを1枚まで選び、スリープさせる。,공식 룰북 p.22 — 대상 절에 自分の/相手の 없음(「キャラを～枚まで選び」는 지정이 없으면 양쪽 현장): …キャラを1枚まで,high
id_0354,横溝参悟,0,0,ops.0,select,,any,"【登場時】ミスリードを持つキャラを1枚まで選び、スリープさせる。
【ヒラメキ】(証拠からリムーブされるときに発動する)カードを1枚引く。","【등장 시】 미스리드를 가진 캐릭터를 1장까지 선택하여 슬립시킨다.
【히라메키】(증거에서 리무브될 때 발동한다) 카드를 1장 뽑는다.",【登場時】ミスリードを持つキャラを1枚まで選び、スリープさせる。,공식 룰북 p.22 — 대상 절에 自分の/相手の 없음(「キャラを～枚まで選び」는 지정이 없으면 양쪽 현장): …ミスリードを持つキャラを1枚まで,high
id_0355,横溝重悟,1,0,ops.0,select,,any,"自分の現場にいるレベル4以下の特徴[警察]のキャラが推理したとき、ターン終了時までこのキャラをAP+1000する。
【ヒラメキ】(証拠からリムーブされるときに発動する)キャラを1枚まで選び、スリープさせる。","자신의 현장에 있는 레벨 4 이하의 특징 [경찰] 캐릭터가 추리했을 때, 턴 종료 시까지 이 캐릭터를 AP+1000 한다.
【히라메키】(증거에서 리무브될 때 발동한다) 캐릭터를 1장까지 선택하고, 슬립시킨다.",【ヒラメキ】(証拠からリムーブされるときに発動する)キャラを1枚まで選び、スリープさせる。,공식 룰북 p.22 — 대상 절에 自分の/相手の 없음(「キャラを～枚まで選び」는 지정이 없으면 양쪽 현장): …キャラを1枚まで,high
id_0363,スコッチ,0,1,ops.1,select,,any,【パートナー(黒)】【宣言】このキャラをリムーブする。レベル7以下のキャラを1枚まで選び、リムーブする。,"【파트너(검정)】【선언】이 캐릭터를 리무브한다. 레벨 7 이하의 캐릭터를 1장까지 선택하고, 리무브한다.",【パートナー(黒)】【宣言】このキャラをリムーブする。レベル7以下のキャラを1枚まで選び、リムーブする。,공식 룰북 p.22 — 대상 절에 自分の/相手の 없음(「キャラを～枚まで選び」는 지정이 없으면 양쪽 현장): …レベル7以下のキャラを1枚まで,high
id_0364,ラム,0,0,ops.0,select,,any,【登場時】レベル7以下のキャラを1枚まで選び、リムーブする。自分のデッキのカードを上から3枚見る。その中から【カットイン】を持つ【黒】のカードを1枚まで公開して手札に加え、残りを好きな順番でデッキの下に移す。カードを手札に加えた場合、手札を1枚リムーブする。,"【등장 시】 레벨 7 이하의 캐릭터를 1장까지 선택하고 리무브한다. 자신의 덱 위에서 3장을 본다. 그중에서 【컷인】을 가진 【검정】 카드를 1장까지 공개하여 손패에 넣고, 나머지를 원하는 순서로 덱 아래로 옮긴다. 카드를 손패에 넣은 경우, 손패를 1장 리무브한다.",【登場時】レベル7以下のキャラを1枚まで選び、リムーブする。自分のデッキのカードを上から3枚見る。その中から【カットイン】を持つ【黒】のカードを1枚まで公開して手札に加え、残りを好きな順番でデッキの下に移す。カードを手札に加えた場合、手札を1枚リムーブする。,공식 룰북 p.22 — 대상 절에 自分の/相手の 없음(「キャラを～枚まで選び」는 지정이 없으면 양쪽 현장): …レベル7以下のキャラを1枚まで,high
id_0369,楠田陸道,1,1,ops.1,select,,any,"このキャラはスリープ状態で登場する。
【宣言】【スリープ】:このキャラをリムーブする。AP4000以下のキャラを1枚まで選び、リムーブする。
【ヒラメキ】(証拠からリムーブされるときに発動する)キャラを1枚まで選び、スリープさせる。","이 캐릭터는 슬리프 상태로 등장한다.
【선언】【슬리프】: 이 캐릭터를 리무브한다. AP 4000 이하의 캐릭터를 1장까지 선택하여 리무브한다.
【히라메키】(증거에서 리무브될 때 발동한다) 캐릭터를 1장까지 선택하여 슬리프시킨다.",【宣言】【スリープ】:このキャラをリムーブする。AP4000以下のキャラを1枚まで選び、リムーブする。,공식 룰북 p.22 — 대상 절에 自分の/相手の 없음(「キャラを～枚まで選び」는 지정이 없으면 양쪽 현장): …AP4000以下のキャラを1枚まで,high
id_0369,楠田陸道,2,0,ops.0,select,,any,"このキャラはスリープ状態で登場する。
【宣言】【スリープ】:このキャラをリムーブする。AP4000以下のキャラを1枚まで選び、リムーブする。
【ヒラメキ】(証拠からリムーブされるときに発動する)キャラを1枚まで選び、スリープさせる。","이 캐릭터는 슬리프 상태로 등장한다.
【선언】【슬리프】: 이 캐릭터를 리무브한다. AP 4000 이하의 캐릭터를 1장까지 선택하여 리무브한다.
【히라메키】(증거에서 리무브될 때 발동한다) 캐릭터를 1장까지 선택하여 슬리프시킨다.",【ヒラメキ】(証拠からリムーブされるときに発動する)キャラを1枚まで選び、スリープさせる。,공식 룰북 p.22 — 대상 절에 自分の/相手の 없음(「キャラを～枚まで選び」는 지정이 없으면 양쪽 현장): …キャラを1枚まで,high
id_0376,ピスコ,0,0,ops.0,select,,any,"【宣言】【ターン①】キャラを1枚まで選び、ターン終了時までAP－2000する。
【ヒラメキ】(証拠からリムーブされるときに発動する) キャラを1枚まで選び、スリープさせる。","【선언】【턴①】캐릭터를 1장까지 선택하고, 턴 종료 시까지 AP-2000 한다.
【히라메키】(증거에서 리무브될 때 발동한다) 캐릭터를 1장까지 선택하고, 슬리프시킨다.",【宣言】【ターン1】キャラを1枚まで選び、ターン終了時までAP-2000する。,공식 룰북 p.22 — 대상 절에 自分の/相手の 없음(「キャラを～枚まで選び」는 지정이 없으면 양쪽 현장): …キャラを1枚まで,high
id_0376,ピスコ,1,0,ops.0,select,,any,"【宣言】【ターン①】キャラを1枚まで選び、ターン終了時までAP－2000する。
【ヒラメキ】(証拠からリムーブされるときに発動する) キャラを1枚まで選び、スリープさせる。","【선언】【턴①】캐릭터를 1장까지 선택하고, 턴 종료 시까지 AP-2000 한다.
【히라메키】(증거에서 리무브될 때 발동한다) 캐릭터를 1장까지 선택하고, 슬리프시킨다.",【ヒラメキ】(証拠からリムーブされるときに発動する) キャラを1枚まで選び、スリープさせる。,공식 룰북 p.22 — 대상 절에 自分の/相手の 없음(「キャラを～枚まで選び」는 지정이 없으면 양쪽 현장): … キャラを1枚まで,high
id_0383,ジンの眼光,1,0,ops.0,select,,any,"このイベントは、自分の証拠の数が相手の証拠の数以下の場合に使用できる。
【パートナー】【黒】キャラを1枚まで選び、リムーブする。","이 이벤트는 자신의 증거 수가 상대의 증거 수 이하인 경우에 사용할 수 있다.
【파트너】【검정】 캐릭터를 1장까지 선택하고, 리무브한다.",【パートナー】【黒】キャラを1枚まで選び、リムーブする。,공식 룰북 p.22 — 대상 절에 自分の/相手の 없음(「キャラを～枚まで選び」는 지정이 없으면 양쪽 현장): …キャラを1枚まで,high
id_0389,ジン,0,1,ops.1.ops.0,select,,any,【パートナー(黒)】【登場時】手札を1枚リムーブしてもよい。そうした場合、AP8000以下のキャラを1枚まで選び、リムーブする。,"【파트너(흑)】【등장 시】 손패를 1장 리무브해도 된다. 그렇게 한 경우, AP8000 이하의 캐릭터를 1장까지 선택하여 리무브한다.",【パートナー(黒)】【登場時】手札を1枚リムーブしてもよい。そうした場合、AP8000以下のキャラを1枚まで選び、リムーブする。,공식 룰북 p.22 — 대상 절에 自分の/相手の 없음(「キャラを～枚まで選び」는 지정이 없으면 양쪽 현장): …AP8000以下のキャラを1枚まで,high
id_0391,ベルモット,1,0,ops.0,select,,any,"【宣言】【スリープ】デッキの下に移す：手札からレベル5以下のキャラを1枚まで登場させる。ターン終了時までそのキャラに突撃(登場したターンからすぐにアクションできる)を与える。
【ヒラメキ】(証拠からリムーブされるときに発動する)キャラを1枚まで選び、スリープさせる。","【선언】【슬리프】덱 아래로 이동: 손패에서 레벨 5 이하의 캐릭터를 1장까지 등장시킨다. 턴 종료 시까지 그 캐릭터에게 돌격(등장한 턴부터 바로 액션할 수 있다)을 부여한다.
【번뜩임】(증거에서 리무브될 때 발동한다) 캐릭터를 1장까지 선택하여 슬리프시킨다.",【ヒラメキ】(証拠からリムーブされるときに発動する)キャラを1枚まで選び、スリープさせる。,공식 룰북 p.22 — 대상 절에 自分の/相手の 없음(「キャラを～枚まで選び」는 지정이 없으면 양쪽 현장): …キャラを1枚まで,high
id_0396,ジン,0,,ef,oncontact.ef,,opp,"【自分ターン中】このキャラがレベル6以下のキャラとコンタクトしたとき、そのキャラをリムーブする。
【ヒラメキ】(証拠からリムーブされるときに発動する)カードを1枚引く。","【자기 턴 중】 이 캐릭터가 레벨 6 이하의 캐릭터와 컨택트했을 때, 그 캐릭터를 리무브한다.
【히라메키】(증거에서 리무브될 때 발동한다) 카드를 1장 뽑는다.",【自分ターン中】このキャラがレベル6以下のキャラとコンタクトしたとき、そのキャラをリムーブする。,"코난 TCG 규칙상 コンタクト 상대는 항상 상대 캐릭터(원문 ""…キャラとコンタクトしたとき"")",high
id_0397,「裏切り者は匂いを消せねぇからな…」,0,0,ops.0,select,,any,【パートナー】【黒】(パートナーが条件を満たしている場合、この能力か効果を使える)AP8000以下のキャラを1枚まで選び、リムーブする。,"【파트너】【검정】(파트너가 조건을 충족하고 있는 경우, 이 능력이나 효과를 사용할 수 있다) AP8000 이하의 캐릭터를 1장까지 선택하여 리무브한다.",【パートナー】【黒】(パートナーが条件を満たしている場合、この能力か効果を使える)AP8000以下のキャラを1枚まで選び、リムーブする。,공식 룰북 p.22 — 대상 절에 自分の/相手の 없음(「キャラを～枚まで選び」는 지정이 없으면 양쪽 현장): …AP8000以下のキャラを1枚まで,high
id_0403,毛利小五郎,0,0,ops.0,select,,any,【解決編】【登場時】キャラを1枚まで選び、スリープさせる。(自分の事件が解決編になっている場合、この能力か効果を使える),"【해결편】【登場時】캐릭터를 1장까지 선택하여 슬리프시킨다. (자신의 사건이 해결편인 경우, 이 능력이나 효과를 사용할 수 있다)",【解決編】【登場時】キャラを1枚まで選び、スリープさせる。(自分の事件が解決編になっている場合、この能力か効果を使える),공식 룰북 p.22 — 대상 절에 自分の/相手の 없음(「キャラを～枚まで選び」는 지정이 없으면 양쪽 현장): …キャラを1枚まで,high
id_0404,服部平次,0,0,ops.0,select,,any,【解決編】【登場時】相手の現場にスリープ状態かスタン状態のキャラが合わせて2枚以上いる場合、レベル7以下のスリープ状態のキャラを1枚まで選び、リムーブする。(自分の事件が解決編になっている場合、この能力か効果を使える),"【해결편】【등장 시】상대의 현장에 슬립 상태 또는 스턴 상태의 캐릭터가 합쳐서 2장 이상 있는 경우, 레벨 7 이하의 슬립 상태의 캐릭터를 1장까지 선택하여 리무브한다. (자신의 사건이 해결편이 되어 있는 경우, 이 능력이나 효과를 사용할 수 있다)",【解決編】【登場時】相手の現場にスリープ状態かスタン状態のキャラが合わせて2枚以上いる場合、レベル7以下のスリープ状態のキャラを1枚まで選び、リムーブする。,공식 룰북 p.22 — 대상 절에 自分の/相手の 없음(「キャラを～枚まで選び」는 지정이 없으면 양쪽 현장): …レベル7以下のスリープ状態のキャラを1枚まで,high
id_0408,工藤新一,0,,ef,onchosen.ef,,self,"【絆】毛利蘭【相手ターン中】【ターン①】自分の現場にいるカード名[毛利蘭]が相手の能力や効果によって選ばれたとき、相手は手札を1枚リムーブしてもよい。そうしなかった場合、それを無効にする。
【宣言】【ターン①】【スリープ】手札からカード名[毛利蘭]を1枚公開する：AP8000以下のキャラを1枚まで選び、デッキの下に移す。","【절】모리 란【상대 턴 중】【턴①】자신의 현장에 있는 카드명 [모리 란]이 상대의 능력이나 효과에 의해 선택되었을 때, 상대는 손패를 1장 리무브해도 된다. 그렇게 하지 않았다면 그것을 무효로 한다.
【선언】【턴①】【슬리프】손패에서 카드명 [모리 란]을 1장 공개한다: AP8000 이하의 캐릭터를 1장까지 선택하고, 덱의 아래로 이동시킨다.",【絆】毛利蘭【相手ターン中】【ターン1】自分の現場にいるカード名[毛利蘭]が相手の能力や効果によって選ばれたとき、相手は手札を1枚リムーブしてもよい。そうしなかった場合、それを無効にする。,"원문 ""自分の現場/リムーブエリアにある…""",high
id_0408,工藤新一,1,0,ops.0,select,,any,"【絆】毛利蘭【相手ターン中】【ターン①】自分の現場にいるカード名[毛利蘭]が相手の能力や効果によって選ばれたとき、相手は手札を1枚リムーブしてもよい。そうしなかった場合、それを無効にする。
【宣言】【ターン①】【スリープ】手札からカード名[毛利蘭]を1枚公開する：AP8000以下のキャラを1枚まで選び、デッキの下に移す。","【절】모리 란【상대 턴 중】【턴①】자신의 현장에 있는 카드명 [모리 란]이 상대의 능력이나 효과에 의해 선택되었을 때, 상대는 손패를 1장 리무브해도 된다. 그렇게 하지 않았다면 그것을 무효로 한다.
【선언】【턴①】【슬리프】손패에서 카드명 [모리 란]을 1장 공개한다: AP8000 이하의 캐릭터를 1장까지 선택하고, 덱의 아래로 이동시킨다.",【宣言】【ターン1】【スリープ】手札からカード名[毛利蘭]を1枚公開する:AP8000以下のキャラを1枚まで選び、デッキの下に移す。,공식 룰북 p.22 — 대상 절에 自分の/相手の 없음(「キャラを～枚まで選び」는 지정이 없으면 양쪽 현장): …AP8000以下のキャラを1枚まで,high
id_0410,江戸川コナン,1,0,ops.0,select,,any,"【登場時】カードを2枚引き、手札を2枚リムーブする。
【宣言】【ターン①】このキャラ以外の特徴[毛利探偵事務所]のキャラを1枚まで選び、ターン終了時までAP+1000する。","【登場時】카드를 2장 뽑고, 손패를 2장 리무브한다.
【선언】【턴①】이 캐릭터 이외의 특징 [모리 탐정 사무소]를 가진 캐릭터를 1장까지 선택하고, 턴 종료 시까지 AP+1000 한다.",【宣言】【ターン1】このキャラ以外の特徴[毛利探偵事務所]のキャラを1枚まで選び、ターン終了時までAP+1000する。,공식 룰북 p.22 — 대상 절에 自分の/相手の 없음(「キャラを～枚まで選び」는 지정이 없으면 양쪽 현장): …外の特徴[毛利探偵事務所]のキャラを1枚まで,high
id_0412,小林澄子,1,0,ops.0,select,,any,"【相手ターン中】【現場リムーブ時】自分のリムーブエリアにあるレベル6以下のカード名[白鳥任三郎]を1枚まで選び、スリープ状態で登場させる。
【ヒラメキ】(証拠からリムーブされるときに発動する)キャラを1枚まで選び、スリープさせる。","【상대 턴 중】【현장 리무브 시】자신의 리무브 에리어에 있는 레벨 6 이하의 카드명 [시라토리 닌자부로]를 1장까지 선택하여 슬립 상태로 등장시킨다.
【히라메키】(증거에서 리무브될 때 발동한다) 캐릭터를 1장까지 선택하여 슬립시킨다.",【ヒラメキ】(証拠からリムーブされるときに発動する)キャラを1枚まで選び、スリープさせる。,공식 룰북 p.22 — 대상 절에 自分の/相手の 없음(「キャラを～枚まで選び」는 지정이 없으면 양쪽 현장): …キャラを1枚まで,high
id_0413,灰原哀,0,0,ops.0,select,,any,"【解決編】【宣言】【スリープ】手札から特徴［少年探偵団］のキャラを2枚リムーブする：レベル7以下のキャラを1枚まで選び、リムーブする。
【ヒラメキ】(証拠からリムーブされるときに発動する)カードを1枚引く。","【해결편】【선언】【슬립】 손패에서 특징 [소년탐정단]의 캐릭터를 2장 리무브한다: 레벨 7 이하의 캐릭터를 1장까지 골라 리무브한다.
【히라메키】(증거에서 리무브될 때 발동한다) 카드를 1장 뽑는다.",【解決編】【宣言】【スリープ】手札から特徴[少年探偵団]のキャラを2枚リムーブする:レベル7以下のキャラを1枚まで選び、リムーブする。,공식 룰북 p.22 — 대상 절에 自分の/相手の 없음(「キャラを～枚まで選び」는 지정이 없으면 양쪽 현장): …レベル7以下のキャラを1枚まで,high
id_0415,本堂瑛祐,0,0,ops.0,select,,any,【相手ターン中】【現場リムーブ時】レベル4以下のキャラを1枚まで選び、スリープさせる。,【상대 턴 중】【현장 리무브 시】 레벨 4 이하의 캐릭터를 1장까지 선택하여 슬리프시킨다.,【相手ターン中】【現場リムーブ時】レベル4以下のキャラを1枚まで選び、スリープさせる。,공식 룰북 p.22 — 대상 절에 自分の/相手の 없음(「キャラを～枚まで選び」는 지정이 없으면 양쪽 현장): …レベル4以下のキャラを1枚まで,high
id_0417,最後の切り札,0,0,ops.0.opts.0.ops.0,select,,any,"【パートナー(青)】【解決編】以下から1つ選んで行う。
・キャラを2枚まで選び、スリープさせる。カードを1枚引く。
・レベル6以下のキャラを1枚まで選び、リムーブする。
・キャラを1枚まで選び、ターン終了時まで突撃(登場したターンからすぐにアクションできる)を与える。","【파트너(청)】【해결편】 아래에서 1개를 골라 행한다.
・캐릭터를 2장까지 골라 슬리프시킨다. 카드를 1장 뽑는다.
・레벨 6 이하의 캐릭터를 1장까지 골라 리무브한다.
・캐릭터를 1장까지 골라 턴 종료 시까지 돌격(登場한 턴부터 바로 액션할 수 있다)을 부여한다.","【パートナー(青)】【解決編】以下から1つ選んで行う。
・キャラを2枚まで選び、スリープさせる。カードを1枚引く。
・レベル6以下のキャラを1枚まで選び、リムーブする。
・キャラを1枚まで選び、ターン終了時まで突撃(登場したターンからすぐにアクションできる)を与える。",공식 룰북 p.22 — 대상 절에 自分の/相手の 없음(「キャラを～枚まで選び」는 지정이 없으면 양쪽 현장): …キャラを2枚まで,high
id_0417,最後の切り札,0,0,ops.0.opts.1.ops.0,select,,any,"【パートナー(青)】【解決編】以下から1つ選んで行う。
・キャラを2枚まで選び、スリープさせる。カードを1枚引く。
・レベル6以下のキャラを1枚まで選び、リムーブする。
・キャラを1枚まで選び、ターン終了時まで突撃(登場したターンからすぐにアクションできる)を与える。","【파트너(청)】【해결편】 아래에서 1개를 골라 행한다.
・캐릭터를 2장까지 골라 슬리프시킨다. 카드를 1장 뽑는다.
・레벨 6 이하의 캐릭터를 1장까지 골라 리무브한다.
・캐릭터를 1장까지 골라 턴 종료 시까지 돌격(登場한 턴부터 바로 액션할 수 있다)을 부여한다.","【パートナー(青)】【解決編】以下から1つ選んで行う。
・キャラを2枚まで選び、スリープさせる。カードを1枚引く。
・レベル6以下のキャラを1枚まで選び、リムーブする。
・キャラを1枚まで選び、ターン終了時まで突撃(登場したターンからすぐにアクションできる)を与える。",공식 룰북 p.22 — 대상 절에 自分の/相手の 없음(「キャラを～枚まで選び」는 지정이 없으면 양쪽 현장): …レベル6以下のキャラを1枚まで,high
id_0417,最後の切り札,0,0,ops.0.opts.2.ops.0,select,,any,"【パートナー(青)】【解決編】以下から1つ選んで行う。
・キャラを2枚まで選び、スリープさせる。カードを1枚引く。
・レベル6以下のキャラを1枚まで選び、リムーブする。
・キャラを1枚まで選び、ターン終了時まで突撃(登場したターンからすぐにアクションできる)を与える。","【파트너(청)】【해결편】 아래에서 1개를 골라 행한다.
・캐릭터를 2장까지 골라 슬리프시킨다. 카드를 1장 뽑는다.
・레벨 6 이하의 캐릭터를 1장까지 골라 리무브한다.
・캐릭터를 1장까지 골라 턴 종료 시까지 돌격(登場한 턴부터 바로 액션할 수 있다)을 부여한다.","【パートナー(青)】【解決編】以下から1つ選んで行う。
・キャラを2枚まで選び、スリープさせる。カードを1枚引く。
・レベル6以下のキャラを1枚まで選び、リムーブする。
・キャラを1枚まで選び、ターン終了時まで突撃(登場したターンからすぐにアクションできる)を与える。",공식 룰북 p.22 — 대상 절에 自分の/相手の 없음(「キャラを～枚まで選び」는 지정이 없으면 양쪽 현장): …キャラを1枚まで,high
id_0418,服部平次,0,0,ops.0,select,,any,【パートナー(緑)】【自分ターン中】【ターン①】カード名[遠山和葉]が自分の現場に登場したとき、AP8000以下のキャラを1枚まで選び、リムーブする。,"【파트너(초록)】【자신 턴 중】【턴①】카드명 [토야마 카즈하]가 자신의 현장에 등장했을 때, AP8000 이하의 캐릭터를 1장까지 선택하여 리무브한다.",【パートナー(緑)】【自分ターン中】【ターン①】カード名[遠山和葉]が自分の現場に登場したとき、AP8000以下のキャラを1枚まで選び、リムーブする。,공식 룰북 p.22 — 대상 절에 自分の/相手の 없음(「キャラを～枚まで選び」는 지정이 없으면 양쪽 현장): …AP8000以下のキャラを1枚まで,high
id_0418,服部平次,0,,ef,onally.ef,,self,【パートナー(緑)】【自分ターン中】【ターン①】カード名[遠山和葉]が自分の現場に登場したとき、AP8000以下のキャラを1枚まで選び、リムーブする。,"【파트너(초록)】【자신 턴 중】【턴①】카드명 [토야마 카즈하]가 자신의 현장에 등장했을 때, AP8000 이하의 캐릭터를 1장까지 선택하여 리무브한다.",【パートナー(緑)】【自分ターン中】【ターン①】カード名[遠山和葉]が自分の現場に登場したとき、AP8000以下のキャラを1枚まで選び、リムーブする。,"ally 계열 트리거 + 원문 ""自分の現場にいる…"" (아군 대상)",high
id_0420,服部平蔵,0,0,ops.0,select,,any,【宣言】【ターン①】現場にいるレベル7以上のカード名[服部平次]か、このキャラ以外のレベル7以上の特徴[警察]のキャラを1枚デッキの下に移す:AP8000以下のキャラを1枚まで選び、リムーブする。自分のリムーブエリアにあるレベル5以下の特徴[警察]のキャラを1枚まで選び、スリープ状態で登場させる。,【선언】【턴①】현장에 있는 레벨 7 이상의 카드명 [핫토리 헤이지] 또는 이 캐릭터 외의 레벨 7 이상의 특징 [경찰] 캐릭터를 1장 덱 아래로 이동한다: AP 8000 이하의 캐릭터를 1장까지 선택하여 리무브한다. 자신의 리무브 에리어에 있는 레벨 5 이하의 특징 [경찰] 캐릭터를 1장까지 선택하여 슬리프 상태로 登場시킨다.,【宣言】【ターン①】現場にいるレベル7以上のカード名[服部平次]か、このキャラ以外のレベル7以上の特徴[警察]のキャラを1枚デッキの下に移す:AP8000以下のキャラを1枚まで選び、リムーブする。自分のリムーブエリアにあるレベル5以下の特徴[警察]のキャラを1枚まで選び、スリープ状態で登場させる。,공식 룰북 p.22 — 대상 절에 自分の/相手の 없음(「キャラを～枚まで選び」는 지정이 없으면 양쪽 현장): …AP8000以下のキャラを1枚まで,high
id_0421,綾小路文麿,1,0,ops.0,select,,any,"自分の現場に特徴[警察]のキャラが3枚以上いる場合、このキャラは突撃(登場したターンからすぐにアクションできる)を持つ。
【ヒラメキ】(証拠からリムーブされるときに発動する)キャラを1枚まで選び、スリープさせる。","자신의 현장에 특징 [경찰] 캐릭터가 3장 이상 있는 경우, 이 캐릭터는 돌격(등장한 턴부터 바로 액션할 수 있다)을 가진다.
【히라메키】(증거에서 리무브될 때 발동한다) 캐릭터를 1장까지 선택하여 슬리프시킨다.",【ヒラメキ】(証拠からリムーブされるときに発動する)キャラを1枚まで選び、スリープさせる。,공식 룰북 p.22 — 대상 절에 自分の/相手の 없음(「キャラを～枚まで選び」는 지정이 없으면 양쪽 현장): …キャラを1枚まで,high
id_0424,遠山銀司郎,0,1,ops.1.ops.0,select,,any,"【FILE⑦】【自分ターン中】【登場時】このキャラをリムーブしてもよい。そうした場合、レベル7以下のキャラを1枚まで選び、リムーブする。
【宣言】【ターン①】【スリープ】：自分のデッキのカードを上から1枚公開する。公開したカードが特徴［警察］のキャラの場合、手札に加える。公開したカードがそれ以外の場合、デッキの下に移す。","【FILE⑦】【자신 턴 중】【등장 시】이 캐릭터를 리무브해도 좋다. 그렇게 한 경우, 레벨 7 이하의 캐릭터를 1장까지 선택하여 리무브한다.
【선언】【턴①】【슬립】: 자신의 덱 카드를 위에서 1장 공개한다. 공개한 카드가 특징［경찰］의 캐릭터인 경우, 손패에 추가한다. 공개한 카드가 그 이외인 경우, 덱 아래로 이동한다.",【FILE7】【自分ターン中】【登場時】このキャラをリムーブしてもよい。そうした場合、レベル7以下のキャラを1枚まで選び、リムーブする。,공식 룰북 p.22 — 대상 절에 自分の/相手の 없음(「キャラを～枚まで選び」는 지정이 없으면 양쪽 현장): …レベル7以下のキャラを1枚まで,high
id_0427,「後ろの女に一言遺したろ思てなァ…」,1,0,ops.0,select,,any,"このイベントは自分のFILE エリアにあるカードが5枚以下の場合に使用できる。
【パートナー(緑)】【解決編】AP7000以上のキャラを1枚までと、AP5000以下のキャラを1枚まで選び、リムーブする。","이 이벤트는 자신의 FILE 에리어에 있는 카드가 5장 이하인 경우에 사용할 수 있다.
【파트너(녹)】【해결편】 AP7000 이상의 캐릭터를 1장까지와 AP5000 이하의 캐릭터를 1장까지 선택하여 리무브한다.",【パートナー(緑)】【解決編】AP7000以上のキャラを1枚までと、AP5000以下のキャラを1枚まで選び、リムーブする。,공식 룰북 p.22 — 대상 절에 自分の/相手の 없음(「キャラを～枚まで選び」는 지정이 없으면 양쪽 현장): …AP5000以下のキャラを1枚まで,high
id_0427,「後ろの女に一言遺したろ思てなァ…」,1,1,ops.1,select,,any,"このイベントは自分のFILE エリアにあるカードが5枚以下の場合に使用できる。
【パートナー(緑)】【解決編】AP7000以上のキャラを1枚までと、AP5000以下のキャラを1枚まで選び、リムーブする。","이 이벤트는 자신의 FILE 에리어에 있는 카드가 5장 이하인 경우에 사용할 수 있다.
【파트너(녹)】【해결편】 AP7000 이상의 캐릭터를 1장까지와 AP5000 이하의 캐릭터를 1장까지 선택하여 리무브한다.",【パートナー(緑)】【解決編】AP7000以上のキャラを1枚までと、AP5000以下のキャラを1枚まで選び、リムーブする。,공식 룰북 p.22 — 대상 절에 自分の/相手の 없음(「キャラを～枚まで選び」는 지정이 없으면 양쪽 현장): …AP5000以下のキャラを1枚まで,high
id_0428,黒羽快斗,1,0,ops.0,select,,any,"このキャラのアクション終了時、自分のデッキのカードを上から4枚見る。その中からレベル8以下のカード名[怪盗キッド]のキャラを1枚まで公開し、残りを好きな順番でデッキの下に移す。公開したキャラを手札に加えるか、公開したキャラを登場させてこのキャラをリムーブする。
【相手ターン中】【現場リムーブ時】レベル8以下のキャラを1枚まで選び、スタンさせる。(スタン状態のキャラをアクティブにする場合、代わりにスリープさせる)","이 캐릭터의 액션 종료 시, 자신의 덱 위에서 카드를 4장 본다. 그 중에서 레벨 8 이하의 카드명 [괴도 키드] 캐릭터를 1장까지 공개하고, 나머지를 원하는 순서로 덱 아래로 옮긴다. 공개한 캐릭터를 손패에 넣거나, 공개한 캐릭터를 등장시키고 이 캐릭터를 리무브한다.
【상대 턴 중】【현장 리무브 시】 레벨 8 이하의 캐릭터를 1장까지 골라 스턴시킨다. (스턴 상태의 캐릭터를 액티브로 하는 경우, 대신 슬립시킨다)",【相手ターン中】【現場リムーブ時】レベル8以下のキャラを1枚まで選び、スタンさせる。(スタン状態のキャラをアクティブにする場合、代わりにスリープさせる),공식 룰북 p.22 — 대상 절에 自分の/相手の 없음(「キャラを～枚まで選び」는 지정이 없으면 양쪽 현장): …レベル8以下のキャラを1枚まで,high
id_0429,中森青子,0,0,ops.0,select,,any,【宣言】【スリープ】:カード名[黒羽快斗]のキャラを1枚まで選び、ターン終了時までAP+1000し、突撃(登場したターンからすぐにアクションできる)を与える。,"【선언】【슬립】: 카드명 [쿠로바 카이토]인 캐릭터를 1장까지 선택하고, 턴 종료 시까지 AP+1000 하며, 돌격(등장한 턴부터 바로 액션할 수 있다)을 부여한다.",【宣言】【スリープ】:カード名[黒羽快斗]のキャラを1枚まで選び、ターン終了時までAP+1000し、突撃(登場したターンからすぐにアクションできる)を与える。,공식 룰북 p.22 — 대상 절에 自分の/相手の 없음(「キャラを～枚まで選び」는 지정이 없으면 양쪽 현장): …カード名[黒羽快斗]のキャラを1枚まで,high
id_0430,白馬探,1,1,ops.1.ops.0,select,,any,"自分の現場に特徴[探偵]のキャラが5枚以上いる場合、このキャラをLP+1する。
【宣言】【ターン①】捜査2（相手はデッキのカードを上から指定の数だけ公開し、好きな順番でデッキの下に移す）する。レベル5以上のカードが発見された場合、このキャラ以外のレベル7以下の特徴[探偵]のキャラを1枚まで選び、ターン終了時まで突撃（登場したターンからすぐにアクションできる）を与える。","자신의 현장에 특징[탐정] 캐릭터가 5장 이상 있는 경우, 이 캐릭터는 LP+1 한다.
【선언】【턴①】수사 2를 한다(상대는 덱의 카드를 위에서부터 지정된 수만큼 공개하고, 원하는 순서로 덱 아래로 옮긴다). 레벨 5 이상의 카드가 발견된 경우, 이 캐릭터 이외의 레벨 7 이하의 특징[탐정] 캐릭터를 1장까지 선택하여, 턴 종료 시까지 돌격(등장한 턴부터 바로 액션할 수 있다)을 부여한다.",【宣言】【ターン1】捜査2(相手はデッキのカードを上から指定の数だけ公開し、好きな順番でデッキの下に移す)する。レベル5以上のカードが発見された場合、このキャラ以外のレベル7以下の特徴[探偵]のキャラを1枚まで選び、ターン終了時まで突撃(登場したターンからすぐにアクションできる)を与える。,공식 룰북 p.22 — 대상 절에 自分の/相手の 없음(「キャラを～枚まで選び」는 지정이 없으면 양쪽 현장): …レベル7以下の特徴[探偵]のキャラを1枚まで,high
id_0435,鈴木園子,0,,ef,onallycontact.ef,,self,"【相手ターン中】【ターン①】自分の現場にいるカード名[京極真]がコンタクトしたとき、手札からカード名[鈴木園子]を1枚リムーブしてもよい。そうした場合、そのキャラはこのコンタクトによってはリムーブされない。
【ヒラメキ】(証拠からリムーブされるときに発動する)自分のリムーブエリアにあるカード名[京極真]を1枚まで選び、手札に加える。","【상대 턴 중】【턴①】자신의 현장에 있는 카드명[쿄고쿠 마코토]가 컨택트했을 때, 손패에서 카드명[스즈키 소노코]를 1장 리무브해도 좋다. 그렇게 한 경우, 그 캐릭터는 이 컨택트로는 리무브되지 않는다.
【히라메키】(증거에서 리무브될 때 발동한다) 자신의 리무브 에리어에 있는 카드명[쿄고쿠 마코토]를 1장까지 선택하여 손패에 추가한다.",【相手ターン中】【ターン1】自分の現場にいるカード名[京極真]がコンタクトしたとき、手札からカード名[鈴木園子]を1枚リムーブしてもよい。そうした場合、そのキャラはこのコンタクトによってはリムーブされない。,"ally 계열 트리거 + 원문 ""自分の現場にいる…"" (아군 대상)",high
id_0437,「よォ名探偵…」,0,0,ops.0,select,,any,【パートナー(白)】【解決編】レベルの合計が10以下になるようにキャラを2枚まで選び、スタンさせる。(スタン状態のキャラをアクティブにする場合、代わりにスリープさせる),"【파트너(백)】【해결편】 레벨의 합계가 10 이하가 되도록 캐릭터를 최대 2장까지 선택하여 스턴시킨다. (스턴 상태의 캐릭터를 액티브로 하는 경우, 대신 슬립시킨다)",【パートナー(白)】【解決編】レベルの合計が10以下になるようにキャラを2枚まで選び、スタンさせる。(スタン状態のキャラをアクティブにする場合、代わりにスリープさせる),공식 룰북 p.22 — 대상 절에 自分の/相手の 없음(「キャラを～枚まで選び」는 지정이 없으면 양쪽 현장): …の合計が10以下になるようにキャラを2枚まで,high
id_0439,世良真純,0,0,ops.0,select,,any,【パートナー(赤)】【宣言】【ターン①】【スリープ】:レベル8以下のキャラを1枚まで選び、リムーブする。この能力は自分のFILEエリアにあるカードが5枚以下の場合に宣言できる。,【파트너(적)】【선언】【턴①】【슬리프】: 레벨 8 이하의 캐릭터를 1장까지 선택하여 리무브한다. 이 능력은 자신의 FILE 에리어에 있는 카드가 5장 이하인 경우에 선언할 수 있다.,【パートナー(赤)】【宣言】【ターン1】【スリープ】:レベル8以下のキャラを1枚まで選び、リムーブする。この能力は自分のFILEエリアにあるカードが5枚以下の場合に宣言できる。,공식 룰북 p.22 — 대상 절에 自分の/相手の 없음(「キャラを～枚まで選び」는 지정이 없으면 양쪽 현장): …レベル8以下のキャラを1枚まで,high
id_0441,沖矢昴,0,2,ops.2.ops.0,select,,any,【パートナー(赤)】【登場時】このキャラをスリープさせ、手札から特徴[FBI]のキャラを1枚リムーブしてもよい。そうした場合、レベル7以下のキャラを1枚まで選び、リムーブする。,"【파트너(적)】【등장 시】이 캐릭터를 슬립시키고, 손패에서 특징 [FBI]를 가진 캐릭터를 1장 리무브해도 좋다. 그렇게 한 경우, 레벨 7 이하의 캐릭터를 1장까지 선택하여 리무브한다.",【パートナー(赤)】【登場時】このキャラをスリープさせ、手札から特徴[FBI]のキャラを1枚リムーブしてもよい。そうした場合、レベル7以下のキャラを1枚まで選び、リムーブする。,공식 룰북 p.22 — 대상 절에 自分の/相手の 없음(「キャラを～枚まで選び」는 지정이 없으면 양쪽 현장): …レベル7以下のキャラを1枚まで,high
id_0442,ジェイムズ・ブラック,0,0,ops.0,select,,any,【パートナー(赤)】【解決編】【登場時】レベル4以下のキャラを1枚まで選び、リムーブする。,"【파트너(빨강)】【해결편】【등장 시】 레벨 4 이하의 캐릭터를 1장까지 선택하고, 리무브한다.",【パートナー(赤)】【解決編】【登場時】レベル4以下のキャラを1枚まで選び、リムーブする。,공식 룰북 p.22 — 대상 절에 自分の/相手の 없음(「キャラを～枚まで選び」는 지정이 없으면 양쪽 현장): …レベル4以下のキャラを1枚まで,high
id_0444,諸星大,0,0,ops.0,select,,any,【パートナー(赤)】【登場時】レベル8以下のアクティブ状態のキャラを1枚まで選び、リムーブする。,【파트너(빨강)】【등장 시】 레벨 8 이하의 액티브 상태인 캐릭터를 1장까지 선택하고 리무브한다.,【パートナー(赤)】【登場時】レベル8以下のアクティブ状態のキャラを1枚まで選び、リムーブする。,공식 룰북 p.22 — 대상 절에 自分の/相手の 없음(「キャラを～枚まで選び」는 지정이 없으면 양쪽 현장): …ベル8以下のアクティブ状態のキャラを1枚まで,high
id_0447,アマンダ・ヒューズ,0,,ef,onallyremoved.ef,,self,【相手ターン中】【ターン①】自分の現場にいるこのキャラ以外の【赤】のキャラがリムーブされたとき、このキャラがスリープ状態で現場にいる場合、自分のデッキのカードを上から1枚公開する。公開したカードがリムーブされたキャラのいずれかと同じ特徴を持つ場合、手札に加える。公開したカードがそれ以外の場合、デッキの下に移す。,"【상대 턴 중】【턴①】자신의 현장에 있는 이 캐릭터 이외의 【적】 캐릭터가 리무브되었을 때, 이 캐릭터가 슬리프 상태로 현장에 있는 경우, 자신의 덱 카드를 위에서 1장 공개한다. 공개한 카드가 리무브된 캐릭터 중 어느 하나와 같은 특징을 가진 경우, 손패에 추가한다. 공개한 카드가 그 이외의 경우, 덱 아래로 옮긴다.",【相手ターン中】【ターン1】自分の現場にいるこのキャラ以外の【赤】のキャラがリムーブされたとき、このキャラがスリープ状態で現場にいる場合、自分のデッキのカードを上から1枚公開する。公開したカードがリムーブされたキャラのいずれかと同じ特徴を持つ場合、手札に加える。公開したカードがそれ以外の場合、デッキの下に移す。,"ally 계열 트리거 + 원문 ""自分の現場にいる…"" (아군 대상)",high
id_0450,水無怜奈,1,0,ops.0,select,,any,"現場にいるこのキャラはカード名［本堂瑛海］としても扱う。
【相手ターン中】【現場リムーブ時】レベル5以下のキャラを1枚まで選び、スリープさせる。","현장에 있는 이 캐릭터는 카드명 [혼도 히데미]로도 취급한다.
【상대 턴 중】【현장 리무브 시】레벨 5 이하의 캐릭터를 1장까지 선택하여 슬리프시킨다.",【相手ターン中】【現場リムーブ時】レベル5以下のキャラを1枚まで選び、スリープさせる。,공식 룰북 p.22 — 대상 절에 自分の/相手の 없음(「キャラを～枚まで選び」는 지정이 없으면 양쪽 현장): …レベル5以下のキャラを1枚まで,high
id_0452,「諦めるなよ瑛海!!」,0,4,ops.4,select,,any,【パートナー(赤)】自分のデッキのカードを上から3枚見る。その中からカードを1枚まで手札に加え、残りをリムーブエリアに移す。リムーブエリアに移したカードのレベルの合計以下のレベルのキャラを1枚まで選び、リムーブする。,"【파트너(빨강)】자신의 덱 카드를 위에서 3장 본다. 그중에서 카드를 1장까지 손패에 넣고, 나머지를 리무브 에리어로 옮긴다. 리무브 에리어로 옮긴 카드의 레벨 합계 이하의 레벨인 캐릭터를 1장까지 골라 리무브한다.",【パートナー(赤)】自分のデッキのカードを上から3枚見る。その中からカードを1枚まで手札に加え、残りをリムーブエリアに移す。リムーブエリアに移したカードのレベルの合計以下のレベルのキャラを1枚まで選び、リムーブする。,공식 룰북 p.22 — 대상 절에 自分の/相手の 없음(「キャラを～枚まで選び」는 지정이 없으면 양쪽 현장): …のレベルの合計以下のレベルのキャラを1枚まで,high
id_0453,「消えろ!!」,1,0,ops.0,select,,any,"このイベントは自分のFILEエリアにあるカードが5枚以下の場合に使用できる。
【パートナー(赤)】【解決編】レベル8以上のキャラを1枚まで選び、リムーブする。
手札からレベル4以下のキャラを1枚まで登場させる。","이 이벤트는 자신의 FILE 에리어에 있는 카드가 5장 이하인 경우에 사용할 수 있다.
【파트너(적)】【해결편】레벨 8 이상의 캐릭터를 1장까지 선택하여 리무브한다.
손패에서 레벨 4 이하의 캐릭터를 1장까지 등장시킨다.",【パートナー(赤)】【解決編】レベル8以上のキャラを1枚まで選び、リムーブする。,공식 룰북 p.22 — 대상 절에 自分の/相手の 없음(「キャラを～枚まで選び」는 지정이 없으면 양쪽 현장): …レベル8以上のキャラを1枚まで,high
id_0455,佐藤美和子,2,0,ops.0.ops.0,select,,any,"自分の現場に特徴[警察]のキャラが3枚以上いる場合、このキャラをLP+1する。
【絆】高木渉【自分ターン中】自分の現場にいるカード名[高木渉]をAP+1000する。
【パートナー(黄)】【登場時】自分のリムーブエリアに特徴[警察]のキャラが3枚以上ある場合、レベル8以下のキャラを1枚まで選び、リムーブする。","자신의 현장에 특징[경찰]의 캐릭터가 3장 이상 있는 경우, 이 캐릭터는 LP+1 된다.
【인연】타카기 와타루 【자신 턴 중】 자신의 현장에 있는 카드명 [타카기 와타루]를 AP+1000 한다.
【파트너(노랑)】【등장 시】 자신의 리무브 에리어에 특징[경찰]의 캐릭터가 3장 이상 있는 경우, 레벨 8 이하의 캐릭터를 1장까지 골라 리무브한다.",【パートナー(黄)】【登場時】自分のリムーブエリアに特徴[警察]のキャラが3枚以上ある場合、レベル8以下のキャラを1枚まで選び、リムーブする。,공식 룰북 p.22 — 대상 절에 自分の/相手の 없음(「キャラを～枚まで選び」는 지정이 없으면 양쪽 현장): …レベル8以下のキャラを1枚まで,high
id_0457,風見裕也,0,0,ops.0.ops.0,select,,any,"【登場時】自分の現場に特徴［警察］のキャラが3枚以上いる場合、スリープ状態のキャラを1枚まで選び、スタンさせる。(スタン状態のキャラをアクティブにする場合、代わりにスリープさせる)
【ヒラメキ】(証拠からリムーブされるときに発動する) 自分のリムーブエリアにあるカード名［降谷零］を1枚まで選び、手札に加える。","【등장 시】자신의 현장에 특징 [경찰] 캐릭터가 3장 이상 있는 경우, 슬립 상태의 캐릭터를 1장까지 선택하여 스턴시킨다. (스턴 상태의 캐릭터를 액티브로 하는 경우, 대신 슬립시킨다)
【히라메키】(증거에서 리무브될 때 발동한다) 자신의 리무브 에리어에 있는 카드명 [후루야 레이]를 1장까지 선택하여 손패에 더한다.",【登場時】自分の現場に特徴[警察]のキャラが3枚以上いる場合、スリープ状態のキャラを1枚まで選び、スタンさせる。(スタン状態のキャラをアクティブにする場合、代わりにスリープさせる),공식 룰북 p.22 — 대상 절에 自分の/相手の 없음(「キャラを～枚まで選び」는 지정이 없으면 양쪽 현장): …スリープ状態のキャラを1枚まで,high
id_0458,白鳥任三郎,1,0,ops.0,select,,any,"このキャラがスリープ状態の場合、相手は自分の現場にいるレベル5以下の【青】とレベル5以下の【黄】のキャラを指定してアクションできない。
【宣言】【スリープ】:キャラを1枚まで選び、ターン終了時までAP+2000する。","이 캐릭터가 슬리프 상태인 경우, 상대는 자신의 현장에 있는 레벨 5 이하의 [청]과 레벨 5 이하의 [황] 캐릭터를 지정하여 액션할 수 없다.
【선언】【슬리프】: 캐릭터를 1장까지 선택하고, 턴 종료 시까지 AP+2000 한다.",【宣言】【スリープ】:キャラを1枚まで選び、ターン終了時までAP+2000する。,공식 룰북 p.22 — 대상 절에 自分の/相手の 없음(「キャラを～枚まで選び」는 지정이 없으면 양쪽 현장): …キャラを1枚まで,high
id_0459,千葉和伸,1,0,ops.0,select,,any,"自分の現場にいるキャラがガードしたとき、アクション終了時までそのキャラをAP+1000する。アクションで指定されていたのがカード名[三池苗子]だった場合、代わりにアクション終了時までそのキャラをAP+3000する。
【ヒラメキ】(証拠からリムーブされるときに発動する)キャラを1枚まで選び、スリープさせる。","자신의 현장에 있는 캐릭터가 가드했을 때, 액션 종료 시까지 그 캐릭터를 AP+1000 한다. 액션에서 지정되어 있던 것이 카드명 [미이케 나에코]였던 경우, 대신 액션 종료 시까지 그 캐릭터를 AP+3000 한다.
【히라메키】(증거에서 리무브될 때 발동한다) 캐릭터를 1장까지 골라 슬리프시킨다.",【ヒラメキ】(証拠からリムーブされるときに発動する)キャラを1枚まで選び、スリープさせる。,공식 룰북 p.22 — 대상 절에 自分の/相手の 없음(「キャラを～枚まで選び」는 지정이 없으면 양쪽 현장): …キャラを1枚まで,high
id_0460,降谷零,0,1,ops.1,select,,any,【パートナー(黄)】【宣言】【ターン①】【スリープ】：捜査2(相手はデッキのカードを上から指定の数だけ公開し、好きな順番でデッキの下に移す)する。自分の現場にカード名[風見裕也]がいる場合、代わりに捜査4する。発見されたカードのいずれかと同じレベルのキャラを1枚まで選び、リムーブする。,"【파트너(노랑)】【선언】【턴①】【슬리프】: 수사 2(상대는 덱의 카드를 위에서 지정된 수만큼 공개하고, 원하는 순서로 덱 아래로 옮긴다)를 한다. 자신의 현장에 카드명 [카자미 유야]가 있는 경우, 대신 수사 4를 한다. 발견된 카드 중 하나와 같은 레벨의 캐릭터를 1장까지 골라 리무브한다.",【パートナー(黄)】【宣言】【ターン1】【スリープ】:捜査2(相手はデッキのカードを上から指定の数だけ公開し、好きな順番でデッキの下に移す)する。自分の現場にカード名[風見裕也]がいる場合、代わりに捜査4する。発見されたカードのいずれかと同じレベルのキャラを1枚まで選び、リムーブする。,공식 룰북 p.22 — 대상 절에 自分の/相手の 없음(「キャラを～枚まで選び」는 지정이 없으면 양쪽 현장): …ードのいずれかと同じレベルのキャラを1枚まで,high
id_0465,目暮十三,0,0,ops.0,select,,any,自分のターン終了時、【黄】の特徴[警察]のキャラを1枚までと、【緑】の特徴[警察]のキャラを1枚まで選び、アクティブにする。,"자신의 턴 종료 시, 【노랑】 특징 [경찰] 캐릭터를 1장까지와 【초록】 특징 [경찰] 캐릭터를 1장까지 선택하여 액티브로 한다.",自分のターン終了時、【黄】の特徴[警察]のキャラを1枚までと、【緑】の特徴[警察]のキャラを1枚まで選び、アクティブにする。,공식 룰북 p.22 — 대상 절에 自分の/相手の 없음(「キャラを～枚まで選び」는 지정이 없으면 양쪽 현장): …の特徴[警察]のキャラを1枚まで,high
id_0465,目暮十三,0,1,ops.1,select,,any,自分のターン終了時、【黄】の特徴[警察]のキャラを1枚までと、【緑】の特徴[警察]のキャラを1枚まで選び、アクティブにする。,"자신의 턴 종료 시, 【노랑】 특징 [경찰] 캐릭터를 1장까지와 【초록】 특징 [경찰] 캐릭터를 1장까지 선택하여 액티브로 한다.",自分のターン終了時、【黄】の特徴[警察]のキャラを1枚までと、【緑】の特徴[警察]のキャラを1枚まで選び、アクティブにする。,공식 룰북 p.22 — 대상 절에 自分の/相手の 없음(「キャラを～枚まで選び」는 지정이 없으면 양쪽 현장): …の特徴[警察]のキャラを1枚まで,high
id_0466,横溝重悟,0,0,ops.0.opts.0.ops.0,select,,any,"【宣言】デッキの下に移す:LP0の特徴[警察]のキャラを1枚まで選び、ターン終了時までLP+1するか、ターン終了時までAP+2000する。
【ヒラメキ】(証拠からリムーブされるときに発動する)自分のリムーブエリアにあるカード名[萩原千速]を1枚まで選び、手札に加える。","【선언】덱 아래로 이동: LP0인 특징 [경찰] 캐릭터를 1장까지 선택하고, 턴 종료 시까지 LP+1 하거나 턴 종료 시까지 AP+2000 한다.
【히라메키】(증거에서 리무브될 때 발동한다) 자신의 리무브 에리어에 있는 카드명 [하기와라 치하야]를 1장까지 선택하여 손패에 넣는다.",【宣言】デッキの下に移す:LP0の特徴[警察]のキャラを1枚まで選び、ターン終了時までLP+1するか、ターン終了時までAP+2000する。,공식 룰북 p.22 — 대상 절에 自分の/相手の 없음(「キャラを～枚まで選び」는 지정이 없으면 양쪽 현장): …LP0の特徴[警察]のキャラを1枚まで,high
id_0466,横溝重悟,0,0,ops.0.opts.1.ops.0,select,,any,"【宣言】デッキの下に移す:LP0の特徴[警察]のキャラを1枚まで選び、ターン終了時までLP+1するか、ターン終了時までAP+2000する。
【ヒラメキ】(証拠からリムーブされるときに発動する)自分のリムーブエリアにあるカード名[萩原千速]を1枚まで選び、手札に加える。","【선언】덱 아래로 이동: LP0인 특징 [경찰] 캐릭터를 1장까지 선택하고, 턴 종료 시까지 LP+1 하거나 턴 종료 시까지 AP+2000 한다.
【히라메키】(증거에서 리무브될 때 발동한다) 자신의 리무브 에리어에 있는 카드명 [하기와라 치하야]를 1장까지 선택하여 손패에 넣는다.",【宣言】デッキの下に移す:LP0の特徴[警察]のキャラを1枚まで選び、ターン終了時までLP+1するか、ターン終了時までAP+2000する。,공식 룰북 p.22 — 원문 대상 절에 自分の/相手の 없음(양쪽 현장 선택 가능): 「LP0の特徴[警察]のキャラを1枚まで選び、…LP+1するか、…AP+2000する」,high
id_0469,「わかってくれますよね…」,0,1,ops.1.ops.0,select,,any,自分の現場にいるアクティブ状態の特徴［警察］のキャラを1枚スタンさせてもよい。(スタン状態のキャラをアクティブにする場合、代わりにスリープさせる) そうした場合、キャラを1枚まで選び、リムーブし、カードを1枚引く。,"자신의 현장에 있는 액티브 상태의 특징 [경찰] 캐릭터 1장을 스턴시켜도 된다. (스턴 상태의 캐릭터를 액티브로 하는 경우, 대신 슬립시킨다) 그렇게 한 경우, 캐릭터를 1장까지 선택해 리무브하고, 카드를 1장 뽑는다.",自分の現場にいるアクティブ状態の特徴［警察］のキャラを1枚スタンさせてもよい。そうした場合、キャラを1枚まで選び、リムーブし、カードを1枚引く。,공식 룰북 p.22 — 대상 절에 自分の/相手の 없음(「キャラを～枚まで選び」는 지정이 없으면 양쪽 현장): …キャラを1枚まで,high
id_0470,スコッチ,0,0,ops.0,select,,any,【パートナー(黒)】【宣言】【スリープ】相手の現場にいるキャラ1枚につき、デッキのカードを上から2枚リムーブする:AP8000以下のキャラを1枚まで選び、リムーブする。,"【파트너(검정)】【선언】【슬립】 상대 현장에 있는 캐릭터 1장마다, 덱의 카드를 위에서 2장 리무브한다: AP 8000 이하의 캐릭터를 1장까지 선택하고, 리무브한다.",【パートナー(黒)】【宣言】【スリープ】相手の現場にいるキャラ1枚につき、デッキのカードを上から2枚リムーブする:AP8000以下のキャラを1枚まで選び、リムーブする。,공식 룰북 p.22 — 대상 절에 自分の/相手の 없음(「キャラを～枚まで選び」는 지정이 없으면 양쪽 현장): …AP8000以下のキャラを1枚まで,high
id_0471,ベルモット,0,1,ops.1.ops.0,select,,any,【パートナー(黒)】【自分ターン中】【ターン①】自分の能力や効果によって相手の現場にいるキャラをリムーブしたとき、このキャラをスリープさせてもよい。そうした場合、レベル7以下のキャラを1枚まで選び、リムーブする。,"【파트너(검정)】【자신의 턴 중】【턴①】 자신의 능력이나 효과로 상대 현장에 있는 캐릭터를 리무브했을 때, 이 캐릭터를 슬리프시켜도 된다. 그렇게 한 경우, 레벨 7 이하의 캐릭터를 1장까지 선택하여 리무브한다.",【パートナー(黒)】【自分ターン中】【ターン1】自分の能力や効果によって相手の現場にいるキャラをリムーブしたとき、このキャラをスリープさせてもよい。そうした場合、レベル7以下のキャラを1枚まで選び、リムーブする。,공식 룰북 p.22 — 대상 절에 自分の/相手の 없음(「キャラを～枚まで選び」는 지정이 없으면 양쪽 현장): …レベル7以下のキャラを1枚まで,high
id_0474,キャンティ,0,1,ops.1.ops.0,select,,any,自分の現場にいるこのキャラ以外のキャラがコンタクトしたとき、このキャラをスリープさせてもよい。そうした場合、コンタクト中のキャラを1枚まで選び、このコンタクト中、AP+2000する。,"자신의 현장에 있는 이 캐릭터 이외의 캐릭터가 컨택트했을 때, 이 캐릭터를 슬립시켜도 된다. 그렇게 한 경우, 컨택트 중인 캐릭터를 1장까지 선택하고, 이 컨택트 중 AP+2000 한다.",自分の現場にいるこのキャラ以外のキャラがコンタクトしたとき、このキャラをスリープさせてもよい。そうした場合、コンタクト中のキャラを1枚まで選び、このコンタクト中、AP+2000する。,"대상이 コンタクト中/アクション中 의 카드로 참조 지정됨(원문 ""そのキャラ"") — 소유자는 참조가 정함",high
id_0474,キャンティ,0,,ef,onallycontact.ef,,self,自分の現場にいるこのキャラ以外のキャラがコンタクトしたとき、このキャラをスリープさせてもよい。そうした場合、コンタクト中のキャラを1枚まで選び、このコンタクト中、AP+2000する。,"자신의 현장에 있는 이 캐릭터 이외의 캐릭터가 컨택트했을 때, 이 캐릭터를 슬립시켜도 된다. 그렇게 한 경우, 컨택트 중인 캐릭터를 1장까지 선택하고, 이 컨택트 중 AP+2000 한다.",自分の現場にいるこのキャラ以外のキャラがコンタクトしたとき、このキャラをスリープさせてもよい。そうした場合、コンタクト中のキャラを1枚まで選び、このコンタクト中、AP+2000する。,"ally 계열 트리거 + 원문 ""自分の現場にいる…"" (아군 대상)",high
id_0475,コルン,0,1,ops.1.ops.0,select,,any,自分の現場にいるこのキャラ以外のキャラがコンタクトしたとき、このキャラをスリープさせてもよい。そうした場合、コンタクト中のキャラを1枚まで選び、このコンタクト中、AP+1000する。,"자신의 현장에 있는 이 캐릭터 이외의 캐릭터가 컨택트했을 때, 이 캐릭터를 슬립시켜도 된다. 그렇게 한 경우, 컨택트 중인 캐릭터를 1장까지 선택하고, 이 컨택트 중 AP+1000을 얻는다.",自分の現場にいるこのキャラ以外のキャラがコンタクトしたとき、このキャラをスリープさせてもよい。そうした場合、コンタクト中のキャラを1枚まで選び、このコンタクト中、AP+1000する。,"대상이 コンタクト中/アクション中 의 카드로 참조 지정됨(원문 ""そのキャラ"") — 소유자는 참조가 정함",high
id_0475,コルン,0,,ef,onallycontact.ef,,self,自分の現場にいるこのキャラ以外のキャラがコンタクトしたとき、このキャラをスリープさせてもよい。そうした場合、コンタクト中のキャラを1枚まで選び、このコンタクト中、AP+1000する。,"자신의 현장에 있는 이 캐릭터 이외의 캐릭터가 컨택트했을 때, 이 캐릭터를 슬립시켜도 된다. 그렇게 한 경우, 컨택트 중인 캐릭터를 1장까지 선택하고, 이 컨택트 중 AP+1000을 얻는다.",自分の現場にいるこのキャラ以外のキャラがコンタクトしたとき、このキャラをスリープさせてもよい。そうした場合、コンタクト中のキャラを1枚まで選び、このコンタクト中、AP+1000する。,"ally 계열 트리거 + 원문 ""自分の現場にいる…"" (아군 대상)",high
id_0481,沖矢昴,0,0,ops.0,select,,any,"【登場時】キャラを1枚まで選び、ターン終了時までブレット(このキャラのアクションはガードできない)を与える。
【ヒラメキ】(証拠からリムーブされるときに発動する)このカードを手札に加える。","【등장 시】 캐릭터를 1장까지 선택하고, 턴 종료 시까지 블렛(이 캐릭터의 액션은 가드할 수 없다)을 부여한다.
【히라메키】(증거에서 리무브될 때 발동한다) 이 카드를 손패에 넣는다.",【登場時】キャラを1枚まで選び、ターン終了時までバレット(このキャラのアクションはガードできない)を与える。,공식 룰북 p.22 — 대상 절에 自分の/相手の 없음(「キャラを～枚まで選び」는 지정이 없으면 양쪽 현장): …キャラを1枚まで,high
id_0482,伊達航,1,0,ops.0,select,,any,"このキャラのアクション終了時、このキャラを現場からデッキの下に移してもよい。
そうした場合、カードを1枚引き、手札からレベル6以下の特徴［警察］のキャラを1枚までスリープ状態で登場させる。
【ヒラメキ】(証拠からリムーブされるときに発動する)キャラを1枚まで選び、スリープさせる。","이 캐릭터의 액션 종료 시, 이 캐릭터를 현장에서 덱 아래로 옮겨도 된다. 그렇게 한 경우, 카드를 1장 뽑고, 손패에서 레벨 6 이하의 특징 [경찰] 캐릭터를 1장까지 슬리프 상태로 등장시킨다.
【히라메키】(증거에서 리무브될 때 발동한다) 캐릭터를 1장까지 선택하여 슬리프시킨다.",【ヒラメキ】(証拠からリムーブされるときに発動する)キャラを1枚まで選び、スリープさせる。,공식 룰북 p.22 — 대상 절에 自分の/相手の 없음(「キャラを～枚まで選び」는 지정이 없으면 양쪽 현장): …キャラを1枚まで,high
id_0484,安室透,0,,ef,onally.ef,,self,"【自分ターン中】【ターン①】自分の現場にこのキャラ以外の特徴［喫茶ポアロ］のキャラが登場したとき、相手の現場にいるキャラを1枚まで選び、ターン終了時までレベル－1する。
【パートナー(黄)】【宣言】【スリープ】デッキのカードを上から5枚リムーブする：この【宣言】能力のコストによって特徴［探偵］のキャラがリムーブされた場合、レベル8以下のキャラを1枚まで選び、リムーブする。","【자신 턴 중】【턴①】자신의 현장에 이 캐릭터 이외의 특징 [카페 포아로]의 캐릭터가 등장했을 때, 상대 현장에 있는 캐릭터를 1장까지 선택하고, 턴 종료 시까지 레벨 -1 한다.
【파트너(노랑)】【선언】【슬립】덱의 카드를 위에서 5장 리무브한다: 이 【선언】 능력의 코스트로 특징 [탐정]의 캐릭터가 리무브된 경우, 레벨 8 이하의 캐릭터를 1장까지 선택하고 리무브한다.",【自分ターン中】【ターン1】自分の現場にこのキャラ以外の特徴[喫茶ポアロ]のキャラが登場したとき、相手の現場にいるキャラを1枚まで選び、ターン終了時までレベル-1する。,"ally 계열 트리거 + 원문 ""自分の現場にいる…"" (아군 대상)",high
id_0484,安室透,1,0,ops.0.ops.0,select,,any,"【自分ターン中】【ターン①】自分の現場にこのキャラ以外の特徴［喫茶ポアロ］のキャラが登場したとき、相手の現場にいるキャラを1枚まで選び、ターン終了時までレベル－1する。
【パートナー(黄)】【宣言】【スリープ】デッキのカードを上から5枚リムーブする：この【宣言】能力のコストによって特徴［探偵］のキャラがリムーブされた場合、レベル8以下のキャラを1枚まで選び、リムーブする。","【자신 턴 중】【턴①】자신의 현장에 이 캐릭터 이외의 특징 [카페 포아로]의 캐릭터가 등장했을 때, 상대 현장에 있는 캐릭터를 1장까지 선택하고, 턴 종료 시까지 레벨 -1 한다.
【파트너(노랑)】【선언】【슬립】덱의 카드를 위에서 5장 리무브한다: 이 【선언】 능력의 코스트로 특징 [탐정]의 캐릭터가 리무브된 경우, 레벨 8 이하의 캐릭터를 1장까지 선택하고 리무브한다.",【パートナー(黄)】【宣言】【スリープ】デッキのカードを上から5枚リムーブする:この【宣言】能力のコストによって特徴[探偵]のキャラがリムーブされた場合、レベル8以下のキャラを1枚まで選び、リムーブする。,공식 룰북 p.22 — 대상 절에 自分の/相手の 없음(「キャラを～枚まで選び」는 지정이 없으면 양쪽 현장): …レベル8以下のキャラを1枚まで,high
id_0485,遠山和葉,1,0,ops.0,select,,any,"【事件編】【登場時】自分のデッキのカードを上から2枚見る。その中から特徴[高校生]のキャラを1枚まで公開して手札に加え、残りを好きな順番でデッキの下に移す。
【解決編】【宣言】【ターン①】このキャラ以外の特徴[高校生]のキャラを1枚まで選び、ターン終了時までAP+1000する。","【사건편】【등장 시】자신의 덱 카드를 위에서 2장 본다. 그중에서 특징 [고등학생]의 캐릭터를 1장까지 공개하여 손패에 추가하고, 나머지는 원하는 순서로 덱 아래로 이동한다.
【해결편】【선언】【턴①】이 캐릭터 이외의 특징 [고등학생]의 캐릭터를 1장까지 선택하고, 턴 종료 시까지 AP+1000 한다.",【解決編】【宣言】【ターン1】このキャラ以外の特徴[高校生]のキャラを1枚まで選び、ターン終了時までAP+1000する。,공식 룰북 p.22 — 대상 절에 自分の/相手の 없음(「キャラを～枚まで選び」는 지정이 없으면 양쪽 현장): …キャラ以外の特徴[高校生]のキャラを1枚まで,high
id_0489,江戸川コナン,0,1,ops.1.ops.0,select,,any,"【パートナー(青)】【登場時】手札から特徴［少年探偵団］のキャラを1枚リムーブしてもよい。そうした場合、AP8000以下のキャラを1枚まで選び、リムーブする。
自分のターン終了時、自分の現場に特徴［少年探偵団］のキャラが3枚以上いる場合、カードを1枚引く。","【파트너(파랑)】【등장 시】 손패에서 특징 [소년탐정단]의 캐릭터를 1장 리무브해도 좋다. 그렇게 한 경우, AP8000 이하의 캐릭터를 1장까지 선택하고 리무브한다.
자신의 턴 종료 시, 자신의 현장에 특징 [소년탐정단]의 캐릭터가 3장 이상 있는 경우, 카드를 1장 뽑는다.",【パートナー(青)】【登場時】手札から特徴[少年探偵団]のキャラを1枚リムーブしてもよい。そうした場合、AP8000以下のキャラを1枚まで選び、リムーブする。,공식 룰북 p.22 — 대상 절에 自分の/相手の 없음(「キャラを～枚まで選び」는 지정이 없으면 양쪽 현장): …AP8000以下のキャラを1枚まで,high
id_0497,阿笠博士,0,0,ops.0.ops.0,select,,any,"【解決編】【登場時】自分の現場に特徴［少年探偵団］のキャラがいる場合、キャラを1枚まで選び、スリープさせる。
【ヒラメキ】(証拠からリムーブされるときに発動する) キャラを1枚まで選び、スリープさせる。","【해결편】【등장 시】 자신의 현장에 특징 [소년탐정단]의 캐릭터가 있는 경우, 캐릭터를 1장까지 선택하여 슬리프시킨다.
【히라메키】(증거에서 리무브될 때 발동한다) 캐릭터를 1장까지 선택하여 슬리프시킨다.",【解決編】【登場時】自分の現場に特徴[少年探偵団]のキャラがいる場合、キャラを1枚まで選び、スリープさせる。,공식 룰북 p.22 — 대상 절에 自分の/相手の 없음(「キャラを～枚まで選び」는 지정이 없으면 양쪽 현장): …キャラを1枚まで,high
id_0497,阿笠博士,1,0,ops.0,select,,any,"【解決編】【登場時】自分の現場に特徴［少年探偵団］のキャラがいる場合、キャラを1枚まで選び、スリープさせる。
【ヒラメキ】(証拠からリムーブされるときに発動する) キャラを1枚まで選び、スリープさせる。","【해결편】【등장 시】 자신의 현장에 특징 [소년탐정단]의 캐릭터가 있는 경우, 캐릭터를 1장까지 선택하여 슬리프시킨다.
【히라메키】(증거에서 리무브될 때 발동한다) 캐릭터를 1장까지 선택하여 슬리프시킨다.",【ヒラメキ】(証拠からリムーブされるときに発動する) キャラを1枚まで選び、スリープさせる。,공식 룰북 p.22 — 대상 절에 自分の/相手の 없음(「キャラを～枚まで選び」는 지정이 없으면 양쪽 현장): … キャラを1枚まで,high
id_0498,「あら…頼もしいじゃない…」,0,1,ops.1,select,,any,"自分のリムーブエリアにあるレベル5以下のカード名[阿笠博士]かレベル5以下の特徴[少年探偵団]のキャラを1枚まで選び、登場させる。特徴[少年探偵団]のキャラを1枚まで選び、ターン終了時までAP+2000する。
【ヒラメキ】(証拠からリムーブされるときに発動する)カードを1枚引く。","자신의 리무브 에리어에 있는 레벨 5 이하의 카드명 [아가사 히로시 박사] 또는 레벨 5 이하의 특징 [소년탐정단] 캐릭터를 1장까지 선택하여 등장시킨다. 특징 [소년탐정단] 캐릭터를 1장까지 선택하고, 턴 종료 시까지 AP+2000 한다.
【히라메키】(증거에서 리무브될 때 발동한다) 카드를 1장 뽑는다.",自分のリムーブエリアにあるレベル5以下のカード名[阿笠博士]かレベル5以下の特徴[少年探偵団]のキャラを1枚まで選び、登場させる。特徴[少年探偵団]のキャラを1枚まで選び、ターン終了時までAP+2000する。,공식 룰북 p.22 — 대상 절에 自分の/相手の 없음(「キャラを～枚まで選び」는 지정이 없으면 양쪽 현장): …特徴[少年探偵団]のキャラを1枚まで,high
id_0499,青の古城探索事件,1,0,ops.0,select,,any,"この事件が解決編になったとき、自分は手札を1枚リムーブする。
【解決編】【宣言】【ターン①】裏向きの証拠を1つ以上表向きにする：特徴［少年探偵団］のキャラを1枚まで選び、この【宣言】能力のコストで表向きにした証拠1つにつき、ターン終了時までAP+1000する。","이 사건이 해결편이 되었을 때, 자신은 손패를 1장 리무브한다.
【해결편】【선언】【턴①】뒤집혀 있는 증거를 1개 이상 앞면으로 한다: 특징 [소년탐정단]의 캐릭터를 1장까지 선택하고, 이 【선언】 능력의 코스트로 앞면으로 한 증거 1개당 턴 종료 시까지 AP+1000 한다.",【解決編】【宣言】【ターン1】裏向きの証拠を1つ以上表向きにする:特徴[少年探偵団]のキャラを1枚まで選び、この【宣言】能力のコストで表向きにした証拠1つにつき、ターン終了時までAP+1000する。,공식 룰북 p.22 — 대상 절에 自分の/相手の 없음(「キャラを～枚まで選び」는 지정이 없으면 양쪽 현장): …特徴[少年探偵団]のキャラを1枚まで,high
id_0500,大和敢助,1,2,ops.2.ops.0,select,,any,"【絆】諸伏高明【自分ターン中】LP+1
【登場時】カードを1枚引き、手札を1枚リムーブする。リムーブしたカードが特徴[長野県警]のキャラの場合、AP8000以下のキャラを1枚まで選び、リムーブする。","【인연】모로후시 타카아키【자신 턴 중】LP+1
【등장 시】카드를 1장 뽑고, 손패를 1장 리무브한다. 리무브한 카드가 특징 [나가노현경]의 캐릭터인 경우, AP8000 이하의 캐릭터를 1장까지 선택하여 리무브한다.",【登場時】カードを1枚引き、手札を1枚リムーブする。リムーブしたカードが特徴[長野県警]のキャラの場合、AP8000以下のキャラを1枚まで選び、リムーブする。,공식 룰북 p.22 — 대상 절에 自分の/相手の 없음(「キャラを～枚まで選び」는 지정이 없으면 양쪽 현장): …AP8000以下のキャラを1枚まで,high
id_0503,降谷零,0,,ef,onallykill.ef,,self,"【ターン①】相手の現場にいるキャラが自分の現場にいる特徴［警察］のキャラとのコンタクトによってリムーブされたとき、手札を1枚リムーブしてもよい。そうした場合、自分は証拠を1つ得る。
【ヒラメキ】(証拠からリムーブされるときに発動する）キャラを1枚まで選び、スリープさせる。","【턴①】상대의 현장에 있는 캐릭터가 자신의 현장에 있는 특징 [경찰] 캐릭터와의 컨택트로 인해 리무브되었을 때, 손패를 1장 리무브해도 된다. 그렇게 한 경우, 자신은 증거를 1개 얻는다.
【히라메키】(증거에서 리무브될 때 발동한다) 캐릭터를 1장까지 선택하여 슬리프시킨다.",【ターン1】相手の現場にいるキャラが自分の現場にいる特徴[警察]のキャラとのコンタクトによってリムーブされたとき、手札を1枚リムーブしてもよい。そうした場合、自分は証拠を1つ得る。,"ally 계열 트리거 + 원문 ""自分の現場にいる…"" (아군 대상)",high
id_0503,降谷零,1,0,ops.0,select,,any,"【ターン①】相手の現場にいるキャラが自分の現場にいる特徴［警察］のキャラとのコンタクトによってリムーブされたとき、手札を1枚リムーブしてもよい。そうした場合、自分は証拠を1つ得る。
【ヒラメキ】(証拠からリムーブされるときに発動する）キャラを1枚まで選び、スリープさせる。","【턴①】상대의 현장에 있는 캐릭터가 자신의 현장에 있는 특징 [경찰] 캐릭터와의 컨택트로 인해 리무브되었을 때, 손패를 1장 리무브해도 된다. 그렇게 한 경우, 자신은 증거를 1개 얻는다.
【히라메키】(증거에서 리무브될 때 발동한다) 캐릭터를 1장까지 선택하여 슬리프시킨다.",【ヒラメキ】(証拠からリムーブされるときに発動する)キャラを1枚まで選び、スリープさせる。,공식 룰북 p.22 — 대상 절에 自分の/相手の 없음(「キャラを～枚まで選び」는 지정이 없으면 양쪽 현장): …キャラを1枚まで,high
id_0505,大和敢助,0,0,ops.0,select,,any,"【FILE7】【登場時】キャラを1枚まで選び、スリープさせる。
【パートナー(黄)】【宣言】【スリープ】：相手の現場にいるレベル5以下のスリープ状態のキャラを1枚まで選び、手札に移す。","【FILE7】【登場시】 캐릭터를 1장까지 선택하여 슬립시킨다.
【파트너(노랑)】【선언】【슬립】: 상대의 현장에 있는 레벨 5 이하의 슬립 상태인 캐릭터를 1장까지 선택하여 손패로 이동한다.",【FILE7】【登場時】キャラを1枚まで選び、スリープさせる。,공식 룰북 p.22 — 대상 절에 自分の/相手の 없음(「キャラを～枚まで選び」는 지정이 없으면 양쪽 현장): …キャラを1枚まで,high
id_0510,死亡の館、赤い壁,1,0,ops.0,select,,any,"この事件が解決編になったとき、自分は手札を1枚リムーブする。
【解決編】【宣言】【ターン①】裏向きの証拠を3つ表向きにする: 特徴［長野県警］のキャラを1枚まで選び、ターン終了時まで突撃［キャラ］(登場したターンからすぐにキャラを指定してアクションできる)を与える。","이 사건이 해결편이 되었을 때, 자신은 손패를 1장 리무브한다.
【해결편】【선언】【턴①】 뒤집힌 증거를 3개 앞면으로 한다: 특징 [나가노 현경]의 캐릭터를 1장까지 고르고, 턴 종료 시까지 돌격[캐릭터](등장한 턴부터 바로 캐릭터를 지정해 액션할 수 있다)를 부여한다.",【解決編】【宣言】【ターン1】裏向きの証拠を3つ表向きにする: 特徴[長野県警]のキャラを1枚まで選び、ターン終了時まで突撃[キャラ](登場したターンからすぐにキャラを指定してアクションできる)を与える。,공식 룰북 p.22 — 대상 절에 自分の/相手の 없음(「キャラを～枚まで選び」는 지정이 없으면 양쪽 현장): … 特徴[長野県警]のキャラを1枚まで,high
id_0511,江戸川コナン&工藤新一,0,0,ops.0,select,,any,"【パートナー】【青】【ターン①】自分がネクストヒントで【青】のカードを使用したとき、AP8000以下のキャラを1枚まで選び、デッキの下に移す。
【宣言】【ターン①】相手の現場にいるキャラを1枚まで選び、ターン終了時まで「このキャラはガードできる場合、必ずガードする。」を与える。この能力はパートナーエリアでも宣言できる。
【カットイン】AP+2000
【MR能力】相手ターン中に現場を離れる場合、パートナーエリアに移動する。
自分の現場にMRが登場する場合、リムーブする。","【파트너】【청】【턴①】자신이 넥스트 힌트로 【청】 카드를 사용했을 때, AP8000 이하의 캐릭터를 1장까지 선택하여 덱 아래로 이동한다.
【선언】【턴①】상대 현장에 있는 캐릭터를 1장까지 선택하고, 턴 종료 시까지 ""이 캐릭터는 가드할 수 있는 경우, 반드시 가드한다.""를 부여한다. 이 능력은 파트너 에리어에서도 선언할 수 있다.
【컷인】AP+2000
【MR 능력】상대 턴 중에 현장을 떠나는 경우, 파트너 에리어로 이동한다.
자신의 현장에 MR이 등장하는 경우, 리무브한다.",【パートナー】【青】【ターン1】自分がネクストヒントで【青】のカードを使用したとき、AP8000以下のキャラを1枚まで選び、デッキの下に移す。,공식 룰북 p.22 — 대상 절에 自分の/相手の 없음(「キャラを～枚まで選び」는 지정이 없으면 양쪽 현장): …AP8000以下のキャラを1枚まで,high
id_0511,江戸川コナン&工藤新一,0,,sf,ontrig.sf,,self,"【パートナー】【青】【ターン①】自分がネクストヒントで【青】のカードを使用したとき、AP8000以下のキャラを1枚まで選び、デッキの下に移す。
【宣言】【ターン①】相手の現場にいるキャラを1枚まで選び、ターン終了時まで「このキャラはガードできる場合、必ずガードする。」を与える。この能力はパートナーエリアでも宣言できる。
【カットイン】AP+2000
【MR能力】相手ターン中に現場を離れる場合、パートナーエリアに移動する。
自分の現場にMRが登場する場合、リムーブする。","【파트너】【청】【턴①】자신이 넥스트 힌트로 【청】 카드를 사용했을 때, AP8000 이하의 캐릭터를 1장까지 선택하여 덱 아래로 이동한다.
【선언】【턴①】상대 현장에 있는 캐릭터를 1장까지 선택하고, 턴 종료 시까지 ""이 캐릭터는 가드할 수 있는 경우, 반드시 가드한다.""를 부여한다. 이 능력은 파트너 에리어에서도 선언할 수 있다.
【컷인】AP+2000
【MR 능력】상대 턴 중에 현장을 떠나는 경우, 파트너 에리어로 이동한다.
자신의 현장에 MR이 등장하는 경우, 리무브한다.",【パートナー】【青】【ターン1】自分がネクストヒントで【青】のカードを使用したとき、AP8000以下のキャラを1枚まで選び、デッキの下に移す。,트리거의 who=self(원문이 정한 행동 주체)와 동일한 쪽,high
id_0512,毛利小五郎,0,1,ops.1.ops.0,select,,any,"【パートナー(青)】【宣言】【ターン①】このキャラがアクティブ状態の場合、ターン終了時までこのキャラは突撃(登場したターンからすぐにアクションできる)を持つ。
スリープ状態かスタン状態の場合、AP8000以下のキャラを1枚まで選び、リムーブし、カードを1枚引く。この能力は自分の現場にカード名[妃英理]かこのキャラ以外の特徴[毛利探偵事務所]のキャラがいる場合に宣言できる。","【파트너(파랑)】【선언】【턴①】이 캐릭터가 액티브 상태인 경우, 턴 종료 시까지 이 캐릭터는 돌격(등장한 턴부터 바로 액션할 수 있다)을 가진다.
슬립 상태나 스턴 상태인 경우, AP8000 이하의 캐릭터를 1장까지 선택하여 리무브하고, 카드를 1장 뽑는다. 이 능력은 자신의 현장에 카드명 [키사키 에리]나 이 캐릭터 이외의 특징 [모리 탐정사무소]의 캐릭터가 있는 경우에 선언할 수 있다.",スリープ状態かスタン状態の場合、AP8000以下のキャラを1枚まで選び、リムーブし、カードを1枚引く。この能力は自分の現場にカード名[妃英理]かこのキャラ以外の特徴[毛利探偵事務所]のキャラがいる場合に宣言できる。,공식 룰북 p.22 — 대상 절에 自分の/相手の 없음(「キャラを～枚まで選び」는 지정이 없으면 양쪽 현장): …AP8000以下のキャラを1枚まで,high
id_0514,灰原哀,1,0,ops.0,select,,any,"【絆】江戸川コナン 相手の能力や効果によって選ばれない。
【解決編】【宣言】【ターン①】このキャラ以外の特徴［少年探偵団］のキャラを1枚まで選び、ターン終了時まで突撃［キャラ］（登場したターンからすぐにキャラを指定してアクションできる）を与える。
【ヒラメキ】（証拠からリムーブされるときに発動する）キャラを1枚まで選び、スリープさせる。","【인연】에도가와 코난: 상대의 능력이나 효과로 선택되지 않는다.
【해결편】【선언】【턴①】이 캐릭터 이외의 특징 [소년탐정단]을 가진 캐릭터를 1장까지 선택하고, 턴 종료 시까지 돌격[캐릭터](등장한 턴부터 바로 캐릭터를 지정하여 액션할 수 있다)을 부여한다.
【번뜩임】(증거에서 리무브될 때 발동한다) 캐릭터를 1장까지 선택하고, 슬립시킨다.",【解決編】【宣言】【ターン1】このキャラ以外の特徴[少年探偵団]のキャラを1枚まで選び、ターン終了時まで突撃[キャラ](登場したターンからすぐにキャラを指定してアクションできる)を与える。,공식 룰북 p.22 — 대상 절에 自分の/相手の 없음(「キャラを～枚まで選び」는 지정이 없으면 양쪽 현장): …ラ以外の特徴[少年探偵団]のキャラを1枚まで,high
id_0514,灰原哀,2,0,ops.0,select,,any,"【絆】江戸川コナン 相手の能力や効果によって選ばれない。
【解決編】【宣言】【ターン①】このキャラ以外の特徴［少年探偵団］のキャラを1枚まで選び、ターン終了時まで突撃［キャラ］（登場したターンからすぐにキャラを指定してアクションできる）を与える。
【ヒラメキ】（証拠からリムーブされるときに発動する）キャラを1枚まで選び、スリープさせる。","【인연】에도가와 코난: 상대의 능력이나 효과로 선택되지 않는다.
【해결편】【선언】【턴①】이 캐릭터 이외의 특징 [소년탐정단]을 가진 캐릭터를 1장까지 선택하고, 턴 종료 시까지 돌격[캐릭터](등장한 턴부터 바로 캐릭터를 지정하여 액션할 수 있다)을 부여한다.
【번뜩임】(증거에서 리무브될 때 발동한다) 캐릭터를 1장까지 선택하고, 슬립시킨다.",【ヒラメキ】(証拠からリムーブされるときに発動する)キャラを1枚まで選び、スリープさせる。,공식 룰북 p.22 — 대상 절에 自分の/相手の 없음(「キャラを～枚まで選び」는 지정이 없으면 양쪽 현장): …キャラを1枚まで,high
id_0524,円谷光彦,0,0,ops.0,select,,any,【宣言】リムーブエリアに移す:カード名[灰原哀]のキャラを1枚まで選び、ターン終了時までAP+2000する。,"【선언】리무브 에리어로 옮긴다: 카드명 [하이바라 아이]의 캐릭터를 1장까지 선택하고, 턴 종료 시까지 AP+2000 한다.",【宣言】リムーブエリアに移す:カード名[灰原哀]のキャラを1枚まで選び、ターン終了時までAP+2000する。,공식 룰북 p.22 — 대상 절에 自分の/相手の 없음(「キャラを～枚まで選び」는 지정이 없으면 양쪽 현장): …カード名[灰原哀]のキャラを1枚まで,high
id_0525,中道和志,0,1,ops.1.ops.0,select,,any,自分の現場にいるカード名［毛利小五郎］が推理したとき、このキャラをリムーブしてもよい。そうした場合、LP0のキャラを1枚まで選び、ターン終了時までLP+1する。,"자신의 현장에 있는 카드명 [모리 코고로]가 추리했을 때, 이 캐릭터를 리무브해도 좋다. 그렇게 한 경우, LP가 0인 캐릭터를 1장까지 선택하고, 턴 종료 시까지 LP+1을 한다.",自分の現場にいるカード名[毛利小五郎]が推理したとき、このキャラをリムーブしてもよい。そうした場合、LP0のキャラを1枚まで選び、ターン終了時までLP+1する。,공식 룰북 p.22 — 대상 절에 自分の/相手の 없음(「キャラを～枚まで選び」는 지정이 없으면 양쪽 현장): …LP0のキャラを1枚まで,high
id_0529,「探偵の毛利小五郎でございます…」,0,0,ops.0.ops.0,select,,any,"以下から1つ選んで行う。自分の現場にカード名[毛利小五郎]がいる場合、代わりに2つとも行う。(上から順に行う)
・特徴[毛利探偵事務所]のキャラを1枚まで選び、ターン終了時まで【突撃】(登場したターンからすぐにアクションできる)を与える。
・キャラを1枚まで選び、スリープさせる。カードを1枚引く。","아래에서 1개를 골라 수행한다. 자신의 현장에 카드명 [毛利小五郎]가 있는 경우, 대신 2개 모두 수행한다. (위에서부터 순서대로 수행)
・특징 [毛利探偵事務所]를 가진 캐릭터를 1장까지 선택하고, 턴 종료 시까지 【돌격】(등장한 턴부터 바로 액션할 수 있다)을 부여한다.
・캐릭터를 1장까지 선택하여 슬립시킨다. 카드를 1장 뽑는다.","以下から1つ選んで行う。自分の現場にカード名[毛利小五郎]がいる場合、代わりに2つとも行う。(上から順に行う)
・特徴[毛利探偵事務所]のキャラを1枚まで選び、ターン終了時まで【突撃】(登場したターンからすぐにアクションできる)を与える。
・キャラを1枚まで選び、スリープさせる。カードを1枚引く。",공식 룰북 p.22 — 대상 절에 自分の/相手の 없음(「キャラを～枚まで選び」는 지정이 없으면 양쪽 현장): …特徴[毛利探偵事務所]のキャラを1枚まで,high
id_0529,「探偵の毛利小五郎でございます…」,0,0,ops.0.ops.1,select,,any,"以下から1つ選んで行う。自分の現場にカード名[毛利小五郎]がいる場合、代わりに2つとも行う。(上から順に行う)
・特徴[毛利探偵事務所]のキャラを1枚まで選び、ターン終了時まで【突撃】(登場したターンからすぐにアクションできる)を与える。
・キャラを1枚まで選び、スリープさせる。カードを1枚引く。","아래에서 1개를 골라 수행한다. 자신의 현장에 카드명 [毛利小五郎]가 있는 경우, 대신 2개 모두 수행한다. (위에서부터 순서대로 수행)
・특징 [毛利探偵事務所]를 가진 캐릭터를 1장까지 선택하고, 턴 종료 시까지 【돌격】(등장한 턴부터 바로 액션할 수 있다)을 부여한다.
・캐릭터를 1장까지 선택하여 슬립시킨다. 카드를 1장 뽑는다.","以下から1つ選んで行う。自分の現場にカード名[毛利小五郎]がいる場合、代わりに2つとも行う。(上から順に行う)
・特徴[毛利探偵事務所]のキャラを1枚まで選び、ターン終了時まで【突撃】(登場したターンからすぐにアクションできる)を与える。
・キャラを1枚まで選び、スリープさせる。カードを1枚引く。",공식 룰북 p.22 — 대상 절에 自分の/相手の 없음(「キャラを～枚まで選び」는 지정이 없으면 양쪽 현장): …キャラを1枚まで,high
id_0529,「探偵の毛利小五郎でございます…」,0,0,ops.0.else.0.opts.0.ops.0,select,,any,"以下から1つ選んで行う。自分の現場にカード名[毛利小五郎]がいる場合、代わりに2つとも行う。(上から順に行う)
・特徴[毛利探偵事務所]のキャラを1枚まで選び、ターン終了時まで【突撃】(登場したターンからすぐにアクションできる)を与える。
・キャラを1枚まで選び、スリープさせる。カードを1枚引く。","아래에서 1개를 골라 수행한다. 자신의 현장에 카드명 [毛利小五郎]가 있는 경우, 대신 2개 모두 수행한다. (위에서부터 순서대로 수행)
・특징 [毛利探偵事務所]를 가진 캐릭터를 1장까지 선택하고, 턴 종료 시까지 【돌격】(등장한 턴부터 바로 액션할 수 있다)을 부여한다.
・캐릭터를 1장까지 선택하여 슬립시킨다. 카드를 1장 뽑는다.","以下から1つ選んで行う。自分の現場にカード名[毛利小五郎]がいる場合、代わりに2つとも行う。(上から順に行う)
・特徴[毛利探偵事務所]のキャラを1枚まで選び、ターン終了時まで【突撃】(登場したターンからすぐにアクションできる)を与える。
・キャラを1枚まで選び、スリープさせる。カードを1枚引く。",공식 룰북 p.22 — 대상 절에 自分の/相手の 없음(「キャラを～枚まで選び」는 지정이 없으면 양쪽 현장): …特徴[毛利探偵事務所]のキャラを1枚まで,high
id_0529,「探偵の毛利小五郎でございます…」,0,0,ops.0.else.0.opts.1.ops.0,select,,any,"以下から1つ選んで行う。自分の現場にカード名[毛利小五郎]がいる場合、代わりに2つとも行う。(上から順に行う)
・特徴[毛利探偵事務所]のキャラを1枚まで選び、ターン終了時まで【突撃】(登場したターンからすぐにアクションできる)を与える。
・キャラを1枚まで選び、スリープさせる。カードを1枚引く。","아래에서 1개를 골라 수행한다. 자신의 현장에 카드명 [毛利小五郎]가 있는 경우, 대신 2개 모두 수행한다. (위에서부터 순서대로 수행)
・특징 [毛利探偵事務所]를 가진 캐릭터를 1장까지 선택하고, 턴 종료 시까지 【돌격】(등장한 턴부터 바로 액션할 수 있다)을 부여한다.
・캐릭터를 1장까지 선택하여 슬립시킨다. 카드를 1장 뽑는다.","以下から1つ選んで行う。自分の現場にカード名[毛利小五郎]がいる場合、代わりに2つとも行う。(上から順に行う)
・特徴[毛利探偵事務所]のキャラを1枚まで選び、ターン終了時まで【突撃】(登場したターンからすぐにアクションできる)を与える。
・キャラを1枚まで選び、スリープさせる。カードを1枚引く。",공식 룰북 p.22 — 대상 절에 自分の/相手の 없음(「キャラを～枚まで選び」는 지정이 없으면 양쪽 현장): …キャラを1枚まで,high
id_0531,服部平次&遠山和葉,0,0,ops.0.opts.0.ops.0,select,,any,"【パートナー(緑)】【宣言】【ターン①】レベル8以下の(緑)のキャラを1枚まで選び、アクティブにするか、ターン終了時まで突撃(登場したターンからすぐにアクションできる)を与える。
【ターン①】自分の現場にカード名[服部平次]か[遠山和葉]が登場したとき、キャラを1枚まで選び、スリープさせる。この能力はパートナーエリアでも発動する。
【カットイン】AP+2000
【MR能力】相手ターン中に現場を離れる場合、パートナーエリアに移動する。
自分の現場にMRが登場する場合、リムーブする。","【파트너(초록)】【선언】【턴①】레벨 8 이하의 (초록) 캐릭터를 1장까지 선택하여, 액티브로 하거나 턴 종료시까지 돌격(등장한 턴부터 바로 액션할 수 있다)을 부여한다.
【턴①】자신의 현장에 카드명 [핫토리 헤이지] 또는 [토야마 카즈하]가 등장했을 때, 캐릭터를 1장까지 선택하여 슬리프시킨다. 이 능력은 파트너 에리어에서도 발동한다.
【컷인】AP+2000
【MR 능력】상대 턴 중에 현장을 떠나는 경우, 파트너 에리어로 이동한다.
자신의 현장에 MR이 등장하는 경우, 리무브한다.",【パートナー(緑)】【宣言】【ターン1】レベル8以下の【緑】のキャラを1枚まで選び、アクティブにするか、ターン終了時まで突撃(登場したターンからすぐにアクションできる)を与える。,공식 룰북 p.22 — 대상 절에 自分の/相手の 없음(「キャラを～枚まで選び」는 지정이 없으면 양쪽 현장): …レベル8以下ののキャラを1枚まで,high
id_0531,服部平次&遠山和葉,0,0,ops.0.opts.1.ops.0,select,,any,"【パートナー(緑)】【宣言】【ターン①】レベル8以下の(緑)のキャラを1枚まで選び、アクティブにするか、ターン終了時まで突撃(登場したターンからすぐにアクションできる)を与える。
【ターン①】自分の現場にカード名[服部平次]か[遠山和葉]が登場したとき、キャラを1枚まで選び、スリープさせる。この能力はパートナーエリアでも発動する。
【カットイン】AP+2000
【MR能力】相手ターン中に現場を離れる場合、パートナーエリアに移動する。
自分の現場にMRが登場する場合、リムーブする。","【파트너(초록)】【선언】【턴①】레벨 8 이하의 (초록) 캐릭터를 1장까지 선택하여, 액티브로 하거나 턴 종료시까지 돌격(등장한 턴부터 바로 액션할 수 있다)을 부여한다.
【턴①】자신의 현장에 카드명 [핫토리 헤이지] 또는 [토야마 카즈하]가 등장했을 때, 캐릭터를 1장까지 선택하여 슬리프시킨다. 이 능력은 파트너 에리어에서도 발동한다.
【컷인】AP+2000
【MR 능력】상대 턴 중에 현장을 떠나는 경우, 파트너 에리어로 이동한다.
자신의 현장에 MR이 등장하는 경우, 리무브한다.",【パートナー(緑)】【宣言】【ターン1】レベル8以下の【緑】のキャラを1枚まで選び、アクティブにするか、ターン終了時まで突撃(登場したターンからすぐにアクションできる)を与える。,공식 룰북 p.22 — 원문 대상 절에 自分の/相手の 없음(양쪽 현장 선택 가능): 「レベル8以下の【緑】のキャラを1枚まで選び、アクティブにするか、…突撃を与える」,high
id_0531,服部平次&遠山和葉,1,0,ops.0,select,,any,"【パートナー(緑)】【宣言】【ターン①】レベル8以下の(緑)のキャラを1枚まで選び、アクティブにするか、ターン終了時まで突撃(登場したターンからすぐにアクションできる)を与える。
【ターン①】自分の現場にカード名[服部平次]か[遠山和葉]が登場したとき、キャラを1枚まで選び、スリープさせる。この能力はパートナーエリアでも発動する。
【カットイン】AP+2000
【MR能力】相手ターン中に現場を離れる場合、パートナーエリアに移動する。
自分の現場にMRが登場する場合、リムーブする。","【파트너(초록)】【선언】【턴①】레벨 8 이하의 (초록) 캐릭터를 1장까지 선택하여, 액티브로 하거나 턴 종료시까지 돌격(등장한 턴부터 바로 액션할 수 있다)을 부여한다.
【턴①】자신의 현장에 카드명 [핫토리 헤이지] 또는 [토야마 카즈하]가 등장했을 때, 캐릭터를 1장까지 선택하여 슬리프시킨다. 이 능력은 파트너 에리어에서도 발동한다.
【컷인】AP+2000
【MR 능력】상대 턴 중에 현장을 떠나는 경우, 파트너 에리어로 이동한다.
자신의 현장에 MR이 등장하는 경우, 리무브한다.",【ターン1】自分の現場にカード名[服部平次]か[遠山和葉]が登場したとき、キャラを1枚まで選び、スリープさせる。この能力はパートナーエリアでも発動する。,공식 룰북 p.22 — 대상 절에 自分の/相手の 없음(「キャラを～枚まで選び」는 지정이 없으면 양쪽 현장): …キャラを1枚まで,high
id_0532,服部平蔵,0,1,ops.1.ops.0,select,,any,"【パートナー(緑)】【宣言】【ターン①】自分か相手の現場にいるキャラに裏向きでセットされているカードを1枚リムーブしてもよい。そうした場合、AP8000以下のキャラを1枚まで選び、リムーブする。
【宣言】【スリープ】:自分の現場にいる特徴[警察]のキャラを1枚までと、相手の現場にいるキャラを1枚まで選び、持ち主のデッキのカードを上から1枚裏向きで選んだキャラにセットする。","【파트너(초록)】【선언】【턴①】자신 또는 상대의 현장에 있는 캐릭터에 뒷면으로 세트되어 있는 카드를 1장 리무브해도 된다. 그렇게 한 경우, AP8000 이하의 캐릭터를 1장까지 선택하여 리무브한다.
【선언】【슬리프】: 자신의 현장에 있는 특징[경찰]의 캐릭터를 1장까지와, 상대의 현장에 있는 캐릭터를 1장까지 선택하고, 각 소유자의 덱 카드를 위에서 1장 뒷면으로 선택한 캐릭터에 세트한다.",【パートナー(緑)】【宣言】【ターン1】自分か相手の現場にいるキャラに裏向きでセットされているカードを1枚リムーブしてもよい。そうした場合、AP8000以下のキャラを1枚まで選び、リムーブする。,공식 룰북 p.22 — 대상 절에 自分の/相手の 없음(「キャラを～枚まで選び」는 지정이 없으면 양쪽 현장): …AP8000以下のキャラを1枚まで,high
id_0533,大岡紅葉,1,1,ops.1.ops.0,select,,any,"【宣言】【スリープ】:自分の現場にいるキャラを1枚まで選び、自分のデッキのカードを上から1枚裏向きでセットする。
【パートナー(緑)】【宣言】【ターン①】自分か相手の現場にいるキャラに裏向きでセットされているカードを合わせて2枚リムーブしてもよい。(自分と相手で1枚ずつリムーブできる)そうした場合、レベル7以下のキャラを1枚まで選び、リムーブする。","【선언】【슬립】: 자신의 현장에 있는 캐릭터를 1장까지 선택하고, 자신의 덱 위에서 카드 1장을 뒷면으로 세트한다.
【파트너(초록)】【선언】【턴①】 자신이나 상대의 현장에 있는 캐릭터에게 뒷면으로 세트되어 있는 카드를 합쳐서 2장 리무브해도 좋다. (자신과 상대가 1장씩 리무브할 수 있다.) 그렇게 한 경우, 레벨 7 이하의 캐릭터를 1장까지 선택하고 리무브한다.",【パートナー(緑)】【宣言】【ターン1】自分か相手の現場にいるキャラに裏向きでセットされているカードを合わせて2枚リムーブしてもよい。(自分と相手で1枚ずつリムーブできる)そうした場合、レベル7以下のキャラを1枚まで選び、リムーブする。,공식 룰북 p.22 — 대상 절에 自分の/相手の 없음(「キャラを～枚まで選び」는 지정이 없으면 양쪽 현장): …レベル7以下のキャラを1枚まで,high
id_0536,大滝悟郎,0,0,ops.0,select,,any,"【現場リムーブ時】コンタクトによってリムーブされた場合、スリープ状態のキャラを1枚まで選び、スタンさせる。(スタン状態のキャラをアクティブにする場合、代わりにスリープさせる)
【ヒラメキ】【解決編】アクション中のキャラを1枚まで選び、スタンさせる。(スタン状態のキャラをアクティブにする場合、代わりにスリープさせる)","【현장 리무브 시】 콘택트로 인해 리무브된 경우, 슬리프 상태의 캐릭터를 1장까지 선택하여 스턴시킨다. (스턴 상태의 캐릭터를 액티브로 하는 경우, 대신 슬리프시킨다)
【번뜩임】【해결편】 액션 중인 캐릭터를 1장까지 선택하여 스턴시킨다. (스턴 상태의 캐릭터를 액티브로 하는 경우, 대신 슬리프시킨다)",【現場リムーブ時】コンタクトによってリムーブされた場合、スリープ状態のキャラを1枚まで選び、スタンさせる。(スタン状態のキャラをアクティブにする場合、代わりにスリープさせる),공식 룰북 p.22 — 대상 절에 自分の/相手の 없음(「キャラを～枚まで選び」는 지정이 없으면 양쪽 현장): …スリープ状態のキャラを1枚まで,high
id_0536,大滝悟郎,1,0,ops.0,select,,any,"【現場リムーブ時】コンタクトによってリムーブされた場合、スリープ状態のキャラを1枚まで選び、スタンさせる。(スタン状態のキャラをアクティブにする場合、代わりにスリープさせる)
【ヒラメキ】【解決編】アクション中のキャラを1枚まで選び、スタンさせる。(スタン状態のキャラをアクティブにする場合、代わりにスリープさせる)","【현장 리무브 시】 콘택트로 인해 리무브된 경우, 슬리프 상태의 캐릭터를 1장까지 선택하여 스턴시킨다. (스턴 상태의 캐릭터를 액티브로 하는 경우, 대신 슬리프시킨다)
【번뜩임】【해결편】 액션 중인 캐릭터를 1장까지 선택하여 스턴시킨다. (스턴 상태의 캐릭터를 액티브로 하는 경우, 대신 슬리프시킨다)",【ヒラメキ】【解決編】アクション中のキャラを1枚まで選び、スタンさせる。(スタン状態のキャラをアクティブにする場合、代わりにスリープさせる),"대상이 コンタクト中/アクション中 의 카드로 참조 지정됨(원문 ""そのキャラ"") — 소유자는 참조가 정함",high
id_0542,魔犬,1,0,ops.0,select,,any,"【相手ターン中】AP＋2000
【ヒラメキ】(証拠からリムーブされるときに発動する）キャラを１枚まで選び、スリープさせる。","【상대 턴 중】 AP+2000
【히라메키】(증거에서 리무브될 때 발동한다) 캐릭터를 1장까지 선택하여 슬리프시킨다.",【ヒラメキ】(証拠からリムーブされるときに発動する)キャラを1枚まで選び、スリープさせる。,공식 룰북 p.22 — 대상 절에 自分の/相手の 없음(「キャラを～枚まで選び」는 지정이 없으면 양쪽 현장): …キャラを1枚まで,high
id_0543,松田左文字,0,0,ops.0,select,,any,"このキャラが推理したとき、レベル5のキャラを2枚までと、レベル7のキャラを1枚まで選び、ターン終了時までAP+1000する。
【自分ターン中】AP+1000、特徴[探偵]のキャラに【カットイン】カットインした場合、カードを1枚引く。(自分のターンのコンタクト中に手札からリムーブして使う)","이 캐릭터가 추리했을 때, 레벨 5의 캐릭터를 2장까지와 레벨 7의 캐릭터를 1장까지 선택하고, 턴 종료 시까지 AP+1000 한다.
【자신 턴 중】AP+1000, 특징 [탐정]을 가진 캐릭터에게 【컷인】 컷인한 경우, 카드를 1장 뽑는다. (자신의 턴 컨택트 중에 손패에서 리무브하여 사용한다)",このキャラが推理したとき、レベル5のキャラを2枚までと、レベル7のキャラを1枚まで選び、ターン終了時までAP+1000する。,공식 룰북 p.22 — 대상 절에 自分の/相手の 없음(「キャラを～枚まで選び」는 지정이 없으면 양쪽 현장): …レベル7のキャラを1枚まで,high
id_0543,松田左文字,0,1,ops.1,select,,any,"このキャラが推理したとき、レベル5のキャラを2枚までと、レベル7のキャラを1枚まで選び、ターン終了時までAP+1000する。
【自分ターン中】AP+1000、特徴[探偵]のキャラに【カットイン】カットインした場合、カードを1枚引く。(自分のターンのコンタクト中に手札からリムーブして使う)","이 캐릭터가 추리했을 때, 레벨 5의 캐릭터를 2장까지와 레벨 7의 캐릭터를 1장까지 선택하고, 턴 종료 시까지 AP+1000 한다.
【자신 턴 중】AP+1000, 특징 [탐정]을 가진 캐릭터에게 【컷인】 컷인한 경우, 카드를 1장 뽑는다. (자신의 턴 컨택트 중에 손패에서 리무브하여 사용한다)",このキャラが推理したとき、レベル5のキャラを2枚までと、レベル7のキャラを1枚まで選び、ターン終了時までAP+1000する。,공식 룰북 p.22 — 대상 절에 自分の/相手の 없음(「キャラを～枚まで選び」는 지정이 없으면 양쪽 현장): …レベル7のキャラを1枚まで,high
id_0547,怪盗キッド&黒羽快斗,0,0,ops.0,select,,any,"【パートナー(白)】【ターン①】【宣言】デッキのカードを上から5枚リムーブする:AP8000以下のキャラを1枚まで選び、デッキの下に移す。
【宣言】【ターン①】自分のFILEエリアにあるカードを上から1枚手札に加え、手札を1枚FILEエリアにあるカードの1番下に表向きで移す。この能力はパートナーエリアでも宣言できる。
【カットイン】AP+2000
【MR能力】相手ターン中に現場を離れる場合、パートナーエリアに移動する。
自分の現場にMRが登場する場合、リムーブする。","【파트너(백)】【턴①】【선언】덱의 카드를 위에서 5장 리무브한다: AP8000 이하의 캐릭터를 1장까지 골라 덱 아래로 옮긴다.
【선언】【턴①】자신의 FILE 에리어에 있는 카드를 위에서 1장 손패에 더하고, 손패를 1장 FILE 에리어에 있는 카드의 가장 아래에 앞면으로 옮긴다. 이 능력은 파트너 에리어에서도 선언할 수 있다.
【컷인】AP+2000
【MR 능력】상대 턴 중에 현장을 떠나는 경우, 파트너 에리어로 이동한다.
자신의 현장에 MR이 등장하는 경우, 리무브한다.",【パートナー(白)】【ターン1】【宣言】デッキのカードを上から5枚リムーブする:AP8000以下のキャラを1枚まで選び、デッキの下に移す。,공식 룰북 p.22 — 대상 절에 自分の/相手の 없음(「キャラを～枚まで選び」는 지정이 없으면 양쪽 현장): …AP8000以下のキャラを1枚まで,high
id_0548,鈴木園子,1,0,ops.0,select,,any,"自分のターン終了時、自分の手札が4枚以下の場合、カードを1枚引く。
【登場時】レベル7以下のキャラを1枚まで選び、リムーブする。
【宣言】手札から特徴[鈴木財閥]のキャラを1枚リムーブする:キャラを1枚まで選び、スリープさせる。","자신의 턴 종료 시, 자신의 손패가 4장 이하인 경우 카드를 1장 뽑는다.
【登場時】 레벨 7 이하의 캐릭터를 1장까지 선택하여 리무브한다.
【宣言】 손패에서 특징 [鈴木財閥]의 캐릭터를 1장 리무브한다: 캐릭터를 1장까지 선택하여 슬리프시킨다.",【登場時】レベル7以下のキャラを1枚まで選び、リムーブする。,공식 룰북 p.22 — 대상 절에 自分の/相手の 없음(「キャラを～枚まで選び」는 지정이 없으면 양쪽 현장): …レベル7以下のキャラを1枚まで,high
id_0548,鈴木園子,2,0,ops.0,select,,any,"自分のターン終了時、自分の手札が4枚以下の場合、カードを1枚引く。
【登場時】レベル7以下のキャラを1枚まで選び、リムーブする。
【宣言】手札から特徴[鈴木財閥]のキャラを1枚リムーブする:キャラを1枚まで選び、スリープさせる。","자신의 턴 종료 시, 자신의 손패가 4장 이하인 경우 카드를 1장 뽑는다.
【登場時】 레벨 7 이하의 캐릭터를 1장까지 선택하여 리무브한다.
【宣言】 손패에서 특징 [鈴木財閥]의 캐릭터를 1장 리무브한다: 캐릭터를 1장까지 선택하여 슬리프시킨다.",【宣言】手札から特徴[鈴木財閥]のキャラを1枚リムーブする:キャラを1枚まで選び、スリープさせる。,공식 룰북 p.22 — 대상 절에 自分の/相手の 없음(「キャラを～枚まで選び」는 지정이 없으면 양쪽 현장): …キャラを1枚まで,high
id_0551,中森青子,0,0,ops.0,select,,any,"【宣言】【ターン①】手札からカード名［怪盗キッド］を1枚公開してデッキの上に移す：カード名［黒羽快斗］のキャラを1枚まで選び、ターン終了時まで突撃（登場したターンからすぐにアクションできる）を与える。
【ヒラメキ】（証拠からリムーブされるときに発動する）自分のリムーブエリアにあるカード名［黒羽快斗］を1枚まで選び、手札に加える。","【선언】【턴①】손패에서 카드명［괴도 키드］를 1장 공개하고 덱 위로 이동한다: 카드명［쿠로바 카이토］의 캐릭터를 1장까지 선택하고, 턴 종료 시까지 돌격(등장한 턴부터 바로 액션할 수 있다)을 부여한다.
【히라메키】(증거에서 리무브될 때 발동한다) 자신의 리무브 에리어에 있는 카드명［쿠로바 카이토］를 1장까지 선택하고, 손패에 추가한다.",【宣言】【ターン1】手札からカード名[怪盗キッド]を1枚公開してデッキの上に移す:カード名[黒羽快斗]のキャラを1枚まで選び、ターン終了時まで突撃(登場したターンからすぐにアクションできる)を与える。,공식 룰북 p.22 — 대상 절에 自分の/相手の 없음(「キャラを～枚まで選び」는 지정이 없으면 양쪽 현장): …カード名[黒羽快斗]のキャラを1枚まで,high
id_0561,白馬探,1,0,ops.0,select,,any,"【相手ターン中】【ターン①】スリープ状態のこのキャラか自分の現場にいるスリープ状態の特徴[探偵]のキャラがリムーブされたとき、カードを1枚引く。
【宣言】【ターン①】このキャラ以外の特徴[探偵]のキャラを1枚スリープさせる：AP8000以下のキャラを1枚まで選び、リムーブする。","【상대 턴 중】【턴①】슬립 상태인 이 캐릭터나 자신의 현장에 있는 슬립 상태인 특징 [탐정] 캐릭터가 리무브되었을 때, 카드를 1장 뽑는다.
【선언】【턴①】이 캐릭터 이외의 특징 [탐정] 캐릭터를 1장 슬립시킨다: AP8000 이하의 캐릭터를 1장까지 골라 리무브한다.",【宣言】【ターン1】このキャラ以外の特徴[探偵]のキャラを1枚スリープさせる:AP8000以下のキャラを1枚まで選び、リムーブする。,공식 룰북 p.22 — 대상 절에 自分の/相手の 없음(「キャラを～枚まで選び」는 지정이 없으면 양쪽 현장): …AP8000以下のキャラを1枚まで,high
id_0564,鈴木家と京極真,0,0,ops.0.ops.3,select,,any,"以下から1つ選んで行う。自分のリムーブエリアにカード名[京極真]か特徴[鈴木財閥]のキャラが合わせて4枚以上ある場合、代わりに3つとも行う。(上から順に行う)
・カードを2枚引き、手札を1枚リムーブする。
・自分のリムーブエリアにあるレベル7以下のカード名[京極真]かレベル7以下の特徴[鈴木財閥]のキャラを1枚まで選び、登場させる。
・レベル7以下のキャラを1枚まで選び、スリープさせる。","아래에서 1개를 골라 수행한다. 자신의 리무브 에리어에 카드명 [京極真] 또는 특징 [鈴木財閥]의 캐릭터가 합계 4장 이상 있는 경우, 대신 3개 모두 수행한다. (위에서부터 순서대로 수행)
・카드를 2장 뽑고, 손패를 1장 리무브한다.
・자신의 리무브 에리어에 있는 레벨 7 이하의 카드명 [京極真] 또는 레벨 7 이하의 특징 [鈴木財閥] 캐릭터를 1장까지 골라 登場시킨다.
・레벨 7 이하의 캐릭터를 1장까지 골라 슬리프시킨다.","以下から1つ選んで行う。自分のリムーブエリアにカード名[京極真]か特徴[鈴木財閥]のキャラが合わせて4枚以上ある場合、代わりに3つとも行う。(上から順に行う)
・カードを2枚引き、手札を1枚リムーブする。
・自分のリムーブエリアにあるレベル7以下のカード名[京極真]かレベル7以下の特徴[鈴木財閥]のキャラを1枚まで選び、登場させる。
・レベル7以下のキャラを1枚まで選び、スリープさせる。",공식 룰북 p.22 — 대상 절에 自分の/相手の 없음(「キャラを～枚まで選び」는 지정이 없으면 양쪽 현장): …レベル7以下のキャラを1枚まで,high
id_0564,鈴木家と京極真,0,0,ops.0.else.0.opts.2.ops.0,select,,any,"以下から1つ選んで行う。自分のリムーブエリアにカード名[京極真]か特徴[鈴木財閥]のキャラが合わせて4枚以上ある場合、代わりに3つとも行う。(上から順に行う)
・カードを2枚引き、手札を1枚リムーブする。
・自分のリムーブエリアにあるレベル7以下のカード名[京極真]かレベル7以下の特徴[鈴木財閥]のキャラを1枚まで選び、登場させる。
・レベル7以下のキャラを1枚まで選び、スリープさせる。","아래에서 1개를 골라 수행한다. 자신의 리무브 에리어에 카드명 [京極真] 또는 특징 [鈴木財閥]의 캐릭터가 합계 4장 이상 있는 경우, 대신 3개 모두 수행한다. (위에서부터 순서대로 수행)
・카드를 2장 뽑고, 손패를 1장 리무브한다.
・자신의 리무브 에리어에 있는 레벨 7 이하의 카드명 [京極真] 또는 레벨 7 이하의 특징 [鈴木財閥] 캐릭터를 1장까지 골라 登場시킨다.
・레벨 7 이하의 캐릭터를 1장까지 골라 슬리프시킨다.","以下から1つ選んで行う。自分のリムーブエリアにカード名[京極真]か特徴[鈴木財閥]のキャラが合わせて4枚以上ある場合、代わりに3つとも行う。(上から順に行う)
・カードを2枚引き、手札を1枚リムーブする。
・自分のリムーブエリアにあるレベル7以下のカード名[京極真]かレベル7以下の特徴[鈴木財閥]のキャラを1枚まで選び、登場させる。
・レベル7以下のキャラを1枚まで選び、スリープさせる。",공식 룰북 p.22 — 대상 절에 自分の/相手の 없음(「キャラを～枚まで選び」는 지정이 없으면 양쪽 현장): …レベル7以下のキャラを1枚まで,high
id_0566,赤井秀一&沖矢昴,0,0,ops.0,select,,any,"【パートナー(赤)】【自分ターン中】【ターン①】相手の現場にいるキャラがリムーブされたとき、レベル8以下のキャラを1枚まで選び、リムーブする。
【宣言】【ターン①】相手の現場にいるキャラを1枚まで選び、ターン終了時までレベル-1する。この能力はパートナーエリアでも宣言できる。
【カットイン】AP+2000
【MR能力】相手ターン中に現場を離れる場合、パートナーエリアに移動する。
自分の現場にMRが登場する場合、リムーブする。","【파트너(빨강)】【자신 턴 중】【턴①】 상대의 현장에 있는 캐릭터가 리무브되었을 때, 레벨 8 이하의 캐릭터를 1장까지 선택하여 리무브한다.
【선언】【턴①】 상대의 현장에 있는 캐릭터를 1장까지 선택하고, 턴 종료 시까지 레벨-1 한다. 이 능력은 파트너 에리어에서도 선언할 수 있다.
【컷인】AP+2000
【MR 능력】상대 턴 중에 현장을 떠나는 경우, 파트너 에리어로 이동한다.
자신의 현장에 MR이 등장하는 경우, 리무브한다.",【パートナー(赤)】【自分ターン中】【ターン1】相手の現場にいるキャラがリムーブされたとき、レベル8以下のキャラを1枚まで選び、リムーブする。,공식 룰북 p.22 — 대상 절에 自分の/相手の 없음(「キャラを～枚まで選び」는 지정이 없으면 양쪽 현장): …レベル8以下のキャラを1枚まで,high
id_0567,メアリー,0,0,ops.0,select,,any,"自分のターン終了時、自分のFILEエリアにあるカードが5枚以下の場合、レベル7以下のキャラを1枚まで選び、アクティブにする。
【パートナー(赤)】【宣言】【ターン①】キャラを1枚まで選び、リムーブする。この能力は自分のFILEエリアにあるカードが5枚以下の場合に宣言できる。","자신의 턴 종료 시, 자신의 FILE 에리어에 있는 카드가 5장 이하인 경우, 레벨 7 이하의 캐릭터를 1장까지 선택하여 액티브로 한다.
【파트너(적)】【선언】【턴①】 캐릭터를 1장까지 선택하여 리무브한다. 이 능력은 자신의 FILE 에리어에 있는 카드가 5장 이하인 경우에 선언할 수 있다.",自分のターン終了時、自分のFILEエリアにあるカードが5枚以下の場合、レベル7以下のキャラを1枚まで選び、アクティブにする。,공식 룰북 p.22 — 대상 절에 自分の/相手の 없음(「キャラを～枚まで選び」는 지정이 없으면 양쪽 현장): …レベル7以下のキャラを1枚まで,high
id_0567,メアリー,1,0,ops.0,select,,any,"自分のターン終了時、自分のFILEエリアにあるカードが5枚以下の場合、レベル7以下のキャラを1枚まで選び、アクティブにする。
【パートナー(赤)】【宣言】【ターン①】キャラを1枚まで選び、リムーブする。この能力は自分のFILEエリアにあるカードが5枚以下の場合に宣言できる。","자신의 턴 종료 시, 자신의 FILE 에리어에 있는 카드가 5장 이하인 경우, 레벨 7 이하의 캐릭터를 1장까지 선택하여 액티브로 한다.
【파트너(적)】【선언】【턴①】 캐릭터를 1장까지 선택하여 리무브한다. 이 능력은 자신의 FILE 에리어에 있는 카드가 5장 이하인 경우에 선언할 수 있다.",【パートナー(赤)】【宣言】【ターン1】キャラを1枚まで選び、リムーブする。この能力は自分のFILEエリアにあるカードが5枚以下の場合に宣言できる。,공식 룰북 p.22 — 대상 절에 自分の/相手の 없음(「キャラを～枚まで選び」는 지정이 없으면 양쪽 현장): …キャラを1枚まで,high
id_0569,ジェイムズ・ブラック,0,0,ops.0,select,,any,"【パートナー(赤)】【宣言】【スリープ】：レベル8以下のキャラを1枚まで選び、リムーブする。この能力は自分の現場に特徴［FBI］のキャラが3枚以上いる場合に宣言できる。
【ヒラメキ】(証拠からリムーブされるときに発動する）キャラを1枚まで選び、スリープさせる。","【파트너(빨강)】【선언】【슬리프】: 레벨 8 이하의 캐릭터를 1장까지 선택하여 리무브한다. 이 능력은 자신의 현장에 특징 [FBI]의 캐릭터가 3장 이상 있을 경우에 선언할 수 있다.
【히라메키】(증거에서 리무브될 때 발동한다) 캐릭터를 1장까지 선택하여 슬리프시킨다.",【パートナー(赤)】【宣言】【スリープ】:レベル8以下のキャラを1枚まで選び、リムーブする。この能力は自分の現場に特徴[FBI]のキャラが3枚以上いる場合に宣言できる。,공식 룰북 p.22 — 대상 절에 自分の/相手の 없음(「キャラを～枚まで選び」는 지정이 없으면 양쪽 현장): …レベル8以下のキャラを1枚まで,high
id_0569,ジェイムズ・ブラック,1,0,ops.0,select,,any,"【パートナー(赤)】【宣言】【スリープ】：レベル8以下のキャラを1枚まで選び、リムーブする。この能力は自分の現場に特徴［FBI］のキャラが3枚以上いる場合に宣言できる。
【ヒラメキ】(証拠からリムーブされるときに発動する）キャラを1枚まで選び、スリープさせる。","【파트너(빨강)】【선언】【슬리프】: 레벨 8 이하의 캐릭터를 1장까지 선택하여 리무브한다. 이 능력은 자신의 현장에 특징 [FBI]의 캐릭터가 3장 이상 있을 경우에 선언할 수 있다.
【히라메키】(증거에서 리무브될 때 발동한다) 캐릭터를 1장까지 선택하여 슬리프시킨다.",【ヒラメキ】(証拠からリムーブされるときに発動する)キャラを1枚まで選び、スリープさせる。,공식 룰북 p.22 — 대상 절에 自分の/相手の 없음(「キャラを～枚まで選び」는 지정이 없으면 양쪽 현장): …キャラを1枚まで,high
id_0571,アンドレ・キャメル,1,0,ops.0,select,,any,"このキャラは相手の現場にいるアクティブ状態のキャラを指定してアクションできる。
【ヒラメキ】(証拠からリムーブされるときに発動する)キャラを1枚まで選び、スリープさせる。","이 캐릭터는 상대의 현장에 있는 액티브 상태의 캐릭터를 지정해서 액션할 수 있다.
【ヒラメキ】(증거에서 리무브될 때 발동한다) 캐릭터를 1장까지 선택하고 슬리프시킨다.",【ヒラメキ】(証拠からリムーブされるときに発動する)キャラを1枚まで選び、スリープさせる。,공식 룰북 p.22 — 대상 절에 自分の/相手の 없음(「キャラを～枚まで選び」는 지정이 없으면 양쪽 현장): …キャラを1枚まで,high
id_0573,大橋彩代,1,0,ops.0,select,,any,"ミスリード 1 (相手の推理に対し、スリープさせることでLP－1する)
【宣言】【ターン①】このキャラ以外の【青】か【赤】のキャラを1枚まで選び、ターン終了時までAP＋1000する。","미스리드 1 (상대의 추리에 대해, 슬립시킴으로써 LP-1 한다)
【선언】【턴①】이 캐릭터 이외의 【파랑】 또는 【빨강】 캐릭터를 1장까지 선택하고, 턴 종료 시까지 AP+1000 한다.",【宣言】【ターン1】このキャラ以外の【青】か【赤】のキャラを1枚まで選び、ターン終了時までAP+1000する。,공식 룰북 p.22 — 대상 절에 自分の/相手の 없음(「キャラを～枚まで選び」는 지정이 없으면 양쪽 현장): …このキャラ以外のかのキャラを1枚まで,high
id_0574,小倉功雅,0,0,ops.0,select,,any,"【宣言】【スリープ】:キャラを1枚まで選び、ターン終了時までAP+1000する。
【宣言】【スリープ】現場にいるカード名[大橋彩代]を1枚スリープさせる:キャラを1枚まで選び、ターン終了時までLP+1するか、ターン終了時までAP+3000する。","【선언】【슬립】: 캐릭터를 1장까지 선택하고, 턴 종료 시까지 AP+1000 한다.
【선언】【슬립】현장에 있는 카드명 [大橋彩代]를 1장 슬립시킨다: 캐릭터를 1장까지 선택하고, 턴 종료 시까지 LP+1 하거나, 턴 종료 시까지 AP+3000 한다.",【宣言】【スリープ】:キャラを1枚まで選び、ターン終了時までAP+1000する。,공식 룰북 p.22 — 대상 절에 自分の/相手の 없음(「キャラを～枚まで選び」는 지정이 없으면 양쪽 현장): …キャラを1枚まで,high
id_0574,小倉功雅,1,0,ops.0.opts.0.ops.0,select,,any,"【宣言】【スリープ】:キャラを1枚まで選び、ターン終了時までAP+1000する。
【宣言】【スリープ】現場にいるカード名[大橋彩代]を1枚スリープさせる:キャラを1枚まで選び、ターン終了時までLP+1するか、ターン終了時までAP+3000する。","【선언】【슬립】: 캐릭터를 1장까지 선택하고, 턴 종료 시까지 AP+1000 한다.
【선언】【슬립】현장에 있는 카드명 [大橋彩代]를 1장 슬립시킨다: 캐릭터를 1장까지 선택하고, 턴 종료 시까지 LP+1 하거나, 턴 종료 시까지 AP+3000 한다.",【宣言】【スリープ】現場にいるカード名[大橋彩代]を1枚スリープさせる:キャラを1枚まで選び、ターン終了時までLP+1するか、ターン終了時までAP+3000する。,공식 룰북 p.22 — 대상 절에 自分の/相手の 없음(「キャラを～枚まで選び」는 지정이 없으면 양쪽 현장): …キャラを1枚まで,high
id_0574,小倉功雅,1,0,ops.0.opts.1.ops.0,select,,any,"【宣言】【スリープ】:キャラを1枚まで選び、ターン終了時までAP+1000する。
【宣言】【スリープ】現場にいるカード名[大橋彩代]を1枚スリープさせる:キャラを1枚まで選び、ターン終了時までLP+1するか、ターン終了時までAP+3000する。","【선언】【슬립】: 캐릭터를 1장까지 선택하고, 턴 종료 시까지 AP+1000 한다.
【선언】【슬립】현장에 있는 카드명 [大橋彩代]를 1장 슬립시킨다: 캐릭터를 1장까지 선택하고, 턴 종료 시까지 LP+1 하거나, 턴 종료 시까지 AP+3000 한다.",【宣言】【スリープ】現場にいるカード名[大橋彩代]を1枚スリープさせる:キャラを1枚まで選び、ターン終了時までLP+1するか、ターン終了時までAP+3000する。,공식 룰북 p.22 — 대상 절에 自分の/相手の 없음(「キャラを～枚まで選び」는 지정이 없으면 양쪽 현장): …キャラを1枚まで,high
id_0581,威嚇射撃,1,0,ops.0,select,,any,"このイベントは自分の現場にいるキャラが相手の現場にいるキャラより少ない場合に使用できる。
キャラを1枚まで選び、リムーブする。","이 이벤트는 자신의 현장에 있는 캐릭터가 상대의 현장에 있는 캐릭터보다 적을 경우에 사용할 수 있다.
캐릭터를 1장까지 선택하여 리무브한다.",キャラを1枚まで選び、リムーブする。,공식 룰북 p.22 — 대상 절에 自分の/相手の 없음(「キャラを～枚まで選び」는 지정이 없으면 양쪽 현장): …キャラを1枚まで,high
id_0584,安室透&降谷零,0,0,ops.0,select,,any,"【パートナー】【黄】【ターン①】自分の現場にいる【黄】のキャラがアクションしたとき、AP8000以下のキャラを1枚まで選び、リムーブする。
【宣言】【ターン①】【黄】のキャラを1枚まで選び、ターン終了時までAP+1000する。この能力はパートナーエリアでも宣言できる。
【MR能力】相手ターン中に現場を離れる場合、パートナーエリアに移動する。
自分の現場にMRが登場する場合、リムーブする。
【カットイン】AP+2000","【파트너】【황】【턴①】자신의 현장에 있는 【황】 캐릭터가 액션했을 때, AP8000 이하의 캐릭터를 1장까지 선택하여 리무브한다.
【선언】【턴①】【황】 캐릭터를 1장까지 선택하고, 턴 종료 시까지 AP+1000 한다. 이 능력은 파트너 에리어에서도 선언할 수 있다.
【MR 능력】상대 턴 중에 현장을 떠나는 경우, 파트너 에리어로 이동한다.
자신의 현장에 MR이 등장하는 경우, 리무브한다.
【컷인】AP+2000",【パートナー】【黄】【ターン1】自分の現場にいる【黄】のキャラがアクションしたとき、AP8000以下のキャラを1枚まで選び、リムーブする。,공식 룰북 p.22 — 대상 절에 自分の/相手の 없음(「キャラを～枚まで選び」는 지정이 없으면 양쪽 현장): …AP8000以下のキャラを1枚まで,high
id_0584,安室透&降谷零,1,0,ops.0,select,,any,"【パートナー】【黄】【ターン①】自分の現場にいる【黄】のキャラがアクションしたとき、AP8000以下のキャラを1枚まで選び、リムーブする。
【宣言】【ターン①】【黄】のキャラを1枚まで選び、ターン終了時までAP+1000する。この能力はパートナーエリアでも宣言できる。
【MR能力】相手ターン中に現場を離れる場合、パートナーエリアに移動する。
自分の現場にMRが登場する場合、リムーブする。
【カットイン】AP+2000","【파트너】【황】【턴①】자신의 현장에 있는 【황】 캐릭터가 액션했을 때, AP8000 이하의 캐릭터를 1장까지 선택하여 리무브한다.
【선언】【턴①】【황】 캐릭터를 1장까지 선택하고, 턴 종료 시까지 AP+1000 한다. 이 능력은 파트너 에리어에서도 선언할 수 있다.
【MR 능력】상대 턴 중에 현장을 떠나는 경우, 파트너 에리어로 이동한다.
자신의 현장에 MR이 등장하는 경우, 리무브한다.
【컷인】AP+2000",【宣言】【ターン1】【黄】のキャラを1枚まで選び、ターン終了時までAP+1000する。この能力はパートナーエリアでも宣言できる。,공식 룰북 p.22 — 대상 절에 自分の/相手の 없음(「キャラを～枚まで選び」는 지정이 없으면 양쪽 현장): …のキャラを1枚まで,high
id_0585,諸伏高明,0,0,ops.0,select,,any,"【パートナー(黄)】【自分ターン中】【ターン①】自分のリムーブエリアにある特徴[長野県警]のキャラがリムーブエリアから離れたとき、AP7000以下のキャラを1枚まで選び、リムーブする。
自分のターン終了時、自分のリムーブエリアにあるレベル6以下の特徴[長野県警]のキャラを1枚まで選び、手札に加える。カードを手札に加え、自分の手札が6枚以上ある場合、手札を1枚リムーブする。","【파트너(노랑)】【자신 턴 중】【턴①】자신의 리무브 에리어에 있는 특징 [나가노현경]의 캐릭터가 리무브 에리어에서 떠났을 때, AP7000 이하의 캐릭터를 1장까지 선택하여 리무브한다.
자신의 턴 종료 시, 자신의 리무브 에리어에 있는 레벨 6 이하의 특징 [나가노현경] 캐릭터를 1장까지 선택하여 손패에 추가한다. 카드를 손패에 추가하고 자신의 손패가 6장 이상인 경우, 손패를 1장 리무브한다.",【パートナー(黄)】【自分ターン中】【ターン1】自分のリムーブエリアにある特徴[長野県警]のキャラがリムーブエリアから離れたとき、AP7000以下のキャラを1枚まで選び、リムーブする。,공식 룰북 p.22 — 대상 절에 自分の/相手の 없음(「キャラを～枚まで選び」는 지정이 없으면 양쪽 현장): …AP7000以下のキャラを1枚まで,high
id_0585,諸伏高明,0,,ef,onremleave.ef,,self,"【パートナー(黄)】【自分ターン中】【ターン①】自分のリムーブエリアにある特徴[長野県警]のキャラがリムーブエリアから離れたとき、AP7000以下のキャラを1枚まで選び、リムーブする。
自分のターン終了時、自分のリムーブエリアにあるレベル6以下の特徴[長野県警]のキャラを1枚まで選び、手札に加える。カードを手札に加え、自分の手札が6枚以上ある場合、手札を1枚リムーブする。","【파트너(노랑)】【자신 턴 중】【턴①】자신의 리무브 에리어에 있는 특징 [나가노현경]의 캐릭터가 리무브 에리어에서 떠났을 때, AP7000 이하의 캐릭터를 1장까지 선택하여 리무브한다.
자신의 턴 종료 시, 자신의 리무브 에리어에 있는 레벨 6 이하의 특징 [나가노현경] 캐릭터를 1장까지 선택하여 손패에 추가한다. 카드를 손패에 추가하고 자신의 손패가 6장 이상인 경우, 손패를 1장 리무브한다.",【パートナー(黄)】【自分ターン中】【ターン1】自分のリムーブエリアにある特徴[長野県警]のキャラがリムーブエリアから離れたとき、AP7000以下のキャラを1枚まで選び、リムーブする。,"원문 ""自分の現場/リムーブエリアにある…""",high
id_0586,大和敢助,1,0,ops.0,select,,any,"【絆】上原由衣【自分ターン中】AP+1000
【自分ターン中】【ターン①】自分のリムーブエリアにある特徴［長野県警］のキャラがリムーブエリアから離れたとき、キャラを1枚まで選び、ターン終了時までAP－1000する。
【パートナー】(黄)【宣言】【ターン①】リムーブエリアにある特徴［長野県警］のキャラを1枚デッキの下に移す：ターン終了時までこのキャラは突撃（登場したターンからすぐにアクションできる）を持つ。","【絆】上原由衣【자신 턴 중】AP+1000
【자신 턴 중】【턴①】자신의 리무브 에리어에 있는 특징 [長野県警]의 캐릭터가 리무브 에리어에서 벗어났을 때, 캐릭터를 1장까지 선택하고 턴 종료 시까지 AP-1000 한다.
【파트너】(노랑)【선언】【턴①】리무브 에리어에 있는 특징 [長野県警]의 캐릭터를 1장 덱 아래로 옮긴다: 턴 종료 시까지 이 캐릭터는 돌격(등장한 턴부터 바로 액션할 수 있다)을 얻는다.",【自分ターン中】【ターン1】自分のリムーブエリアにある特徴[長野県警]のキャラがリムーブエリアから離れたとき、キャラを1枚まで選び、ターン終了時までAP-1000する。,공식 룰북 p.22 — 대상 절에 自分の/相手の 없음(「キャラを～枚まで選び」는 지정이 없으면 양쪽 현장): …キャラを1枚まで,high
id_0586,大和敢助,1,,ef,onremleave.ef,,self,"【絆】上原由衣【自分ターン中】AP+1000
【自分ターン中】【ターン①】自分のリムーブエリアにある特徴［長野県警］のキャラがリムーブエリアから離れたとき、キャラを1枚まで選び、ターン終了時までAP－1000する。
【パートナー】(黄)【宣言】【ターン①】リムーブエリアにある特徴［長野県警］のキャラを1枚デッキの下に移す：ターン終了時までこのキャラは突撃（登場したターンからすぐにアクションできる）を持つ。","【絆】上原由衣【자신 턴 중】AP+1000
【자신 턴 중】【턴①】자신의 리무브 에리어에 있는 특징 [長野県警]의 캐릭터가 리무브 에리어에서 벗어났을 때, 캐릭터를 1장까지 선택하고 턴 종료 시까지 AP-1000 한다.
【파트너】(노랑)【선언】【턴①】리무브 에리어에 있는 특징 [長野県警]의 캐릭터를 1장 덱 아래로 옮긴다: 턴 종료 시까지 이 캐릭터는 돌격(등장한 턴부터 바로 액션할 수 있다)을 얻는다.",【自分ターン中】【ターン1】自分のリムーブエリアにある特徴[長野県警]のキャラがリムーブエリアから離れたとき、キャラを1枚まで選び、ターン終了時までAP-1000する。,"원문 ""自分の現場/リムーブエリアにある…""",high
id_0589,風見裕也,2,0,ops.0,select,,any,"【絆】降谷零 突撃 [キャラ](登場したターンからすぐにキャラを指定してアクションできる)
【相手ターン中】【現場リムーブ時】自分のリムーブエリアにあるレベル6以下のカード名[降谷零]を1枚まで選び、スリープ状態で登場させる。
【ヒラメキ】(証拠からリムーブされるときに発動する)キャラを1枚まで選び、スリープさせる。","【인연】후루야 레이 돌격 [캐릭터](등장한 턴부터 바로 캐릭터를 지정해 액션할 수 있다)
【상대 턴 중】【현장 리무브 시】자신의 리무브 에리어에 있는 레벨 6 이하의 카드명 [후루야 레이]를 1장까지 선택하여 슬리프 상태로 등장시킨다.
【히라메키】(증거에서 리무브될 때 발동한다) 캐릭터를 1장까지 선택하여 슬리프시킨다.",【ヒラメキ】(証拠からリムーブされるときに発動する)キャラを1枚まで選び、スリープさせる。,공식 룰북 p.22 — 대상 절에 自分の/相手の 없음(「キャラを～枚まで選び」는 지정이 없으면 양쪽 현장): …キャラを1枚まで,high
id_0590,諸伏景光,1,0,ops.0,select,,any,"【登場時】手札からカードを4枚まで好きな順番でデッキの下に移し、デッキをシャッフルする。移した枚数と同じ数のカードを引く。
【ターン①】自分の現場にいる特徴［警察］のキャラがアクションしたとき、AP7000以下のキャラを1枚まで選び、デッキの上に移す。","【등장 시】손패에서 카드를 4장까지 원하는 순서로 덱 아래로 옮기고, 덱을 셔플한다. 옮긴 장수와 같은 수의 카드를 뽑는다.
【턴①】자신의 현장에 있는 특징 [경찰] 캐릭터가 액션했을 때, AP7000 이하의 캐릭터를 1장까지 골라 덱 위로 옮긴다.",【ターン1】自分の現場にいる特徴[警察]のキャラがアクションしたとき、AP7000以下のキャラを1枚まで選び、デッキの上に移す。,공식 룰북 p.22 — 대상 절에 自分の/相手の 없음(「キャラを～枚まで選び」는 지정이 없으면 양쪽 현장): …AP7000以下のキャラを1枚まで,high
id_0594,佐藤美和子,0,0,ops.0,select,,any,"【相手ターン中】特徴［警察］のキャラを1枚まで選び、アクティブにする。(相手のターンのコンタクト中に手札からリムーブして使う)
【カットイン】","【상대 턴 중】 특징 [경찰]의 캐릭터를 1장까지 선택하고, 액티브로 한다. (상대 턴의 콘택트 중에 손패에서 리무브하여 사용한다)
【컷인】",【相手ターン中】特徴[警察]のキャラを1枚まで選び、アクティブにする。(相手のターンのコンタクト中に手札からリムーブして使う),공식 룰북 p.22 — 대상 절에 自分の/相手の 없음(「キャラを～枚まで選び」는 지정이 없으면 양쪽 현장): …特徴[警察]のキャラを1枚まで,high
id_0595,鮫崎島治,2,0,ops.0,select,,any,"相手はリフレッシュによって証拠を得られない。
【宣言】【ターン①】自分のデッキのカードを上から5枚までリムーブする。(枚数を決めてからリムーブする)
【ヒラメキ】(証拠からリムーブされるときに発動する)キャラを1枚まで選び、スリープさせる。","상대는 리프레시로 인해 증거를 얻을 수 없다.
【선언】【턴①】자신의 덱 카드를 위에서 5장까지 리무브한다. (장수를 정한 뒤에 리무브한다)
【히라메키】(증거에서 리무브될 때 발동한다) 캐릭터를 1장까지 선택하여 슬리프시킨다.",【ヒラメキ】(証拠からリムーブされるときに発動する)キャラを1枚まで選び、スリープさせる。,공식 룰북 p.22 — 대상 절에 自分の/相手の 없음(「キャラを～枚まで選び」는 지정이 없으면 양쪽 현장): …キャラを1枚まで,high
id_0601,「籌を帷幄の中に運らし…勝ちを千里の外に決す…」,0,0,ops.0,select,,any,【パートナー(黄)】キャラを1枚まで選び、リムーブする。相手の証拠が自分の証拠より2つ以上多い場合、手札を1枚リムーブしてもよい。そうした場合、相手の証拠を1つまで選び、デッキの下に移し、自分は証拠を1つ得る。,"【파트너(노랑)】캐릭터를 1장까지 선택하여 리무브한다. 상대의 증거가 자신의 증거보다 2개 이상 많을 경우, 손패를 1장 리무브해도 좋다. 그렇게 한 경우, 상대의 증거를 1개까지 선택하여 덱 아래로 옮기고, 자신은 증거를 1개 얻는다.",【パートナー(黄)】キャラを1枚まで選び、リムーブする。相手の証拠が自分の証拠より2つ以上多い場合、手札を1枚リムーブしてもよい。そうした場合、相手の証拠を1つまで選び、デッキの下に移し、自分は証拠を1つ得る。,공식 룰북 p.22 — 대상 절에 自分の/相手の 없음(「キャラを～枚まで選び」는 지정이 없으면 양쪽 현장): …キャラを1枚まで,high
id_0602,ジン&ウォッカ,0,0,ops.0,select,,any,"【パートナー(黒)】【自分ターン中】【ターン①】相手の現場にいるキャラがリムーブされたとき、AP8000以下のキャラを1枚まで選び、リムーブする。
【宣言】【ターン①】自分の現場にいるレベル8以下のキャラを1枚リムーブしてもよい。そうした場合、カードを1枚引く。この能力はパートナーエリアでも宣言できる。
【カットイン】AP+2000
【MR能力】相手ターン中に現場を離れる場合、パートナーエリアに移動する。
自分の現場にMRが登場する場合、リムーブする。","【파트너(검정)】【자신 턴 중】【턴①】 상대의 현장에 있는 캐릭터가 리무브되었을 때, AP8000 이하의 캐릭터를 1장까지 선택하여 리무브한다.
【선언】【턴①】 자신의 현장에 있는 레벨 8 이하의 캐릭터를 1장 리무브해도 된다. 그렇게 한 경우, 카드를 1장 뽑는다. 이 능력은 파트너 에리어에서도 선언할 수 있다.
【컷인】AP+2000
【MR 능력】상대 턴 중에 현장을 떠나는 경우, 파트너 에리어로 이동한다.
자신의 현장에 MR이 등장하는 경우, 리무브한다.",【パートナー(黒)】【自分ターン中】【ターン1】相手の現場にいるキャラがリムーブされたとき、AP8000以下のキャラを1枚まで選び、リムーブする。,공식 룰북 p.22 — 대상 절에 自分の/相手の 없음(「キャラを～枚まで選び」는 지정이 없으면 양쪽 현장): …AP8000以下のキャラを1枚まで,high
id_0605,キール,0,1,ops.1.ops.0,select,,any,"【パートナー(黒)】【解決編】【登場時】手札を1枚リムーブしてもよい。そうした場合、レベル6以下のキャラを1枚まで選び、リムーブする。
【ヒラメキ】(証拠からリムーブされるときに発動する)カードを1枚引く。","【파트너(흑)】【해결편】【등장 시】 손패를 1장 리무브해도 좋다. 그렇게 한 경우, 레벨 6 이하의 캐릭터를 1장까지 골라 리무브한다.
【히라메키】(증거에서 리무브될 때 발동한다) 카드를 1장 뽑는다.",【パートナー(黒)】【解決編】【登場時】手札を1枚リムーブしてもよい。そうした場合、レベル6以下のキャラを1枚まで選び、リムーブする。,공식 룰북 p.22 — 대상 절에 自分の/相手の 없음(「キャラを～枚まで選び」는 지정이 없으면 양쪽 현장): …レベル6以下のキャラを1枚まで,high
id_0607,ゾンビ,1,0,ops.0,select,,any,"【相手ターン中】【現場リムーブ時】自分のリムーブエリアにあるレベル5以下のカード名［ウォッカ］を1枚まで選び、登場させる。
【ヒラメキ】【解決編】アクション中のキャラを1枚まで選び、スタンさせる。(スタン状態のキャラをアクティブにする場合、代わりにスリープさせる)","【상대 턴 중】【현장 리무브 시】자신의 리무브 에리어에 있는 레벨 5 이하의 카드명 [보드카]를 1장까지 선택하고, 登場시킨다.
【히라메키】【해결편】액션 중인 캐릭터를 1장까지 선택하고, 스턴시킨다. (스턴 상태의 캐릭터를 액티브로 하는 경우, 대신 슬립시킨다.)",【ヒラメキ】【解決編】アクション中のキャラを1枚まで選び、スタンさせる。(スタン状態のキャラをアクティブにする場合、代わりにスリープさせる),"대상이 コンタクト中/アクション中 의 카드로 참조 지정됨(원문 ""そのキャラ"") — 소유자는 참조가 정함",high
id_0613,コンコン,1,0,ops.0,select,,any,"このイベントを自分の現場にいる【黒】のキャラ1枚にセットする。
このイベントがセットされているキャラは「【相手ターン中】このキャラが現場から離れたとき、自分の現場にキャラが1枚もいない場合、キャラを1枚まで選び、リムーブし、自分のリムーブエリアにある【カットイン】を持つレベル6以下のキャラを2枚まで選び、登場させる。」を持つ。","이 이벤트를 자신의 현장에 있는 【검정】 캐릭터 1장에 세트한다.
이 이벤트가 세트된 캐릭터는 ""【상대 턴 중】 이 캐릭터가 현장에서 벗어났을 때, 자신의 현장에 캐릭터가 1장도 없는 경우, 캐릭터를 1장까지 선택해 리무브하고, 자신의 리무브 에리어에 있는 【컷인】을 가진 레벨 6 이하의 캐릭터를 2장까지 선택해 등장시킨다.""를 가진다.",このイベントがセットされているキャラは「【相手ターン中】このキャラが現場から離れたとき、自分の現場にキャラが1枚もいない場合、キャラを1枚まで選び、リムーブし、自分のリムーブエリアにある【カットイン】を持つレベル6以下のキャラを2枚まで選び、登場させる。」を持つ。,공식 룰북 p.22 — 대상 절에 自分の/相手の 없음(「キャラを～枚まで選び」는 지정이 없으면 양쪽 현장): …キャラを1枚まで,high
id_0618,江戸川コナン,1,1,ops.1.ops.0,select,,any,"【登場時】自分のデッキのカードを上からレベル7以上の特徴[探偵]のキャラが出るまで1枚ずつ公開し、それを手札に加える。残りの公開したカードをデッキの下に移し、デッキをシャッフルする。
【自分ターン中】【ターン①】このキャラ以外の特徴[探偵]のキャラが自分の現場に登場したとき、手札を1枚リムーブしてもよい。そうした場合、レベル7以下のキャラを1枚まで選び、リムーブする。","【등장 시】자신의 덱 카드를 위에서부터 레벨 7 이상의 특징 [탐정] 캐릭터가 나올 때까지 1장씩 공개하고, 그것을 손패에 넣는다. 남은 공개한 카드는 덱 아래로 옮기고, 덱을 섞는다.
【자신의 턴 중】【턴①】이 캐릭터 이외의 특징 [탐정] 캐릭터가 자신의 현장에 등장했을 때, 손패를 1장 리무브해도 된다. 그렇게 한 경우, 레벨 7 이하의 캐릭터를 1장까지 선택하여 리무브한다.",【自分ターン中】【ターン1】このキャラ以外の特徴[探偵]のキャラが自分の現場に登場したとき、手札を1枚リムーブしてもよい。そうした場合、レベル7以下のキャラを1枚まで選び、リムーブする。,공식 룰북 p.22 — 대상 절에 自分の/相手の 없음(「キャラを～枚まで選び」는 지정이 없으면 양쪽 현장): …レベル7以下のキャラを1枚まで,high
id_0621,伊織無我,2,0,ops.0,setDeck,,any,"【絆】大岡紅葉 LP+1
【パートナー(緑)】突撃(登場したターンからすぐにアクションできる)
【ターン①】相手の現場にいるキャラがこのキャラとのコンタクトによってリムーブされたとき、キャラを1枚まで選び、持ち主のデッキのカードを上から1枚裏向きでセットする。","【인연】오오카 모미지 LP+1
【파트너(녹)】돌격(등장한 턴부터 바로 액션할 수 있다)
【턴①】상대의 현장에 있는 캐릭터가 이 캐릭터와의 컨택트로 인해 리무브되었을 때, 캐릭터를 1장까지 선택하고, 그 주인의 덱 카드를 위에서 1장 뒷면으로 세트한다.",【ターン1】相手の現場にいるキャラがこのキャラとのコンタクトによってリムーブされたとき、キャラを1枚まで選び、持ち主のデッキのカードを上から1枚裏向きでセットする。,"원문 ""持ち主のデッキ"" — 대상 캐릭터가 어느 쪽이든 그 소유자의 덱",high
id_0622,工藤優作,0,0,ops.0.opts.0.ops.0.ops.1.ops.0,select,,any,"【パートナー(白)】【登場時】以下から1つ選んで行う。
・【FILE7】自分のデッキのカードを上から4枚リムーブしてもよい。そうした場合、レベル7以下のスリープ状態のキャラを1枚まで選び、スタンさせる。(スタン状態のキャラをアクティブにする場合、代わりにスリープさせる)
・カードを2枚引き、手札を2枚リムーブする。","【파트너(백)】【등장 시】 아래에서 1개를 선택해서 실행한다.
・【FILE7】 자신의 덱 카드를 위에서 4장 리무브해도 된다. 그렇게 한 경우, 레벨 7 이하의 슬립 상태인 캐릭터를 1장까지 선택하여 스턴시킨다. (스턴 상태의 캐릭터를 액티브로 하는 경우, 대신 슬립시킨다)
・카드를 2장 뽑고, 손패를 2장 리무브한다.",【パートナー(白)】【登場時】以下から1つ選んで行う。・【FILE7】自分のデッキのカードを上から4枚リムーブしてもよい。そうした場合、レベル7以下のスリープ状態のキャラを1枚まで選び、スタンさせる。・カードを2枚引き、手札を2枚リムーブする。,공식 룰북 p.22 — 대상 절에 自分の/相手の 없음(「キャラを～枚まで選び」는 지정이 없으면 양쪽 현장): …レベル7以下のスリープ状態のキャラを1枚まで,high
id_0623,ラム,1,0,ops.0,select,,any,"【登場時】このキャラをスリープさせ、手札を1枚リムーブしてもよい。そうした場合、自分のリムーブエリアにあるレベル6以下の特徴［黒ずくめの組織］のキャラを1枚まで選び、登場させる。
【ヒラメキ】(証拠からリムーブされるときに発動する）キャラを1枚まで選び、スリープさせる。","【등장 시】이 캐릭터를 슬리프시키고, 손패를 1장 리무브해도 된다. 그렇게 한 경우, 자신의 리무브 에리어에 있는 레벨 6 이하의 특징［검은 조직］의 캐릭터를 1장까지 골라 등장시킨다.
【히라메키】(증거에서 리무브될 때 발동한다) 캐릭터를 1장까지 골라 슬리프시킨다.",【ヒラメキ】(証拠からリムーブされるときに発動する)キャラを1枚まで選び、スリープさせる。,공식 룰북 p.22 — 대상 절에 自分の/相手の 없음(「キャラを～枚まで選び」는 지정이 없으면 양쪽 현장): …キャラを1枚まで,high
id_0625,「もう少し引き付けろ…」,0,0,ops.0,select,,any,"【パートナー(赤)】レベル7以下のキャラを1枚まで選び、リムーブする。自分の現場にいるキャラを1枚まで選び、ターン終了時まで突撃[事件](登場したターンからすぐに事件を指定してアクションできる)を与える。
【ヒラメキ】(証拠からリムーブされるときに発動する)カードを1枚引く。","【파트너(빨강)】레벨 7 이하의 캐릭터를 1장까지 선택하고 리무브한다. 자신의 현장에 있는 캐릭터를 1장까지 선택하고, 턴 종료 시까지 돌격[사건](등장한 턴부터 바로 사건을 지정하여 액션할 수 있다)을 부여한다.
【히라메키】(증거에서 리무브될 때 발동한다) 카드를 1장 뽑는다.",【パートナー(赤)】レベル7以下のキャラを1枚まで選び、リムーブする。自分の現場にいるキャラを1枚まで選び、ターン終了時まで突撃[事件](登場したターンからすぐに事件を指定してアクションできる)を与える。,공식 룰북 p.22 — 대상 절에 自分の/相手の 없음(「キャラを～枚まで選び」는 지정이 없으면 양쪽 현장): …レベル7以下のキャラを1枚まで,high
id_0626,安室透,0,1,ops.1.ops.0,select,,any,【解決編】【登場時】自分の現場にレベル6以上の特徴[探偵]か[喫茶ポアロ]のキャラがいる場合、このキャラをスタンさせてもよい。(スタン状態のキャラをアクティブにする場合、代わりにスリープさせる)そうした場合、レベル7以下のキャラを1枚まで選び、リムーブする。,"【해결편】【등장 시】자신의 현장에 레벨 6 이상의 특징 [탐정] 또는 [카페 포아로]의 캐릭터가 있는 경우, 이 캐릭터를 스턴시켜도 좋다. (스턴 상태의 캐릭터를 액티브로 하는 경우, 대신 슬립시킨다) 그렇게 한 경우, 레벨 7 이하의 캐릭터를 1장까지 선택하여 리무브한다.",【解決編】【登場時】自分の現場にレベル6以上の特徴[探偵]か[喫茶ポアロ]のキャラがいる場合、このキャラをスタンさせてもよい。(スタン状態のキャラをアクティブにする場合、代わりにスリープさせる)そうした場合、レベル7以下のキャラを1枚まで選び、リムーブする。,공식 룰북 p.22 — 대상 절에 自分の/相手の 없음(「キャラを～枚まで選び」는 지정이 없으면 양쪽 현장): …レベル7以下のキャラを1枚まで,high
id_0628,Ran Mori & Conan Edogawa,1,0,ops.0,select,,any,"突撃
【パートナー】【青】【宣言】【ターン①】ターン終了時までLP−2する：キャラを1枚まで選び、スリープさせる。
【宣言】【ターン①】カードを1枚引く。自分の手札が5枚以上ある場合、手札を1枚リムーブする。この能力は自分の現場にキャラが3枚以上いて、全員のLPの合計が2以下の場合に宣言できる。この能力はパートナーエリアでも宣言できる。
【カットイン】AP+2000
【MR能力】相手ターン中に現場を離れる場合、パートナーエリアに移動する。
自分の現場にMRが登場する場合、リムーブする。","돌격
【파트너】【청】【선언】【턴①】턴 종료 시까지 LP−2 한다: 캐릭터를 1장까지 선택하고, 슬립시킨다.
【선언】【턴①】카드를 1장 뽑는다. 자신의 손패가 5장 이상 있는 경우, 손패를 1장 리무브한다. 이 능력은 자신의 현장에 캐릭터가 3장 이상 있고, 전원의 LP 합계가 2 이하인 경우에 선언할 수 있다. 이 능력은 파트너 에리어에서도 선언할 수 있다.
【컷인】AP+2000
【MR 능력】상대 턴 중에 현장을 떠나는 경우, 파트너 에리어로 이동한다.
자신의 현장에 MR이 登場하는 경우, 리무브한다.",【パートナー】【青】【宣言】【ターン1】ターン終了時までLP-2する:キャラを1枚まで選び、スリープさせる。,공식 룰북 p.22 — 대상 절에 自分の/相手の 없음(「キャラを～枚まで選び」는 지정이 없으면 양쪽 현장): …キャラを1枚まで,high
id_0630,阿笠博士,0,1,ops.1.ops.0,select,,any,"【登場時】自分のリムーブエリアにある特徴[少年探偵団]のキャラを2枚まで選び、このキャラの下に重ねる。そうした場合、重ねたキャラのレベルの合計以下のレベルのキャラを1枚まで選び、リムーブする。
【宣言】【ターン①】【スリープ】:自分の現場にいるキャラを1枚まで選び、このキャラの下に重なっているカードを2枚までそのキャラの下に重ねる。","【등장 시】자신의 리무브 에리어에 있는 특징 [소년탐정단]의 캐릭터를 2장까지 선택하여 이 캐릭터 아래에 겹친다. 그렇게 한 경우, 겹친 캐릭터의 레벨 합계 이하의 레벨인 캐릭터를 1장까지 선택하여 리무브한다.
【선언】【턴①】【슬립】: 자신의 현장에 있는 캐릭터를 1장까지 선택하고, 이 캐릭터 아래에 겹쳐져 있는 카드를 2장까지 그 캐릭터 아래에 겹친다.",【登場時】自分のリムーブエリアにある特徴[少年探偵団]のキャラを2枚まで選び、このキャラの下に重ねる。そうした場合、重ねたキャラのレベルの合計以下のレベルのキャラを1枚まで選び、リムーブする。,공식 룰북 p.22 — 대상 절에 自分の/相手の 없음(「キャラを～枚まで選び」는 지정이 없으면 양쪽 현장): …のレベルの合計以下のレベルのキャラを1枚まで,high
id_0639,鬼丸猛,0,1,ops.1.ops.0,select,,any,"【パートナー(緑)】【登場時】自分のデッキのカードを上から3枚リムーブしてもよい。
そうした場合、AP8000以下のキャラを1枚まで選び、リムーブする。
【宣言】【ターン①】【スリープ】:自分の証拠を1つ選び、手札に加えてもよい。
そうした場合、手札からカードを1枚裏向きで証拠として得る。","【파트너(초록)】【登場時】자신의 덱 카드를 위에서 3장 리무브해도 된다.
그렇게 한 경우, AP8000 이하의 캐릭터를 1장까지 선택하여 리무브한다.
【선언】【턴①】【슬리프】: 자신의 증거를 1개 선택하여 손패에 추가해도 된다.
그렇게 한 경우, 손패에서 카드를 1장 뒷면으로 증거로서 얻는다.",【パートナー(緑)】【登場時】自分のデッキのカードを上から3枚リムーブしてもよい。そうした場合、AP8000以下のキャラを1枚まで選び、リムーブする。,공식 룰북 p.22 — 대상 절에 自分の/相手の 없음(「キャラを～枚まで選び」는 지정이 없으면 양쪽 현장): …AP8000以下のキャラを1枚まで,high
id_0646,金棒博士,1,0,ops.0,flashFlipped,,self,"【登場時】カードを1枚引く。
【解決編】【宣言】【ターン①】【スリープ】裏向きの証拠を1つ表向きにする：この【宣言】能力のコストによって【ヒラメキ】を持つ特徴［YAIBA］のカードが表向きになった場合、その【ヒラメキ】の効果を発動させてもよい。","【등장 시】카드를 1장 뽑는다.
【해결편】【선언】【턴①】【슬리프】뒷면인 증거를 1개 앞면으로 한다: 이 【선언】 능력의 비용으로 인해 【번뜩임】을 가진 특징 [YAIBA]의 카드가 앞면이 된 경우, 그 【번뜩임】의 효과를 발동시켜도 된다.",【解決編】【宣言】【ターン1】【スリープ】裏向きの証拠を1つ表向きにする:この【宣言】能力のコストによって【ヒラメキ】を持つ特徴[YAIBA]のカードが表向きになった場合、その【ヒラメキ】の効果を発動させてもよい。,표향으로 만든 것은 자신의 증거(원문: 자신의 증거 / 이 능력의 코스트로 표향),high
id_0651,風魔の小太郎,0,0,ops.0,select,,any,【ヒラメキ】【事件YAIBA】【解決編】アクション中のキャラを1枚まで選び、リムーブする。(アクション[事件]による証拠の獲得までは進める),【히라메키】【사건 YAIBA】【해결편】 액션 중인 캐릭터를 1장까지 선택하고 리무브한다. (액션 [사건]에 의한 증거 획득까지는 진행한다),【ヒラメキ】【事件YAIBA】【解決編】アクション中のキャラを1枚まで選び、リムーブする。(アクション[事件]による証拠の獲得までは進める),"대상이 コンタクト中/アクション中 의 카드로 참조 지정됨(원문 ""そのキャラ"") — 소유자는 참조가 정함",high
id_0652,ヘビ男,1,0,ops.0,select,,any,"【登場時】自分の証拠を1つ選び、手札に加えてもよい。そうした場合、手札からカードを1枚裏向きで証拠として得る。
【ヒラメキ】(証拠からリムーブされるときに発動する)キャラを1枚まで選び、スリープさせる。","【등장 시】자신의 증거를 1개 선택하여 손패에 넣어도 좋다. 그렇게 한 경우, 손패에서 카드를 1장 뒷면으로 증거로서 얻는다.
【히라메키】(증거에서 리무브될 때 발동한다) 캐릭터를 1장까지 선택하여 슬리프시킨다.",【ヒラメキ】(証拠からリムーブされるときに発動する)キャラを1枚まで選び、スリープさせる。,공식 룰북 p.22 — 대상 절에 自分の/相手の 없음(「キャラを～枚まで選び」는 지정이 없으면 양쪽 현장): …キャラを1枚まで,high
id_0653,松尾芭蕉,2,0,ops.0,select,,any,"ミスリード1(相手の推理に対し、
スリープさせることでLP-1する)
【ヒラメキ】(証拠からリムーブされるときに発動する)
キャラを1枚まで選び、スリープさせる。","미스리드 1 (상대의 추리에 대해, 슬리프시킴으로써 LP-1 한다)
【히라메키】(증거에서 리무브될 때 발동한다) 캐릭터를 1장까지 선택하여 슬리프시킨다.",【ヒラメキ】(証拠からリムーブされるときに発動する)キャラを1枚まで選び、スリープさせる。,공식 룰북 p.22 — 대상 절에 自分の/相手の 없음(「キャラを～枚まで選び」는 지정이 없으면 양쪽 현장): …キャラを1枚まで,high
id_0657,鬼丸城,0,1,ops.1,flashFlipped,,self,"【解決編】自分の裏向きの証拠を1つまで選び、表向きにする。この効果によって【!】ヒラメキを持つ特徴[YAIBA]のカードが表向きになった場合、その【!】ヒラメキの効果を発動させてもよい。
【!ヒラメキ】【解決編】自分の裏向きの証拠を1つまで選び、表向きにする。この効果によって【!】ヒラメキを持つ特徴[YAIBA]のカードが表向きになった場合、その【!】ヒラメキの効果を発動させてもよい。","【해결편】자신의 뒷면 증거를 1장까지 선택하여 앞면으로 한다. 이 효과로 【!】히라메키를 가진 특징 [YAIBA]의 카드가 앞면이 된 경우, 그 【!】히라메키의 효과를 발동시켜도 된다.
【!히라메키】【해결편】자신의 뒷면 증거를 1장까지 선택하여 앞면으로 한다. 이 효과로 【!】히라메키를 가진 특징 [YAIBA]의 카드가 앞면이 된 경우, 그 【!】히라메키의 효과를 발동시켜도 된다.",【解決編】自分の裏向きの証拠を1つまで選び、表向きにする。この効果によって【!】ヒラメキを持つ特徴[YAIBA]のカードが表向きになった場合、その【!】ヒラメキの効果を発動させてもよい。,표향으로 만든 것은 자신의 증거(원문: 자신의 증거 / 이 능력의 코스트로 표향),high
id_0657,鬼丸城,1,1,ops.1,flashFlipped,,self,"【解決編】自分の裏向きの証拠を1つまで選び、表向きにする。この効果によって【!】ヒラメキを持つ特徴[YAIBA]のカードが表向きになった場合、その【!】ヒラメキの効果を発動させてもよい。
【!ヒラメキ】【解決編】自分の裏向きの証拠を1つまで選び、表向きにする。この効果によって【!】ヒラメキを持つ特徴[YAIBA]のカードが表向きになった場合、その【!】ヒラメキの効果を発動させてもよい。","【해결편】자신의 뒷면 증거를 1장까지 선택하여 앞면으로 한다. 이 효과로 【!】히라메키를 가진 특징 [YAIBA]의 카드가 앞면이 된 경우, 그 【!】히라메키의 효과를 발동시켜도 된다.
【!히라메키】【해결편】자신의 뒷면 증거를 1장까지 선택하여 앞면으로 한다. 이 효과로 【!】히라메키를 가진 특징 [YAIBA]의 카드가 앞면이 된 경우, 그 【!】히라메키의 효과를 발동시켜도 된다.",【!ヒラメキ】【解決編】自分の裏向きの証拠を1つまで選び、表向きにする。この効果によって【!】ヒラメキを持つ特徴[YAIBA]のカードが表向きになった場合、その【!】ヒラメキの効果を発動させてもよい。,표향으로 만든 것은 자신의 증거(원문: 자신의 증거 / 이 능력의 코스트로 표향),high
id_0658,風神剣,0,0,ops.0,select,,any,"キャラを1枚まで選び、リムーブする。
【ヒラメキ】【事件YAIBA】【解決編】手札を1枚リムーブしてもよい。そうした場合、キャラを1枚まで選び、リムーブする。(自分の事件が解決編になっている場合、この能力か効果を使える)","캐릭터를 1장까지 선택하고 리무브한다.
【히라메키】【사건 YAIBA】【해결편】 손패를 1장 리무브해도 된다. 그렇게 한 경우, 캐릭터를 1장까지 선택하고 리무브한다. (자신의 사건이 해결편이 되어 있는 경우, 이 능력이나 효과를 사용할 수 있다)",キャラを1枚まで選び、リムーブする。,공식 룰북 p.22 — 대상 절에 自分の/相手の 없음(「キャラを～枚まで選び」는 지정이 없으면 양쪽 현장): …キャラを1枚まで,high
id_0658,風神剣,1,1,ops.1.ops.0,select,,any,"キャラを1枚まで選び、リムーブする。
【ヒラメキ】【事件YAIBA】【解決編】手札を1枚リムーブしてもよい。そうした場合、キャラを1枚まで選び、リムーブする。(自分の事件が解決編になっている場合、この能力か効果を使える)","캐릭터를 1장까지 선택하고 리무브한다.
【히라메키】【사건 YAIBA】【해결편】 손패를 1장 리무브해도 된다. 그렇게 한 경우, 캐릭터를 1장까지 선택하고 리무브한다. (자신의 사건이 해결편이 되어 있는 경우, 이 능력이나 효과를 사용할 수 있다)",【ヒラメキ】【事件YAIBA】【解決編】手札を1枚リムーブしてもよい。そうした場合、キャラを1枚まで選び、リムーブする。(自分の事件が解決編になっている場合、この能力か効果を使える),공식 룰북 p.22 — 대상 절에 自分の/相手の 없음(「キャラを～枚まで選び」는 지정이 없으면 양쪽 현장): …キャラを1枚まで,high
id_0659,鬼丸天下統一プロジェクト,1,0,ops.0,flashPickOne,,self,"この事件が解決編に移行したとき、自分は手札を1枚リムーブする。
【解決編】【宣言】【ターン①】裏向きの証拠を3つ表向きにする:この【宣言】能力のコストによって表向きになった【!】ヒラメキを持つ特徴［YAIBA］のカードを1枚まで選び、その【!】ヒラメキの効果を発動させてもよい。","이 사건이 해결편으로 이행했을 때, 자신은 손패를 1장 리무브한다.
【해결편】【선언】【턴①】뒷면인 증거를 3개 앞면으로 한다: 이 【선언】 능력의 코스트로 앞면이 된 【!】히라메키를 가진 특징 [YAIBA]의 카드를 1장까지 선택하고, 그 【!】히라메키의 효과를 발동시켜도 된다.",【解決編】【宣言】【ターン1】裏向きの証拠を3つ表向きにする:この【宣言】能力のコストによって表向きになった【!】ヒラメキを持つ特徴[YAIBA]のカードを1枚まで選び、その【!】ヒラメキの効果を発動させてもよい。,표향으로 만든 것은 자신의 증거(원문: 자신의 증거 / 이 능력의 코스트로 표향),high
id_0660,服部平次&沖田総司,0,0,ops.0,select,,any,"【自分ターン中】【ターン①】自分の現場にこのキャラ以外の特徴[高校生]のキャラが登場したとき、AP8000以下のキャラを1枚まで選び、リムーブする。
【宣言】【ターン①】手札を1枚リムーブする：自分の現場にいるキャラを1枚まで選び、ターン終了時までAP+1000し、「このキャラは相手の現場にいるアクティブ状態のキャラを指定してアクションできる。」を与える。この能力はパートナーエリアでも宣言できる。
【カットイン】AP+2000
【MR能力】相手ターン中に現場を離れる場合、パートナーエリアに移動する。
自分の現場にMRが登場する場合、リムーブする。","【자신 턴 중】【턴①】자신의 현장에 이 캐릭터 이외의 특징 [고교생] 캐릭터가 등장했을 때, AP8000 이하의 캐릭터를 1장까지 선택하여 리무브한다.
【선언】【턴①】손패를 1장 리무브한다: 자신의 현장에 있는 캐릭터를 1장까지 선택하고, 턴 종료 시까지 AP+1000을 하고, ""이 캐릭터는 상대의 현장에 있는 액티브 상태의 캐릭터를 지정하여 액션할 수 있다.""를 부여한다. 이 능력은 파트너 에리어에서도 선언할 수 있다.
【컷인】AP+2000
【MR 능력】상대 턴 중에 현장을 떠나는 경우, 파트너 에리어로 이동한다.
자신의 현장에 MR이 등장하는 경우, 리무브한다.",【自分ターン中】【ターン1】自分の現場にこのキャラ以外の特徴[高校生]のキャラが登場したとき、AP8000以下のキャラを1枚まで選び、リムーブする。,공식 룰북 p.22 — 대상 절에 自分の/相手の 없음(「キャラを～枚まで選び」는 지정이 없으면 양쪽 현장): …AP8000以下のキャラを1枚まで,high
id_0660,服部平次&沖田総司,0,,ef,onally.ef,,self,"【自分ターン中】【ターン①】自分の現場にこのキャラ以外の特徴[高校生]のキャラが登場したとき、AP8000以下のキャラを1枚まで選び、リムーブする。
【宣言】【ターン①】手札を1枚リムーブする：自分の現場にいるキャラを1枚まで選び、ターン終了時までAP+1000し、「このキャラは相手の現場にいるアクティブ状態のキャラを指定してアクションできる。」を与える。この能力はパートナーエリアでも宣言できる。
【カットイン】AP+2000
【MR能力】相手ターン中に現場を離れる場合、パートナーエリアに移動する。
自分の現場にMRが登場する場合、リムーブする。","【자신 턴 중】【턴①】자신의 현장에 이 캐릭터 이외의 특징 [고교생] 캐릭터가 등장했을 때, AP8000 이하의 캐릭터를 1장까지 선택하여 리무브한다.
【선언】【턴①】손패를 1장 리무브한다: 자신의 현장에 있는 캐릭터를 1장까지 선택하고, 턴 종료 시까지 AP+1000을 하고, ""이 캐릭터는 상대의 현장에 있는 액티브 상태의 캐릭터를 지정하여 액션할 수 있다.""를 부여한다. 이 능력은 파트너 에리어에서도 선언할 수 있다.
【컷인】AP+2000
【MR 능력】상대 턴 중에 현장을 떠나는 경우, 파트너 에리어로 이동한다.
자신의 현장에 MR이 등장하는 경우, 리무브한다.",【自分ターン中】【ターン1】自分の現場にこのキャラ以外の特徴[高校生]のキャラが登場したとき、AP8000以下のキャラを1枚まで選び、リムーブする。,"ally 계열 트리거 + 원문 ""自分の現場にいる…"" (아군 대상)",high
id_0662,沖田総司,3,0,ops.0,select,,any,"【パートナー(緑)】突撃［キャラ］
【自分ターン中】AP＋1000
相手の現場にいるキャラがこのキャラとのコンタクトによってリムーブされたとき、カードを1枚引き、手札を1枚リムーブする。
【ヒラメキ】(証拠からリムーブされるときに発動する)キャラを1枚まで選び、スリープさせる。","【파트너(녹)】돌격［캐릭터］
【자신 턴 중】AP＋1000
상대의 현장에 있는 캐릭터가 이 캐릭터와의 콘택트로 인해 리무브되었을 때, 카드를 1장 뽑고, 손패를 1장 리무브한다.
【히라메키】(증거에서 리무브될 때 발동한다) 캐릭터를 1장까지 선택하여 슬리프시킨다.",【ヒラメキ】(証拠からリムーブされるときに発動する)キャラを1枚まで選び、スリープさせる。,공식 룰북 p.22 — 대상 절에 自分の/相手の 없음(「キャラを～枚まで選び」는 지정이 없으면 양쪽 현장): …キャラを1枚まで,high
id_0667,鉄刃,1,,sf,ontrig.sf,,self,"【迅速】
【自分ターン中】【ターン②】このキャラに特徴[YAIBA]のカード1枚がセットされるたび、このキャラをアクティブにする。
自分のターン終了時、このキャラに特徴[YAIBA]のカードが2枚以上セットされている場合、手札を1枚リムーブしてもよい。そうした場合、自分のリムーブエリアにあるレベル5以下の特徴[YAIBA]のキャラを1枚まで選び、スリープ状態で登場させる。","【신속】
【자신 턴 중】【턴②】 이 캐릭터에 특징 [YAIBA] 카드 1장이 세트될 때마다, 이 캐릭터를 액티브로 한다.
자신의 턴 종료 시, 이 캐릭터에 특징 [YAIBA] 카드가 2장 이상 세트되어 있는 경우, 손패를 1장 리무브해도 좋다. 그렇게 한 경우, 자신의 리무브 에리어에 있는 레벨 5 이하의 특징 [YAIBA] 캐릭터를 1장까지 골라 슬리프 상태로 등장시킨다.",【自分ターン中】【ターン2】このキャラに特徴[YAIBA]のカード1枚がセットされるたび、このキャラをアクティブにする。,"원문 ""自分の現場/このキャラ"" — 주체가 자기 쪽",high
id_0668,鉄刃,2,,sf,ontrig.sf,,self,"【迅速】
自分の手札にある【白】の特徴[YAIBA]のイベントをレベル-1する。
【自分ターン中】【ターン①】このキャラに特徴[YAIBA]のカードがセットされたとき、自分のリムーブエリアにあるレベル5以下の特徴[YAIBA]のキャラを1枚まで選び、スリープ状態で登場させる。","【신속】
자신의 손패에 있는 【백】의 특징 [YAIBA] 이벤트의 레벨을 -1 한다.
【자신 턴 중】【턴①】 이 캐릭터에 특징 [YAIBA]의 카드가 세트되었을 때, 자신의 리무브 에리어에 있는 레벨 5 이하의 특징 [YAIBA] 캐릭터를 1장까지 선택하여 슬리프 상태로 등장시킨다.",【自分ターン中】【ターン1】このキャラに特徴[YAIBA]のカードがセットされたとき、自分のリムーブエリアにあるレベル5以下の特徴[YAIBA]のキャラを1枚まで選び、スリープ状態で登場させる。,"원문 ""自分の現場/このキャラ"" — 주체가 자기 쪽",high
id_0670,佐々木小次郎,2,0,ops.0,select,,any,"【登場時】自分の現場にこのキャラ以外の特徴[YAIBA]のキャラがいる場合、ターン終了時までこのキャラは突撃(登場したターンからすぐにアクションできる)を持つ。
このキャラがアクション[事件]したとき、アクション終了時まで相手の【ヒラメキ】は発動しない。
【ヒラメキ】(証拠からリムーブされるときに発動する)キャラを1枚まで選び、スリープさせる。","【등장 시】자신의 현장에 이 캐릭터 이외의 특징 [YAIBA] 캐릭터가 있는 경우, 턴 종료 시까지 이 캐릭터는 돌격(등장한 턴부터 바로 액션할 수 있다)을 가진다.
이 캐릭터가 액션 [사건]했을 때, 액션 종료 시까지 상대의 【히라메키】는 발동하지 않는다.
【히라메키】(증거에서 리무브될 때 발동한다) 캐릭터를 1장까지 선택하여 슬리프시킨다.",【ヒラメキ】(証拠からリムーブされるときに発動する)キャラを1枚まで選び、スリープさせる。,공식 룰북 p.22 — 대상 절에 自分の/相手の 없음(「キャラを～枚まで選び」는 지정이 없으면 양쪽 현장): …キャラを1枚まで,high
id_0678,ゲロ田ゲロ左エ門,0,,sf,ontrig.sf,,self,"【自分ターン中】【ターン①】自分が【白】の特徴［YAIBA］のイベントを使用したとき、カードを1枚引く。(イベントを解決してから引く)
【ヒラメキ】(証拠からリムーブされるときに発動する) カードを1枚引く。","【자기 턴 중】【턴①】자신이 【흰색】의 특징 [YAIBA] 이벤트를 사용했을 때, 카드를 1장 뽑는다. (이벤트를 해결한 후에 뽑는다)
【히라메키】(증거에서 리무브될 때 발동한다) 카드를 1장 뽑는다.",【自分ターン中】【ターン1】自分が【白】の特徴[YAIBA]のイベントを使用したとき、カードを1枚引く。(イベントを解決してから引く),트리거의 who=self(원문이 정한 행동 주체)와 동일한 쪽,high
id_0681,龍神,0,0,ops.0.opts.0.ops.0,select,,any,【宣言】リムーブエリアに移す：特徴［YAIBA］のキャラを1枚まで選び、アクティブにするか、ターン終了時まで突撃（登場したターンからすぐにアクションできる）を与える。,"【선언】리무브 에리어로 옮긴다: 특징 [YAIBA]의 캐릭터를 1장까지 선택하여, 액티브로 하거나 턴 종료 시까지 돌격(등장한 턴부터 바로 액션할 수 있다)을 부여한다.",【宣言】リムーブエリアに移す:特徴[YAIBA]のキャラを1枚まで選び、アクティブにするか、ターン終了時まで突撃(登場したターンからすぐにアクションできる)を与える。,공식 룰북 p.22 — 대상 절에 自分の/相手の 없음(「キャラを～枚まで選び」는 지정이 없으면 양쪽 현장): …特徴[YAIBA]のキャラを1枚まで,high
id_0681,龍神,0,0,ops.0.opts.1.ops.0,select,,any,【宣言】リムーブエリアに移す：特徴［YAIBA］のキャラを1枚まで選び、アクティブにするか、ターン終了時まで突撃（登場したターンからすぐにアクションできる）を与える。,"【선언】리무브 에리어로 옮긴다: 특징 [YAIBA]의 캐릭터를 1장까지 선택하여, 액티브로 하거나 턴 종료 시까지 돌격(등장한 턴부터 바로 액션할 수 있다)을 부여한다.",【宣言】リムーブエリアに移す:特徴[YAIBA]のキャラを1枚まで選び、アクティブにするか、ターン終了時まで突撃(登場したターンからすぐにアクションできる)を与える。,공식 룰북 p.22 — 원문 대상 절에 自分の/相手の 없음(양쪽 현장 선택 가능): 「特徴[YAIBA]のキャラを1枚まで選び、アクティブにするか、…突撃を与える」,high
id_0683,かみなり斬り,0,0,ops.0,select,,any,AP8000以下のキャラを1枚まで選び、リムーブする。このイベントを自分の現場にいるレベル8以上の特徴[YAIBA]のキャラ1枚にセットする。自分のデッキのカードを上から3枚リムーブする。,AP8000 이하의 캐릭터를 1장까지 선택하여 리무브한다. 이 이벤트를 자신의 현장에 있는 레벨 8 이상의 특징 [YAIBA] 캐릭터 1장에 세트한다. 자신의 덱의 카드를 위에서 3장 리무브한다.,AP8000以下のキャラを1枚まで選び、リムーブする。このイベントを自分の現場にいるレベル8以上の特徴[YAIBA]のキャラ1枚にセットする。自分のデッキのカードを上から3枚リムーブする。,공식 룰북 p.22 — 대상 절에 自分の/相手の 없음(「キャラを～枚まで選び」는 지정이 없으면 양쪽 현장): …AP8000以下のキャラを1枚まで,high
id_0687,怪盗キッド&白馬探,1,0,ops.0,select,,any,"【宣言】【ターン①】このキャラか、このキャラと同じ特徴を持つキャラを1枚スリープさせる：
相手の現場にいるAP8000以下のキャラを1枚まで選び、デッキの下に移す。
自分のターン終了時、自分の現場にスリープ状態かスタン状態のキャラが合わせて3枚以上いる場合、キャラを1枚まで選び、アクティブにする。この能力はパートナーエリアでも発動する。
【カットイン】AP+2000
【MR能力】
相手ターン中に現場を離れる場合、パートナーエリアに移動する。
自分の現場にMRが登場する場合、リムーブする。","【선언】【턴①】이 캐릭터나, 이 캐릭터와 같은 특징을 가진 캐릭터를 1장 슬리프시킨다:
상대의 현장에 있는 AP8000 이하의 캐릭터를 1장까지 골라 덱 아래로 이동한다.
자신의 턴 종료 시, 자신의 현장에 슬리프 상태 또는 스턴 상태의 캐릭터가 합계 3장 이상 있는 경우, 캐릭터를 1장까지 골라 액티브로 한다. 이 능력은 파트너 에리어에서도 발동한다.
【컷인】AP+2000
【MR 능력】
상대 턴 중에 현장을 떠나는 경우, 파트너 에리어로 이동한다.
자신의 현장에 MR이 登場하는 경우, 리무브한다.",自分のターン終了時、自分の現場にスリープ状態かスタン状態のキャラが合わせて3枚以上いる場合、キャラを1枚まで選び、アクティブにする。この能力はパートナーエリアでも発動する。,공식 룰북 p.22 — 대상 절에 自分の/相手の 없음(「キャラを～枚まで選び」는 지정이 없으면 양쪽 현장): …キャラを1枚まで,high
id_0688,中森銀三,1,,ef,onallykill.ef,,self,"【突撃】(登場したターンからすぐにアクションできる)
【ターン①】相手の現場にいるキャラが自分の現場にいるこのキャラ以外の特徴[警察]のキャラとのコンタクトによってリムーブされたとき、カードを1枚引く。
【宣言】【ターン①】手札を1枚リムーブする:特徴[警察]のキャラを1枚まで選び、ターン終了時まで「このキャラは相手の現場にいるアクティブ状態のキャラを指定してアクションできる。」を与える。","【돌격】(등장한 턴부터 바로 액션할 수 있다)
【턴①】상대의 현장에 있는 캐릭터가 자신의 현장에 있는 이 캐릭터 이외의 특징[경찰] 캐릭터와의 컨택트로 인해 리무브되었을 때, 카드를 1장 뽑는다.
【선언】【턴①】손패를 1장 리무브한다: 특징[경찰] 캐릭터를 1장까지 선택하고, 턴 종료 시까지 ""이 캐릭터는 상대의 현장에 있는 액티브 상태의 캐릭터를 지정하여 액션할 수 있다.""를 부여한다.",【ターン1】相手の現場にいるキャラが自分の現場にいるこのキャラ以外の特徴[警察]のキャラとのコンタクトによってリムーブされたとき、カードを1枚引く。,"ally 계열 트리거 + 원문 ""自分の現場にいる…"" (아군 대상)",high
id_0688,中森銀三,2,0,ops.0,select,,any,"【突撃】(登場したターンからすぐにアクションできる)
【ターン①】相手の現場にいるキャラが自分の現場にいるこのキャラ以外の特徴[警察]のキャラとのコンタクトによってリムーブされたとき、カードを1枚引く。
【宣言】【ターン①】手札を1枚リムーブする:特徴[警察]のキャラを1枚まで選び、ターン終了時まで「このキャラは相手の現場にいるアクティブ状態のキャラを指定してアクションできる。」を与える。","【돌격】(등장한 턴부터 바로 액션할 수 있다)
【턴①】상대의 현장에 있는 캐릭터가 자신의 현장에 있는 이 캐릭터 이외의 특징[경찰] 캐릭터와의 컨택트로 인해 리무브되었을 때, 카드를 1장 뽑는다.
【선언】【턴①】손패를 1장 리무브한다: 특징[경찰] 캐릭터를 1장까지 선택하고, 턴 종료 시까지 ""이 캐릭터는 상대의 현장에 있는 액티브 상태의 캐릭터를 지정하여 액션할 수 있다.""를 부여한다.",【宣言】【ターン1】手札を1枚リムーブする:特徴[警察]のキャラを1枚まで選び、ターン終了時まで「このキャラは相手の現場にいるアクティブ状態のキャラを指定してアクションできる。」を与える。,공식 룰북 p.22 — 원문 대상 절에 自分の/相手の 없음(양쪽 현장 선택 가능): 「特徴[警察]のキャラを1枚まで選び、…「このキャラは相手の現場にいる…」を与える」(相手の は 부여되는 능력 내부),high
id_0691,工藤有希子,1,0,ops.0,select,,any,"【絆】工藤優作【解決編】【登場時】カードを1枚引く。
【ヒラメキ】(証拠からリムーブされるときに発動する)キャラを1枚まで選び、スリープさせる。","【인연】쿠도 유사쿠 【해결편】【등장 시】카드를 1장 뽑는다.
【번뜩임】(증거에서 리무브될 때 발동한다) 캐릭터를 1장까지 선택하여 슬리프시킨다.",【ヒラメキ】(証拠からリムーブされるときに発動する)キャラを1枚まで選び、スリープさせる。,공식 룰북 p.22 — 대상 절에 自分の/相手の 없음(「キャラを～枚まで選び」는 지정이 없으면 양쪽 현장): …キャラを1枚まで,high
id_0693,かぐや,1,0,ops.0.ops.0,select,,any,"【事件YAIBA】手札から使用する場合、このキャラは事件カードの色を無視できる。
(ネクストヒントでの使用も「手札から使用」に含まれる)
【登場時】自分のリムーブエリアにある特徴[YAIBA]のカードが14枚以下の場合、レベル7以下のキャラを1枚まで選び、デッキの下に移す。自分のリムーブエリアに特徴[YAIBA]のカードが15枚以上ある場合、以下を順に行う。「自分のリムーブエリアにあるすべてのカードをデッキの下に移し、デッキをシャッフルする。」「キャラを1枚まで選び、デッキの下に移す。」「カードを1枚引く。」「相手は手札を1枚リムーブする。」「相手は証拠を1つ得る。」","【사건YAIBA】 손패에서 사용하는 경우, 이 캐릭터는 사건 카드의 색을 무시할 수 있다.
(넥스트 힌트로 사용하는 것도 '손패에서 사용'에 포함된다)
【등장 시】 자신의 리무브 에리어에 있는 특징 [YAIBA] 카드가 14장 이하인 경우, 레벨 7 이하의 캐릭터를 1장까지 선택해 덱 아래로 옮긴다. 자신의 리무브 에리어에 특징 [YAIBA] 카드가 15장 이상 있는 경우, 아래를 순서대로 실행한다. 「자신의 리무브 에리어에 있는 모든 카드를 덱 아래로 옮기고, 덱을 셔플한다.」「캐릭터를 1장까지 선택해 덱 아래로 옮긴다.」「카드를 1장 뽑는다.」「상대는 손패를 1장 리무브한다.」「상대는 증거를 1개 얻는다.」",【登場時】自分のリムーブエリアにある特徴[YAIBA]のカードが14枚以下の場合、レベル7以下のキャラを1枚まで選び、デッキの下に移す。自分のリムーブエリアに特徴[YAIBA]のカードが15枚以上ある場合、以下を順に行う。「自分のリムーブエリアにあるすべてのカードをデッキの下に移し、デッキをシャッフルする。」「キャラを1枚まで選び、デッキの下に移す。」「カードを1枚引く。」「相手は手札を1枚リムーブする。」「相手は証拠を1つ得る。」,공식 룰북 p.22 — 대상 절에 自分の/相手の 없음(「キャラを～枚まで選び」는 지정이 없으면 양쪽 현장): …レベル7以下のキャラを1枚まで,high
id_0693,かぐや,1,0,ops.0.else.2,select,,any,"【事件YAIBA】手札から使用する場合、このキャラは事件カードの色を無視できる。
(ネクストヒントでの使用も「手札から使用」に含まれる)
【登場時】自分のリムーブエリアにある特徴[YAIBA]のカードが14枚以下の場合、レベル7以下のキャラを1枚まで選び、デッキの下に移す。自分のリムーブエリアに特徴[YAIBA]のカードが15枚以上ある場合、以下を順に行う。「自分のリムーブエリアにあるすべてのカードをデッキの下に移し、デッキをシャッフルする。」「キャラを1枚まで選び、デッキの下に移す。」「カードを1枚引く。」「相手は手札を1枚リムーブする。」「相手は証拠を1つ得る。」","【사건YAIBA】 손패에서 사용하는 경우, 이 캐릭터는 사건 카드의 색을 무시할 수 있다.
(넥스트 힌트로 사용하는 것도 '손패에서 사용'에 포함된다)
【등장 시】 자신의 리무브 에리어에 있는 특징 [YAIBA] 카드가 14장 이하인 경우, 레벨 7 이하의 캐릭터를 1장까지 선택해 덱 아래로 옮긴다. 자신의 리무브 에리어에 특징 [YAIBA] 카드가 15장 이상 있는 경우, 아래를 순서대로 실행한다. 「자신의 리무브 에리어에 있는 모든 카드를 덱 아래로 옮기고, 덱을 셔플한다.」「캐릭터를 1장까지 선택해 덱 아래로 옮긴다.」「카드를 1장 뽑는다.」「상대는 손패를 1장 리무브한다.」「상대는 증거를 1개 얻는다.」",【登場時】自分のリムーブエリアにある特徴[YAIBA]のカードが14枚以下の場合、レベル7以下のキャラを1枚まで選び、デッキの下に移す。自分のリムーブエリアに特徴[YAIBA]のカードが15枚以上ある場合、以下を順に行う。「自分のリムーブエリアにあるすべてのカードをデッキの下に移し、デッキをシャッフルする。」「キャラを1枚まで選び、デッキの下に移す。」「カードを1枚引く。」「相手は手札を1枚リムーブする。」「相手は証拠を1つ得る。」,공식 룰북 p.22 — 대상 절에 自分の/相手の 없음(「キャラを～枚まで選び」는 지정이 없으면 양쪽 현장): …キャラを1枚まで,high
id_0695,宮野明美,0,0,ops.0.opts.0.ops.0,select,,any,"【宣言】【ターン①】【スリープ】：以下から1つ選んで行う。
・レベル5以下のスリープ状態のキャラを1枚まで選び、リムーブする。
・レベル7以下のキャラを1枚まで選び、リムーブする。このキャラをスタンさせる。(スタン状態のキャラをアクティブにする場合、代わりにスリープさせる)","【선언】【턴①】【슬립】: 아래에서 1개를 선택해 실행한다.
・레벨 5 이하의 슬립 상태인 캐릭터를 1장까지 선택하여 리무브한다.
・레벨 7 이하의 캐릭터를 1장까지 선택하여 리무브한다. 이 캐릭터를 스턴시킨다. (스턴 상태의 캐릭터를 액티브로 하는 경우, 대신 슬립시킨다)","【宣言】【ターン1】【スリープ】:以下から1つ選んで行う。
・レベル5以下のスリープ状態のキャラを1枚まで選び、リムーブする。
・レベル7以下のキャラを1枚まで選び、リムーブする。このキャラをスタンさせる。(スタン状態のキャラをアクティブにする場合、代わりにスリープさせる)",공식 룰북 p.22 — 대상 절에 自分の/相手の 없음(「キャラを～枚まで選び」는 지정이 없으면 양쪽 현장): …レベル5以下のスリープ状態のキャラを1枚まで,high
id_0695,宮野明美,0,0,ops.0.opts.1.ops.0,select,,any,"【宣言】【ターン①】【スリープ】：以下から1つ選んで行う。
・レベル5以下のスリープ状態のキャラを1枚まで選び、リムーブする。
・レベル7以下のキャラを1枚まで選び、リムーブする。このキャラをスタンさせる。(スタン状態のキャラをアクティブにする場合、代わりにスリープさせる)","【선언】【턴①】【슬립】: 아래에서 1개를 선택해 실행한다.
・레벨 5 이하의 슬립 상태인 캐릭터를 1장까지 선택하여 리무브한다.
・레벨 7 이하의 캐릭터를 1장까지 선택하여 리무브한다. 이 캐릭터를 스턴시킨다. (스턴 상태의 캐릭터를 액티브로 하는 경우, 대신 슬립시킨다)","【宣言】【ターン1】【スリープ】:以下から1つ選んで行う。
・レベル5以下のスリープ状態のキャラを1枚まで選び、リムーブする。
・レベル7以下のキャラを1枚まで選び、リムーブする。このキャラをスタンさせる。(スタン状態のキャラをアクティブにする場合、代わりにスリープさせる)",공식 룰북 p.22 — 대상 절에 自分の/相手の 없음(「キャラを～枚まで選び」는 지정이 없으면 양쪽 현장): …レベル7以下のキャラを1枚まで,high
id_0698,羽田秀吉,0,0,ops.0.ops.0,select,,any,"【宣言】【ターン①】レベル6以上の特徴[赤井家]のキャラを1枚スリープさせ、デッキのカードを上から3枚リムーブする:この【宣言】能力のコストによって特徴[赤井家]のキャラがリムーブされた場合、AP8000以下のキャラを1枚まで選び、リムーブする。
【ヒラメキ】(証拠からリムーブされるときに発動する)キャラを1枚まで選び、スリープさせる。","【선언】【턴①】레벨 6 이상의 특징 [아카이가]를 가진 캐릭터를 1장 슬리프시키고, 덱의 카드를 위에서 3장 리무브한다: 이 【선언】 능력의 코스트로 특징 [아카이가]의 캐릭터가 리무브된 경우, AP 8000 이하의 캐릭터를 1장까지 선택하여 리무브한다.
【히라메키】(증거에서 리무브될 때 발동한다) 캐릭터를 1장까지 선택하여 슬리프시킨다.",【宣言】【ターン1】レベル6以上の特徴[赤井家]のキャラを1枚スリープさせ、デッキのカードを上から3枚リムーブする:この【宣言】能力のコストによって特徴[赤井家]のキャラがリムーブされた場合、AP8000以下のキャラを1枚まで選び、リムーブする。,공식 룰북 p.22 — 대상 절에 自分の/相手の 없음(「キャラを～枚まで選び」는 지정이 없으면 양쪽 현장): …AP8000以下のキャラを1枚まで,high
id_0698,羽田秀吉,1,0,ops.0,select,,any,"【宣言】【ターン①】レベル6以上の特徴[赤井家]のキャラを1枚スリープさせ、デッキのカードを上から3枚リムーブする:この【宣言】能力のコストによって特徴[赤井家]のキャラがリムーブされた場合、AP8000以下のキャラを1枚まで選び、リムーブする。
【ヒラメキ】(証拠からリムーブされるときに発動する)キャラを1枚まで選び、スリープさせる。","【선언】【턴①】레벨 6 이상의 특징 [아카이가]를 가진 캐릭터를 1장 슬리프시키고, 덱의 카드를 위에서 3장 리무브한다: 이 【선언】 능력의 코스트로 특징 [아카이가]의 캐릭터가 리무브된 경우, AP 8000 이하의 캐릭터를 1장까지 선택하여 리무브한다.
【히라메키】(증거에서 리무브될 때 발동한다) 캐릭터를 1장까지 선택하여 슬리프시킨다.",【ヒラメキ】(証拠からリムーブされるときに発動する)キャラを1枚まで選び、スリープさせる。,공식 룰북 p.22 — 대상 절에 自分の/相手の 없음(「キャラを～枚まで選び」는 지정이 없으면 양쪽 현장): …キャラを1枚まで,high
id_0700,世良真純,1,0,ops.0,select,,any,"【相手ターン中】【現場リムーブ時】カードを1枚引き、手札を1枚リムーブする。
【宣言】【ターン①】レベル7以下のキャラを1枚まで選び、リムーブする。この能力はこのキャラがスリープ状態かスタン状態の場合に宣言できる。","【상대 턴 중】【현장 리무브 시】카드를 1장 뽑고, 손패를 1장 리무브한다.
【선언】【턴①】레벨 7 이하의 캐릭터를 1장까지 선택하고 리무브한다. 이 능력은 이 캐릭터가 슬립 상태이거나 스턴 상태인 경우에 선언할 수 있다.",【宣言】【ターン1】レベル7以下のキャラを1枚まで選び、リムーブする。この能力はこのキャラがスリープ状態かスタン状態の場合に宣言できる。,공식 룰북 p.22 — 대상 절에 自分の/相手の 없음(「キャラを～枚まで選び」는 지정이 없으면 양쪽 현장): …レベル7以下のキャラを1枚まで,high
id_0702,「説得するよりこの方が早い…」,0,0,ops.0,select,,any,"【解決編】AP8000以下のキャラを1枚まで選び、リムーブする。自分のFILEエリアにあるカードを上から1枚手札に加えてもよい。そうした場合、AP8000以下のキャラを1枚まで選び、リムーブする。(自分の事件が解決編になっている場合、この能力か効果を使える)
【ヒラメキ】(証拠からリムーブされるときに発動する)カードを1枚引く。","【해결편】AP8000 이하의 캐릭터를 1장까지 선택하여 리무브한다. 자신의 FILE 에리어에 있는 카드를 위에서 1장 손패에 추가해도 된다. 그렇게 한 경우, AP8000 이하의 캐릭터를 1장까지 선택하여 리무브한다. (자신의 사건이 해결편으로 되어 있는 경우, 이 능력이나 효과를 사용할 수 있다)
【힌트(ヒラメキ)】(증거에서 리무브될 때 발동한다) 카드를 1장 뽑는다.",【解決編】AP8000以下のキャラを1枚まで選び、リムーブする。自分のFILEエリアにあるカードを上から1枚手札に加えてもよい。そうした場合、AP8000以下のキャラを1枚まで選び、リムーブする。(自分の事件が解決編になっている場合、この能力か効果を使える),공식 룰북 p.22 — 대상 절에 自分の/相手の 없음(「キャラを～枚まで選び」는 지정이 없으면 양쪽 현장): …AP8000以下のキャラを1枚まで,high
id_0702,「説得するよりこの方が早い…」,0,2,ops.2.ops.0,select,,any,"【解決編】AP8000以下のキャラを1枚まで選び、リムーブする。自分のFILEエリアにあるカードを上から1枚手札に加えてもよい。そうした場合、AP8000以下のキャラを1枚まで選び、リムーブする。(自分の事件が解決編になっている場合、この能力か効果を使える)
【ヒラメキ】(証拠からリムーブされるときに発動する)カードを1枚引く。","【해결편】AP8000 이하의 캐릭터를 1장까지 선택하여 리무브한다. 자신의 FILE 에리어에 있는 카드를 위에서 1장 손패에 추가해도 된다. 그렇게 한 경우, AP8000 이하의 캐릭터를 1장까지 선택하여 리무브한다. (자신의 사건이 해결편으로 되어 있는 경우, 이 능력이나 효과를 사용할 수 있다)
【힌트(ヒラメキ)】(증거에서 리무브될 때 발동한다) 카드를 1장 뽑는다.",【解決編】AP8000以下のキャラを1枚まで選び、リムーブする。自分のFILEエリアにあるカードを上から1枚手札に加えてもよい。そうした場合、AP8000以下のキャラを1枚まで選び、リムーブする。(自分の事件が解決編になっている場合、この能力か効果を使える),공식 룰북 p.22 — 대상 절에 自分の/相手の 없음(「キャラを～枚まで選び」는 지정이 없으면 양쪽 현장): …AP8000以下のキャラを1枚まで,high
id_0703,安室透&榎本梓,0,1,ops.1,select,,any,"【パートナー(黄)】【登場時】相手は手札を公開する。(その後、元に戻す)レベル9以下のキャラを1枚まで選び、リムーブする。
【宣言】【ターン①】カードを1枚引き、捜査1(相手はデッキのカードを上から指定の数だけ公開し、好きな順番でデッキの下に移す)する。レベル7以下のカードが発見された場合、自分は手札を1枚リムーブする。この能力はパートナーエリアでも宣言できる。
【カットイン】AP+2000
【MR能力】
相手ターン中に現場を離れる場合、パートナーエリアに移動する。
自分の現場にMRが登場する場合、リムーブする。","【파트너(황)】【등장 시】상대는 손패를 공개한다. (그 후 원래대로 되돌린다) 레벨 9 이하의 캐릭터를 1장까지 선택해 리무브한다.
【선언】【턴①】카드를 1장 뽑고, 수사1(상대는 덱의 카드를 위에서 지정한 수만큼 공개하고, 원하는 순서로 덱 아래로 옮긴다)을 한다. 레벨 7 이하의 카드가 발견된 경우, 자신은 손패를 1장 리무브한다. 이 능력은 파트너 에리어에서도 선언할 수 있다.
【컷인】AP+2000
【MR 능력】
상대 턴 중에 현장을 떠나는 경우, 파트너 에리어로 이동한다.
자신의 현장에 MR이 등장하는 경우, 리무브한다.",【パートナー(黄)】【登場時】相手は手札を公開する。(その後、元に戻す)レベル9以下のキャラを1枚まで選び、リムーブする。,공식 룰북 p.22 — 대상 절에 自分の/相手の 없음(「キャラを～枚まで選び」는 지정이 없으면 양쪽 현장): …レベル9以下のキャラを1枚まで,high
id_0704,松田陣平,1,0,ops.0,select,,any,"【パートナー(黄)】【宣言】【ターン①】【スリープ】:相手の証拠を1つまで選び、デッキの下に移す。相手の現場にいるAP8000以下のキャラを1枚まで選び、相手はそのカードを表向きのまま証拠として得る。相手の現場にいるMRのキャラを選んだ場合、相手はデッキのカードを上から1枚表向きで証拠として得る。
【ヒラメキ】(証拠からリムーブされるときに発動する)キャラを1枚まで選び、スリープさせる。","【파트너(노랑)】【선언】【턴①】【슬립】: 상대의 증거를 1개까지 선택하여 덱 아래로 옮긴다. 상대의 현장에 있는 AP8000 이하의 캐릭터를 1장까지 선택하고, 상대는 그 카드를 앞면인 채로 증거로 얻는다. 상대의 현장에 있는 MR 캐릭터를 선택한 경우, 상대는 덱의 카드를 위에서 1장 앞면으로 증거로 얻는다.
【번뜩임】(증거에서 리무브될 때 발동한다) 캐릭터를 1장까지 선택하고 슬립시킨다.",【ヒラメキ】(証拠からリムーブされるときに発動する)キャラを1枚まで選び、スリープさせる。,공식 룰북 p.22 — 대상 절에 自分の/相手の 없음(「キャラを～枚まで選び」는 지정이 없으면 양쪽 현장): …キャラを1枚まで,high
id_0713,高木君のおごり,0,0,ops.0.ops.0,select,,any,"以下から1つ選んで行う。自分の現場に特徴[喫茶ポアロ]のキャラが3枚以上いる場合、代わりに2つとも行う。(上から順に行う)
・アクティブ状態のキャラを1枚まで選び、スタンさせる。
・スリープ状態のキャラを1枚まで選び、スタンさせる。(スタン状態のキャラをアクティブにする場合、代わりにスリープさせる)
【ヒラメキ】(証拠からリムーブされるときに発動する)カードを1枚引く。","아래에서 1개를 선택해 행한다. 자신의 현장에 특징 [喫茶ポアロ]의 캐릭터가 3장 이상 있는 경우, 대신 2개 모두 행한다. (위에서부터 순서대로 행한다)
・액티브 상태의 캐릭터를 1장까지 선택하고, 스탠시킨다.
・슬립 상태의 캐릭터를 1장까지 선택하고, 스탠시킨다. (스탠 상태의 캐릭터를 액티브로 하는 경우, 대신 슬립시킨다)
【히라메키】(증거에서 리무브될 때 발동한다) 카드를 1장 뽑는다.","以下から1つ選んで行う。自分の現場に特徴[喫茶ポアロ]のキャラが3枚以上いる場合、代わりに2つとも行う。(上から順に行う)
・アクティブ状態のキャラを1枚まで選び、スタンさせる。
・スリープ状態のキャラを1枚まで選び、スタンさせる。(スタン状態のキャラをアクティブにする場合、代わりにスリープさせる)",공식 룰북 p.22 — 대상 절에 自分の/相手の 없음(「キャラを～枚まで選び」는 지정이 없으면 양쪽 현장): …アクティブ状態のキャラを1枚まで,high
id_0713,高木君のおごり,0,0,ops.0.ops.1,select,,any,"以下から1つ選んで行う。自分の現場に特徴[喫茶ポアロ]のキャラが3枚以上いる場合、代わりに2つとも行う。(上から順に行う)
・アクティブ状態のキャラを1枚まで選び、スタンさせる。
・スリープ状態のキャラを1枚まで選び、スタンさせる。(スタン状態のキャラをアクティブにする場合、代わりにスリープさせる)
【ヒラメキ】(証拠からリムーブされるときに発動する)カードを1枚引く。","아래에서 1개를 선택해 행한다. 자신의 현장에 특징 [喫茶ポアロ]의 캐릭터가 3장 이상 있는 경우, 대신 2개 모두 행한다. (위에서부터 순서대로 행한다)
・액티브 상태의 캐릭터를 1장까지 선택하고, 스탠시킨다.
・슬립 상태의 캐릭터를 1장까지 선택하고, 스탠시킨다. (스탠 상태의 캐릭터를 액티브로 하는 경우, 대신 슬립시킨다)
【히라메키】(증거에서 리무브될 때 발동한다) 카드를 1장 뽑는다.","以下から1つ選んで行う。自分の現場に特徴[喫茶ポアロ]のキャラが3枚以上いる場合、代わりに2つとも行う。(上から順に行う)
・アクティブ状態のキャラを1枚まで選び、スタンさせる。
・スリープ状態のキャラを1枚まで選び、スタンさせる。(スタン状態のキャラをアクティブにする場合、代わりにスリープさせる)",공식 룰북 p.22 — 대상 절에 自分の/相手の 없음(「キャラを～枚まで選び」는 지정이 없으면 양쪽 현장): …アクティブ状態のキャラを1枚まで,high
id_0713,高木君のおごり,0,0,ops.0.else.0.opts.0.ops.0,select,,any,"以下から1つ選んで行う。自分の現場に特徴[喫茶ポアロ]のキャラが3枚以上いる場合、代わりに2つとも行う。(上から順に行う)
・アクティブ状態のキャラを1枚まで選び、スタンさせる。
・スリープ状態のキャラを1枚まで選び、スタンさせる。(スタン状態のキャラをアクティブにする場合、代わりにスリープさせる)
【ヒラメキ】(証拠からリムーブされるときに発動する)カードを1枚引く。","아래에서 1개를 선택해 행한다. 자신의 현장에 특징 [喫茶ポアロ]의 캐릭터가 3장 이상 있는 경우, 대신 2개 모두 행한다. (위에서부터 순서대로 행한다)
・액티브 상태의 캐릭터를 1장까지 선택하고, 스탠시킨다.
・슬립 상태의 캐릭터를 1장까지 선택하고, 스탠시킨다. (스탠 상태의 캐릭터를 액티브로 하는 경우, 대신 슬립시킨다)
【히라메키】(증거에서 리무브될 때 발동한다) 카드를 1장 뽑는다.","以下から1つ選んで行う。自分の現場に特徴[喫茶ポアロ]のキャラが3枚以上いる場合、代わりに2つとも行う。(上から順に行う)
・アクティブ状態のキャラを1枚まで選び、スタンさせる。
・スリープ状態のキャラを1枚まで選び、スタンさせる。(スタン状態のキャラをアクティブにする場合、代わりにスリープさせる)",공식 룰북 p.22 — 대상 절에 自分の/相手の 없음(「キャラを～枚まで選び」는 지정이 없으면 양쪽 현장): …アクティブ状態のキャラを1枚まで,high
id_0713,高木君のおごり,0,0,ops.0.else.0.opts.1.ops.0,select,,any,"以下から1つ選んで行う。自分の現場に特徴[喫茶ポアロ]のキャラが3枚以上いる場合、代わりに2つとも行う。(上から順に行う)
・アクティブ状態のキャラを1枚まで選び、スタンさせる。
・スリープ状態のキャラを1枚まで選び、スタンさせる。(スタン状態のキャラをアクティブにする場合、代わりにスリープさせる)
【ヒラメキ】(証拠からリムーブされるときに発動する)カードを1枚引く。","아래에서 1개를 선택해 행한다. 자신의 현장에 특징 [喫茶ポアロ]의 캐릭터가 3장 이상 있는 경우, 대신 2개 모두 행한다. (위에서부터 순서대로 행한다)
・액티브 상태의 캐릭터를 1장까지 선택하고, 스탠시킨다.
・슬립 상태의 캐릭터를 1장까지 선택하고, 스탠시킨다. (스탠 상태의 캐릭터를 액티브로 하는 경우, 대신 슬립시킨다)
【히라메키】(증거에서 리무브될 때 발동한다) 카드를 1장 뽑는다.","以下から1つ選んで行う。自分の現場に特徴[喫茶ポアロ]のキャラが3枚以上いる場合、代わりに2つとも行う。(上から順に行う)
・アクティブ状態のキャラを1枚まで選び、スタンさせる。
・スリープ状態のキャラを1枚まで選び、スタンさせる。(スタン状態のキャラをアクティブにする場合、代わりにスリープさせる)",공식 룰북 p.22 — 대상 절에 自分の/相手の 없음(「キャラを～枚まで選び」는 지정이 없으면 양쪽 현장): …アクティブ状態のキャラを1枚まで,high
id_0715,ベルモット&シェリー,0,0,ops.0,select,,any,"【宣言】【ターン①】AP8000以下のキャラを1枚まで選び、リムーブする。この能力は自分の現場に特徴[黒ずくめの組織]のキャラが2枚以上いる場合に宣言できる。
【宣言】【ターン①】自分のデッキのカードを上から3枚見る。その中から【カットイン】を持つレベル8以下の【黒】のカードを1枚まで公開して手札に加え、残りをリムーブエリアに移す。レベル4以上のカードを手札に加えた場合、手札を1枚リムーブする。この能力は自分の現場に特徴[黒ずくめの組織]のキャラが2枚以上いる場合に宣言できる。この能力はパートナーエリアでも宣言できる。
【カットイン】AP+2000
【MR能力】相手ターン中に現場を離れる場合、パートナーエリアに移動する。
自分の現場にMRが登場する場合、リムーブする。","【선언】【턴①】AP8000 이하의 캐릭터를 1장까지 선택하여 리무브한다. 이 능력은 자신의 현장에 특징 [검은 조직]의 캐릭터가 2장 이상 있는 경우에 선언할 수 있다.
【선언】【턴①】자신의 덱 위에서 3장을 본다. 그중에서 【컷인】을 가진 레벨 8 이하의 【검정】 카드를 1장까지 공개하여 손패에 더하고, 나머지는 리무브 에리어로 옮긴다. 레벨 4 이상의 카드를 손패에 더한 경우, 손패를 1장 리무브한다. 이 능력은 자신의 현장에 특징 [검은 조직]의 캐릭터가 2장 이상 있는 경우에 선언할 수 있다. 이 능력은 파트너 에리어에서도 선언할 수 있다.
【컷인】AP+2000
【MR 능력】상대 턴 중에 현장을 떠나는 경우, 파트너 에리어로 이동한다.
자신의 현장에 MR이 등장하는 경우, 리무브한다.",【宣言】【ターン1】AP8000以下のキャラを1枚まで選び、リムーブする。この能力は自分の現場に特徴[黒ずくめの組織]のキャラが2枚以上いる場合に宣言できる。,공식 룰북 p.22 — 대상 절에 自分の/相手の 없음(「キャラを～枚まで選び」는 지정이 없으면 양쪽 현장): …AP8000以下のキャラを1枚まで,high
id_0716,ラム,0,0,ops.0,select,,any,"【事件(黒)】【パートナー(黒)】【登場時】レベル8以下のキャラを1枚まで選び、リムーブする。
【カットイン】【自分ターン中】AP+3000(自分のターンのコンタクト中に手札からリムーブして使う)","【사건(검정)】【파트너(검정)】【등장 시】레벨 8 이하의 캐릭터를 1장까지 선택하고 리무브한다.
【컷인】【자신 턴 중】AP+3000 (자신의 턴 컨택트 중에 손패에서 리무브하여 사용한다)",【事件(黒)】【パートナー(黒)】【登場時】レベル8以下のキャラを1枚まで選び、リムーブする。,공식 룰북 p.22 — 대상 절에 自分の/相手の 없음(「キャラを～枚まで選び」는 지정이 없으면 양쪽 현장): …レベル8以下のキャラを1枚まで,high
id_0734,江戸川コナン,0,2,ops.2.ops.0,select,,any,"【登場時】カードを2枚引き、手札を2枚リムーブする。この効果によってそれぞれ色の異なる(同じ色を持たない)特徴[探偵]のキャラを2枚リムーブした場合、AP8000以下のキャラを1枚まで選び、リムーブする。
【宣言】このキャラか、特徴[探偵]のキャラを1枚スリープさせる:このターン中、相手は【カットイン】と【変装】を使用できない。","【등장 시】카드를 2장 뽑고, 손패를 2장 리무브한다. 이 효과로 각각 색이 다른(같은 색을 갖지 않는) 특징 [탐정]의 캐릭터를 2장 리무브했을 경우, AP8000 이하의 캐릭터를 1장까지 선택하여 리무브한다.
【선언】이 캐릭터나 특징 [탐정]의 캐릭터를 1장 슬립시킨다: 이번 턴 중, 상대는 【컷인】과 【변장】을 사용할 수 없다.",【登場時】カードを2枚引き、手札を2枚リムーブする。この効果によってそれぞれ色の異なる(同じ色を持たない)特徴[探偵]のキャラを2枚リムーブした場合、AP8000以下のキャラを1枚まで選び、リムーブする。,공식 룰북 p.22 — 대상 절에 自分の/相手の 없음(「キャラを～枚まで選び」는 지정이 없으면 양쪽 현장): …AP8000以下のキャラを1枚まで,high
id_0735,工藤新一,1,0,ops.0,bottomSame,,opp,"自分の手札にある【青】のカードは「【カットイン】カットイン AP+1000」を持つ。(【カットイン】カットインを2つ以上持つ場合、1つ選んで使う)
【パートナー(青)】【登場時】相手の現場にいるレベル8以下のキャラを1枚までと、相手のリムーブエリアにあるそのキャラと同じカード名のキャラを1枚まで選び、相手は好きな順番でデッキの下に移す。","자신의 손패에 있는 【청】 카드는 「【컷인】 컷인 AP+1000」을 가진다. (【컷인】을 2개 이상 가진 경우, 1개를 골라 사용한다)
【파트너(청)】【등장 시】 상대의 현장에 있는 레벨 8 이하의 캐릭터를 1장까지, 그리고 상대의 리무브 에리어에 있는 그 캐릭터와 같은 카드 이름의 캐릭터를 1장까지 고르고, 상대는 원하는 순서로 덱 아래로 이동시킨다.",【パートナー(青)】【登場時】相手の現場にいるレベル8以下のキャラを1枚までと、相手のリムーブエリアにあるそのキャラと同じカード名のキャラを1枚まで選び、相手は好きな順番でデッキの下に移す。,"이 op 는 상대 현장의 캐릭터를 대상으로 하는 효과(원문 ""相手の現場にいる…"")",high
id_0739,沖野ヨーコ,0,0,ops.0,select,,any,【宣言】【スリープ】リムーブエリアに移す：AP6000以上のキャラを1枚まで選び、スリープさせる。,"【선언】【슬리프】리무브 에리어로 이동: AP 6000 이상의 캐릭터를 1장까지 선택하고, 슬리프시킨다.",【宣言】【スリープ】リムーブエリアに移す:AP6000以上のキャラを1枚まで選び、スリープさせる。,공식 룰북 p.22 — 대상 절에 自分の/相手の 없음(「キャラを～枚まで選び」는 지정이 없으면 양쪽 현장): …AP6000以上のキャラを1枚まで,high
id_0742,円谷光彦,1,0,ops.0,select,,any,"【登場時】自分のデッキのカードを上から2枚見る。その中から特徴［少年探偵団］のキャラを1枚まで公開して手札に加え、残りをリムーブエリアに移す。カードを手札に加え、自分の事件が解決編の場合、手札を1枚リムーブする。
【宣言】【スリープ】：特徴［少年探偵団］のキャラを1枚まで選び、ターン終了時までAP＋3000する。","【등장 시】자신의 덱 카드를 위에서 2장 본다. 그 중에서 특징 [소년탐정단]의 캐릭터를 1장까지 공개하고 손패에 넣고, 나머지를 리무브 에리어로 옮긴다. 카드를 손패에 넣었고, 자신의 사건이 해결편인 경우, 손패를 1장 리무브한다.
【선언】【슬립】: 특징 [소년탐정단]의 캐릭터를 1장까지 선택하고, 턴 종료 시까지 AP+3000 한다.",【宣言】【スリープ】:特徴[少年探偵団]のキャラを1枚まで選び、ターン終了時までAP+3000する。,공식 룰북 p.22 — 대상 절에 自分の/相手の 없음(「キャラを～枚まで選び」는 지정이 없으면 양쪽 현장): …特徴[少年探偵団]のキャラを1枚まで,high
id_0745,「今時、予告状を送りつける、レトロな泥棒さんの面をな…」,0,1,ops.1.ops.0,select,,any,"以下から1つ選んで行う。自分の現場にいるカード名［江戸川コナン］を1枚スリープさせてもよい。そうした場合、代わりに3つとも行う。(上から順に行う)
・スタン状態のキャラを1枚まで選び、アクティブにし、さらにアクティブにする。
・特徴［怪盗］のキャラを1枚まで選び、スタンさせる。
・自分のリムーブエリアにあるキャラを1枚まで選び、手札に加える。","아래에서 1개를 선택해 실행한다. 자신의 현장에 있는 카드명 [에도가와 코난]을 1장 슬리프시켜도 된다. 그렇게 한 경우, 대신 3개 모두 실행한다. (위에서부터 순서대로 실행)
・스탠 상태의 캐릭터를 1장까지 선택하여 액티브로 하고, 추가로 액티브로 한다.
・특징 [괴도]의 캐릭터를 1장까지 선택하여 스탠시킨다.
・자신의 리무브 에리어에 있는 캐릭터를 1장까지 선택하여 손패에 넣는다.","以下から1つ選んで行う。自分の現場にいるカード名[江戸川コナン]を1枚スリープさせてもよい。そうした場合、代わりに3つとも行う。(上から順に行う)
・スタン状態のキャラを1枚まで選び、アクティブにし、さらにアクティブにする。
・特徴[怪盗]のキャラを1枚まで選び、スタンさせる。
・自分のリムーブエリアにあるキャラを1枚まで選び、手札に加える。",공식 룰북 p.22 — 대상 절에 自分の/相手の 없음(「キャラを～枚まで選び」는 지정이 없으면 양쪽 현장): …スタン状態のキャラを1枚まで,high
id_0745,「今時、予告状を送りつける、レトロな泥棒さんの面をな…」,0,1,ops.1.ops.1,select,,any,"以下から1つ選んで行う。自分の現場にいるカード名［江戸川コナン］を1枚スリープさせてもよい。そうした場合、代わりに3つとも行う。(上から順に行う)
・スタン状態のキャラを1枚まで選び、アクティブにし、さらにアクティブにする。
・特徴［怪盗］のキャラを1枚まで選び、スタンさせる。
・自分のリムーブエリアにあるキャラを1枚まで選び、手札に加える。","아래에서 1개를 선택해 실행한다. 자신의 현장에 있는 카드명 [에도가와 코난]을 1장 슬리프시켜도 된다. 그렇게 한 경우, 대신 3개 모두 실행한다. (위에서부터 순서대로 실행)
・스탠 상태의 캐릭터를 1장까지 선택하여 액티브로 하고, 추가로 액티브로 한다.
・특징 [괴도]의 캐릭터를 1장까지 선택하여 스탠시킨다.
・자신의 리무브 에리어에 있는 캐릭터를 1장까지 선택하여 손패에 넣는다.","以下から1つ選んで行う。自分の現場にいるカード名[江戸川コナン]を1枚スリープさせてもよい。そうした場合、代わりに3つとも行う。(上から順に行う)
・スタン状態のキャラを1枚まで選び、アクティブにし、さらにアクティブにする。
・特徴[怪盗]のキャラを1枚まで選び、スタンさせる。
・自分のリムーブエリアにあるキャラを1枚まで選び、手札に加える。",공식 룰북 p.22 — 대상 절에 自分の/相手の 없음(「キャラを～枚まで選び」는 지정이 없으면 양쪽 현장): …特徴[怪盗]のキャラを1枚まで,high
id_0745,「今時、予告状を送りつける、レトロな泥棒さんの面をな…」,0,1,ops.1.else.0.opts.0.ops.0,select,,any,"以下から1つ選んで行う。自分の現場にいるカード名［江戸川コナン］を1枚スリープさせてもよい。そうした場合、代わりに3つとも行う。(上から順に行う)
・スタン状態のキャラを1枚まで選び、アクティブにし、さらにアクティブにする。
・特徴［怪盗］のキャラを1枚まで選び、スタンさせる。
・自分のリムーブエリアにあるキャラを1枚まで選び、手札に加える。","아래에서 1개를 선택해 실행한다. 자신의 현장에 있는 카드명 [에도가와 코난]을 1장 슬리프시켜도 된다. 그렇게 한 경우, 대신 3개 모두 실행한다. (위에서부터 순서대로 실행)
・스탠 상태의 캐릭터를 1장까지 선택하여 액티브로 하고, 추가로 액티브로 한다.
・특징 [괴도]의 캐릭터를 1장까지 선택하여 스탠시킨다.
・자신의 리무브 에리어에 있는 캐릭터를 1장까지 선택하여 손패에 넣는다.","以下から1つ選んで行う。自分の現場にいるカード名[江戸川コナン]を1枚スリープさせてもよい。そうした場合、代わりに3つとも行う。(上から順に行う)
・スタン状態のキャラを1枚まで選び、アクティブにし、さらにアクティブにする。
・特徴[怪盗]のキャラを1枚まで選び、スタンさせる。
・自分のリムーブエリアにあるキャラを1枚まで選び、手札に加える。",공식 룰북 p.22 — 대상 절에 自分の/相手の 없음(「キャラを～枚まで選び」는 지정이 없으면 양쪽 현장): …スタン状態のキャラを1枚まで,high
id_0745,「今時、予告状を送りつける、レトロな泥棒さんの面をな…」,0,1,ops.1.else.0.opts.1.ops.0,select,,any,"以下から1つ選んで行う。自分の現場にいるカード名［江戸川コナン］を1枚スリープさせてもよい。そうした場合、代わりに3つとも行う。(上から順に行う)
・スタン状態のキャラを1枚まで選び、アクティブにし、さらにアクティブにする。
・特徴［怪盗］のキャラを1枚まで選び、スタンさせる。
・自分のリムーブエリアにあるキャラを1枚まで選び、手札に加える。","아래에서 1개를 선택해 실행한다. 자신의 현장에 있는 카드명 [에도가와 코난]을 1장 슬리프시켜도 된다. 그렇게 한 경우, 대신 3개 모두 실행한다. (위에서부터 순서대로 실행)
・스탠 상태의 캐릭터를 1장까지 선택하여 액티브로 하고, 추가로 액티브로 한다.
・특징 [괴도]의 캐릭터를 1장까지 선택하여 스탠시킨다.
・자신의 리무브 에리어에 있는 캐릭터를 1장까지 선택하여 손패에 넣는다.","以下から1つ選んで行う。自分の現場にいるカード名[江戸川コナン]を1枚スリープさせてもよい。そうした場合、代わりに3つとも行う。(上から順に行う)
・スタン状態のキャラを1枚まで選び、アクティブにし、さらにアクティブにする。
・特徴[怪盗]のキャラを1枚まで選び、スタンさせる。
・自分のリムーブエリアにあるキャラを1枚まで選び、手札に加える。",공식 룰북 p.22 — 대상 절에 自分の/相手の 없음(「キャラを～枚まで選び」는 지정이 없으면 양쪽 현장): …特徴[怪盗]のキャラを1枚まで,high
id_0748,服部平次,0,0,ops.0,select,,any,"【自分ターン中】【ターン①】自分が【緑】のイベントを使用したとき、レベル8以下のキャラを1枚まで選び、リムーブする。(イベントを解決してからキャラを選ぶ)
【パートナー(緑)】【宣言】【ターン①】このキャラ以外のレベル5以上のキャラを1枚スリープさせる:ターン終了時までこのキャラは突撃[事件](登場したターンからすぐに事件を指定してアクションできる)を持つ。","【자신 턴 중】【턴①】자신이 【녹색】 이벤트를 사용했을 때, 레벨 8 이하의 캐릭터를 1장까지 선택하여 리무브한다. (이벤트를 해결한 후 캐릭터를 선택한다)
【파트너(녹색)】【선언】【턴①】이 캐릭터 이외의 레벨 5 이상의 캐릭터를 1장 슬립시킨다: 턴 종료 시까지 이 캐릭터는 돌격[사건](등장한 턴부터 바로 사건을 지정해 액션할 수 있다)을 가진다.",【自分ターン中】【ターン1】自分が【緑】のイベントを使用したとき、レベル8以下のキャラを1枚まで選び、リムーブする。(イベントを解決してからキャラを選ぶ),공식 룰북 p.22 — 대상 절에 自分の/相手の 없음(「キャラを～枚まで選び」는 지정이 없으면 양쪽 현장): …レベル8以下のキャラを1枚まで,high
id_0748,服部平次,0,,sf,ontrig.sf,,self,"【自分ターン中】【ターン①】自分が【緑】のイベントを使用したとき、レベル8以下のキャラを1枚まで選び、リムーブする。(イベントを解決してからキャラを選ぶ)
【パートナー(緑)】【宣言】【ターン①】このキャラ以外のレベル5以上のキャラを1枚スリープさせる:ターン終了時までこのキャラは突撃[事件](登場したターンからすぐに事件を指定してアクションできる)を持つ。","【자신 턴 중】【턴①】자신이 【녹색】 이벤트를 사용했을 때, 레벨 8 이하의 캐릭터를 1장까지 선택하여 리무브한다. (이벤트를 해결한 후 캐릭터를 선택한다)
【파트너(녹색)】【선언】【턴①】이 캐릭터 이외의 레벨 5 이상의 캐릭터를 1장 슬립시킨다: 턴 종료 시까지 이 캐릭터는 돌격[사건](등장한 턴부터 바로 사건을 지정해 액션할 수 있다)을 가진다.",【自分ターン中】【ターン1】自分が【緑】のイベントを使用したとき、レベル8以下のキャラを1枚まで選び、リムーブする。(イベントを解決してからキャラを選ぶ),트리거의 who=self(원문이 정한 행동 주체)와 동일한 쪽,high
id_0751,遠山和葉,0,1,ops.1.ops.0,select,,any,【解決編】【登場時】【緑】のイベントの効果によって登場した場合、このキャラをスリープさせてもよい。そうした場合、レベル7以下のキャラを1枚まで選び、リムーブする。,"【해결편】【등장시】【녹색】 이벤트의 효과로 등장한 경우, 이 캐릭터를 슬립시켜도 된다. 그렇게 한 경우, 레벨 7 이하의 캐릭터를 1장까지 선택하여 리무브한다.",【解決編】【登場時】【緑】のイベントの効果によって登場した場合、このキャラをスリープさせてもよい。そうした場合、レベル7以下のキャラを1枚まで選び、リムーブする。,공식 룰북 p.22 — 대상 절에 自分の/相手の 없음(「キャラを～枚まで選び」는 지정이 없으면 양쪽 현장): …レベル7以下のキャラを1枚まで,high
id_0755,光本兵我,0,1,ops.1.ops.0,select,,any,"自分のターン終了時、このキャラを現場からリムーブしてもよい。そうした場合、
カード名[服部平次]か[毛利小五郎]のキャラを1枚まで選び、アクティブにする。","자신의 턴 종료 시, 이 캐릭터를 현장에서 리무브해도 된다. 그렇게 한 경우, 카드명 [핫토리 헤이지] 또는 [모리 코고로]의 캐릭터를 1장까지 선택하여 액티브로 한다.",自分のターン終了時、このキャラを現場からリムーブしてもよい。そうした場合、カード名[服部平次]か[毛利小五郎]のキャラを1枚まで選び、アクティブにする。,공식 룰북 p.22 — 대상 절에 自分の/相手の 없음(「キャラを～枚まで選び」는 지정이 없으면 양쪽 현장): …服部平次]か[毛利小五郎]のキャラを1枚まで,high
id_0756,ハチ,0,,sf,ontrig.sf,,opp,"【相手ターン中】相手の現場にレベル8のキャラが登場したとき、自分はカードを1枚引いてもよい。そうした場合、手札を1枚リムーブする。
【ヒラメキ】自分のリムーブエリアにある特徴［高校生］のキャラを1枚まで選び、手札に加える。","【상대 턴 중】 상대의 현장에 레벨 8의 캐릭터가 등장했을 때, 자신은 카드를 1장 뽑아도 된다. 그렇게 한 경우, 손패를 1장 리무브한다.
【히라메키】 자신의 리무브 에리어에 있는 특징 [고등학생]의 캐릭터를 1장까지 골라 손패에 더한다.",【相手ターン中】相手の現場にレベル8のキャラが登場したとき、自分はカードを1枚引いてもよい。そうした場合、手札を1枚リムーブする。,트리거의 who=opp(원문이 정한 행동 주체)와 동일한 쪽,high
id_0758,相応しいお方,0,0,ops.0,select,,any,【パートナー(緑)】AP8000以下のキャラを1枚まで選び、リムーブする。このイベントが能力や効果によって使用されていた場合、カードを1枚引く。,"【파트너(녹)】 AP 8000 이하의 캐릭터를 1장까지 선택하여 리무브한다. 이 이벤트가 능력이나 효과에 의해 사용되었을 경우, 카드를 1장 뽑는다.",【パートナー(緑)】AP8000以下のキャラを1枚まで選び、リムーブする。このイベントが能力や効果によって使用されていた場合、カードを1枚引く。,공식 룰북 p.22 — 대상 절에 自分の/相手の 없음(「キャラを～枚まで選び」는 지정이 없으면 양쪽 현장): …AP8000以下のキャラを1枚まで,high
id_0760,小泉紅子,1,0,ops.0,select,,any,"【登場時】自分のデッキのカードを上から1枚裏向きでこのキャラにセットする。
【事件赤魔術】【宣言】【スリープ】手札を1枚リムーブする：キャラを1枚まで選び、リムーブする。自分の現場にいるキャラに裏向きでセットされているカードを合わせて2枚リムーブしてもよい。そうした場合、自分のリムーブエリアにあるレベル3以下の【白】のキャラを1枚まで選び、登場させる。","【등장 시】자신의 덱 카드를 위에서 1장 뒷면으로 이 캐릭터에 세트한다.
【사건 적마술】【선언】【슬립】손패를 1장 리무브한다: 캐릭터를 1장까지 선택하여 리무브한다. 자신의 현장에 있는 캐릭터에 뒷면으로 세트되어 있는 카드를 합쳐서 2장 리무브해도 좋다. 그렇게 한 경우, 자신의 리무브 에리어에 있는 레벨 3 이하의 【백】 캐릭터를 1장까지 선택하여 등장시킨다.",【事件赤魔術】【宣言】【スリープ】手札を1枚リムーブする:キャラを1枚まで選び、リムーブする。自分の現場にいるキャラに裏向きでセットされているカードを合わせて2枚リムーブしてもよい。そうした場合、自分のリムーブエリアにあるレベル3以下の【白】のキャラを1枚まで選び、登場させる。,공식 룰북 p.22 — 대상 절에 自分の/相手の 없음(「キャラを～枚まで選び」는 지정이 없으면 양쪽 현장): …キャラを1枚まで,high
id_0761,白馬探,0,0,ops.0,select,,any,【宣言】【スリープ】手札を1枚リムーブする：AP8000以下のキャラを1枚までで選び、リムーブする。自分のパートナーエリアにある特徴[ビッグジュエル]のカードを1枚リムーブしてもよい。そうした場合、カードを2枚引く。,"【선언】【슬립】손패를 1장 리무브한다: AP 8000 이하의 캐릭터를 1장까지 골라 리무브한다. 자신의 파트너 에리어에 있는 특징 [빅 쥬얼]의 카드를 1장 리무브해도 된다. 그렇게 한 경우, 카드를 2장 뽑는다.",【宣言】【スリープ】手札を1枚リムーブする:AP8000以下のキャラを1枚までで選び、リムーブする。自分のパートナーエリアにある特徴[ビッグジュエル]のカードを1枚リムーブしてもよい。そうした場合、カードを2枚引く。,공식 룰북 p.22 — 대상 절에 自分の/相手の 없음(「キャラを～枚まで選び」는 지정이 없으면 양쪽 현장): …AP8000以下のキャラを1枚までで,high
id_0763,小泉紅子,1,1,ops.1,select,,any,"【事件赤魔術】【自分ターン中】【ターン②】自分の現場にいるキャラに裏向きでセットされているカードが1枚現場から離れるたび、カードを1枚引く。
【宣言】【スリープ】手札を1枚リムーブする：自分のデッキのカードを上から1枚裏向きでこのキャラにセットする。レベル7以下のキャラを1枚まで選び、リムーブする。","【사건 붉은 마술】【자신의 턴 중】【턴②】자신의 현장에 있는 캐릭터에 뒷면으로 세트되어 있는 카드가 1장 현장에서 떠날 때마다, 카드를 1장 뽑는다.
【선언】【슬립】손패를 1장 리무브한다: 자신의 덱 카드를 위에서 1장 뒷면으로 이 캐릭터에 세트한다. 레벨 7 이하의 캐릭터를 1장까지 골라 리무브한다.",【宣言】【スリープ】手札を1枚リムーブする:自分のデッキのカードを上から1枚裏向きでこのキャラにセットする。レベル7以下のキャラを1枚まで選び、リムーブする。,공식 룰북 p.22 — 대상 절에 自分の/相手の 없음(「キャラを～枚まで選び」는 지정이 없으면 양쪽 현장): …レベル7以下のキャラを1枚まで,high
id_0765,中森青子,0,1,ops.1.ops.0,select,,any,【解決編】【登場時】自分の現場にいる【白】のキャラを1枚スリープさせ、手札を1枚リムーブしてもよい。そうした場合、レベル7以下のキャラを1枚まで選び、リムーブする。この効果によってカード名[黒羽快斗]をスリープさせた場合、カードを1枚引く。(自分の事件が解決編になっている場合、この能力か効果を使える),"【해결편】【등장 시】 자신의 현장에 있는 【백】 캐릭터를 1장 슬립시키고, 손패를 1장 리무브해도 좋다. 그렇게 한 경우, 레벨 7 이하의 캐릭터를 1장까지 골라 리무브한다. 이 효과로 카드명 [쿠로바 카이토]를 슬립시킨 경우, 카드를 1장 뽑는다. (자신의 사건이 해결편이 되어 있는 경우, 이 능력이나 효과를 사용할 수 있다)",【解決編】【登場時】自分の現場にいる【白】のキャラを1枚スリープさせ、手札を1枚リムーブしてもよい。そうした場合、レベル7以下のキャラを1枚まで選び、リムーブする。この効果によってカード名[黒羽快斗]をスリープさせた場合、カードを1枚引く。(自分の事件が解決編になっている場合、この能力か効果を使える),공식 룰북 p.22 — 대상 절에 自分の/相手の 없음(「キャラを～枚まで選び」는 지정이 없으면 양쪽 현장): …レベル7以下のキャラを1枚まで,high
id_0769,黒羽千影,0,0,ops.0.opts.0.ops.0,select,,any,【パートナー(白)】【宣言】【ターン①】特徴［怪盗］か［マジシャン］のキャラを1枚まで選び、ターン終了時まで突撃［キャラ］（登場したターンからすぐにキャラを指定してアクションできる）を与えるか、ターン終了時までブレット（このキャラのアクションはガードできない）を与える。,"【파트너(백)】【선언】【턴①】 특징 [괴도] 또는 [마술사]인 캐릭터를 1장까지 선택하고, 턴 종료 시까지 돌격[캐릭터](등장한 턴부터 바로 캐릭터를 지정해서 액션할 수 있다)를 부여하거나, 턴 종료 시까지 불릿(이 캐릭터의 액션은 가드할 수 없다)을 부여한다.",【パートナー(白)】【宣言】【ターン1】特徴[怪盗]か[マジシャン]のキャラを1枚まで選び、ターン終了時まで突撃[キャラ](登場したターンからすぐにキャラを指定してアクションできる)を与えるか、ターン終了時までバレット(このキャラのアクションはガードできない)を与える。,공식 룰북 p.22 — 대상 절에 自分の/相手の 없음(「キャラを～枚まで選び」는 지정이 없으면 양쪽 현장): …徴[怪盗]か[マジシャン]のキャラを1枚まで,high
id_0769,黒羽千影,0,0,ops.0.opts.1.ops.0,select,,any,【パートナー(白)】【宣言】【ターン①】特徴［怪盗］か［マジシャン］のキャラを1枚まで選び、ターン終了時まで突撃［キャラ］（登場したターンからすぐにキャラを指定してアクションできる）を与えるか、ターン終了時までブレット（このキャラのアクションはガードできない）を与える。,"【파트너(백)】【선언】【턴①】 특징 [괴도] 또는 [마술사]인 캐릭터를 1장까지 선택하고, 턴 종료 시까지 돌격[캐릭터](등장한 턴부터 바로 캐릭터를 지정해서 액션할 수 있다)를 부여하거나, 턴 종료 시까지 불릿(이 캐릭터의 액션은 가드할 수 없다)을 부여한다.",【パートナー(白)】【宣言】【ターン1】特徴[怪盗]か[マジシャン]のキャラを1枚まで選び、ターン終了時まで突撃[キャラ](登場したターンからすぐにキャラを指定してアクションできる)を与えるか、ターン終了時までバレット(このキャラのアクションはガードできない)を与える。,공식 룰북 p.22 — 대상 절에 自分の/相手の 없음(「キャラを～枚まで選び」는 지정이 없으면 양쪽 현장): …徴[怪盗]か[マジシャン]のキャラを1枚まで,high
id_0770,黒羽盗一,0,0,ops.0,select,,any,"【パートナー(白)】【登場時】キャラを1枚まで選び、スタンさせる。(スタン状態のキャラをアクティブにする場合、代わりにスリープさせる)
【宣言】【スリープ】:自分の現場にいるキャラを1枚まで選び、自分のデッキのカードを上から1枚裏向きでセットする。","【파트너(白)】【등장 시】캐릭터를 1장까지 선택하고 스탠시킨다. (스탠 상태의 캐릭터를 액티브로 하는 경우, 대신 슬립시킨다)
【선언】【슬립】: 자신의 현장에 있는 캐릭터를 1장까지 선택하고, 자신의 덱 카드를 위에서 1장 뒷면으로 세트한다.",【パートナー(白)】【登場時】キャラを1枚まで選び、スタンさせる。(スタン状態のキャラをアクティブにする場合、代わりにスリープさせる),공식 룰북 p.22 — 대상 절에 自分の/相手の 없음(「キャラを～枚まで選び」는 지정이 없으면 양쪽 현장): …キャラを1枚まで,high
id_0776,中森銀三,2,0,ops.0,select,,any,"【事件赤魔術】突撃（登場したターンからすぐにアクションできる）
【登場時】自分のデッキのカードを上から1枚裏向きでこのキャラにセットする。
【ヒラメキ】（証拠からリムーブされるときに発動する）キャラを1枚まで選び、スリープさせる。","【사건 적마술】돌격 (등장한 턴부터 바로 액션할 수 있다)
【등장 시】자신의 덱 카드를 위에서 1장 뒷면으로 이 캐릭터에 세트한다.
【번뜩임】(증거에서 리무브될 때 발동한다) 캐릭터를 1장까지 선택하여 슬립시킨다.",【ヒラメキ】(証拠からリムーブされるときに発動する)キャラを1枚まで選び、スリープさせる。,공식 룰북 p.22 — 대상 절에 自分の/相手の 없음(「キャラを～枚まで選び」는 지정이 없으면 양쪽 현장): …キャラを1枚まで,high
id_0783,「アイスクリームは……甘いんだぜ!!」,0,0,ops.0.ops.0,select,,any,"【パートナー(白)】以下から1つ選んで行う。自分の現場にカード名[黒羽快斗]と[中森青子]がいる場合、代わりに3つとも行う。(上から順に行う)
・【白】のキャラを1枚まで選び、ターン終了時までAP+2000し、突撃を与える。
・レベル7以下のスリープ状態のキャラを1枚まで選び、スタンさせる。
・【白】のキャラを1枚まで選び、ターン終了時まで「このキャラは相手の現場にいるアクティブ状態のキャラを指定してアクションできる。」を与える。","【파트너(백)】 아래에서 1개를 선택해 실행한다. 자신의 현장에 카드명 [쿠로바 카이토]와 [나카모리 아오코]가 있는 경우, 대신 3개 모두 실행한다. (위에서부터 순서대로 실행)
・【백】 캐릭터를 1장까지 선택하여 턴 종료 시까지 AP+2000 하고, 돌격을 부여한다.
・레벨 7 이하의 슬립 상태 캐릭터를 1장까지 선택하여 스턴시킨다.
・【백】 캐릭터를 1장까지 선택하여 턴 종료 시까지 ""이 캐릭터는 상대 현장에 있는 액티브 상태의 캐릭터를 지정해 액션할 수 있다.""를 부여한다.","【パートナー(白)】以下から1つ選んで行う。自分の現場にカード名[黒羽快斗]と[中森青子]がいる場合、代わりに3つとも行う。(上から順に行う)
・【白】のキャラを1枚まで選び、ターン終了時までAP+2000し、突撃を与える。
・レベル7以下のスリープ状態のキャラを1枚まで選び、スタンさせる。
・【白】のキャラを1枚まで選び、ターン終了時まで「このキャラは相手の現場にいるアクティブ状態のキャラを指定してアクションできる。」を与える。",공식 룰북 p.22 — 대상 절에 自分の/相手の 없음(「キャラを～枚まで選び」는 지정이 없으면 양쪽 현장): …のキャラを1枚まで,high
id_0783,「アイスクリームは……甘いんだぜ!!」,0,0,ops.0.ops.1,select,,any,"【パートナー(白)】以下から1つ選んで行う。自分の現場にカード名[黒羽快斗]と[中森青子]がいる場合、代わりに3つとも行う。(上から順に行う)
・【白】のキャラを1枚まで選び、ターン終了時までAP+2000し、突撃を与える。
・レベル7以下のスリープ状態のキャラを1枚まで選び、スタンさせる。
・【白】のキャラを1枚まで選び、ターン終了時まで「このキャラは相手の現場にいるアクティブ状態のキャラを指定してアクションできる。」を与える。","【파트너(백)】 아래에서 1개를 선택해 실행한다. 자신의 현장에 카드명 [쿠로바 카이토]와 [나카모리 아오코]가 있는 경우, 대신 3개 모두 실행한다. (위에서부터 순서대로 실행)
・【백】 캐릭터를 1장까지 선택하여 턴 종료 시까지 AP+2000 하고, 돌격을 부여한다.
・레벨 7 이하의 슬립 상태 캐릭터를 1장까지 선택하여 스턴시킨다.
・【백】 캐릭터를 1장까지 선택하여 턴 종료 시까지 ""이 캐릭터는 상대 현장에 있는 액티브 상태의 캐릭터를 지정해 액션할 수 있다.""를 부여한다.","【パートナー(白)】以下から1つ選んで行う。自分の現場にカード名[黒羽快斗]と[中森青子]がいる場合、代わりに3つとも行う。(上から順に行う)
・【白】のキャラを1枚まで選び、ターン終了時までAP+2000し、突撃を与える。
・レベル7以下のスリープ状態のキャラを1枚まで選び、スタンさせる。
・【白】のキャラを1枚まで選び、ターン終了時まで「このキャラは相手の現場にいるアクティブ状態のキャラを指定してアクションできる。」を与える。",공식 룰북 p.22 — 대상 절에 自分の/相手の 없음(「キャラを～枚まで選び」는 지정이 없으면 양쪽 현장): …レベル7以下のスリープ状態のキャラを1枚まで,high
id_0783,「アイスクリームは……甘いんだぜ!!」,0,0,ops.0.ops.2,select,,any,"【パートナー(白)】以下から1つ選んで行う。自分の現場にカード名[黒羽快斗]と[中森青子]がいる場合、代わりに3つとも行う。(上から順に行う)
・【白】のキャラを1枚まで選び、ターン終了時までAP+2000し、突撃を与える。
・レベル7以下のスリープ状態のキャラを1枚まで選び、スタンさせる。
・【白】のキャラを1枚まで選び、ターン終了時まで「このキャラは相手の現場にいるアクティブ状態のキャラを指定してアクションできる。」を与える。","【파트너(백)】 아래에서 1개를 선택해 실행한다. 자신의 현장에 카드명 [쿠로바 카이토]와 [나카모리 아오코]가 있는 경우, 대신 3개 모두 실행한다. (위에서부터 순서대로 실행)
・【백】 캐릭터를 1장까지 선택하여 턴 종료 시까지 AP+2000 하고, 돌격을 부여한다.
・레벨 7 이하의 슬립 상태 캐릭터를 1장까지 선택하여 스턴시킨다.
・【백】 캐릭터를 1장까지 선택하여 턴 종료 시까지 ""이 캐릭터는 상대 현장에 있는 액티브 상태의 캐릭터를 지정해 액션할 수 있다.""를 부여한다.","【パートナー(白)】以下から1つ選んで行う。自分の現場にカード名[黒羽快斗]と[中森青子]がいる場合、代わりに3つとも行う。(上から順に行う)
・【白】のキャラを1枚まで選び、ターン終了時までAP+2000し、突撃を与える。
・レベル7以下のスリープ状態のキャラを1枚まで選び、スタンさせる。
・【白】のキャラを1枚まで選び、ターン終了時まで「このキャラは相手の現場にいるアクティブ状態のキャラを指定してアクションできる。」を与える。",공식 룰북 p.22 — 원문 대상 절에 自分の/相手の 없음(양쪽 현장 선택 가능): 「【白】のキャラを1枚まで選び、…「このキャラは相手の現場にいる…」を与える」(相手の は 부여되는 능력 내부),high
id_0783,「アイスクリームは……甘いんだぜ!!」,0,0,ops.0.else.0.opts.0.ops.0,select,,any,"【パートナー(白)】以下から1つ選んで行う。自分の現場にカード名[黒羽快斗]と[中森青子]がいる場合、代わりに3つとも行う。(上から順に行う)
・【白】のキャラを1枚まで選び、ターン終了時までAP+2000し、突撃を与える。
・レベル7以下のスリープ状態のキャラを1枚まで選び、スタンさせる。
・【白】のキャラを1枚まで選び、ターン終了時まで「このキャラは相手の現場にいるアクティブ状態のキャラを指定してアクションできる。」を与える。","【파트너(백)】 아래에서 1개를 선택해 실행한다. 자신의 현장에 카드명 [쿠로바 카이토]와 [나카모리 아오코]가 있는 경우, 대신 3개 모두 실행한다. (위에서부터 순서대로 실행)
・【백】 캐릭터를 1장까지 선택하여 턴 종료 시까지 AP+2000 하고, 돌격을 부여한다.
・레벨 7 이하의 슬립 상태 캐릭터를 1장까지 선택하여 스턴시킨다.
・【백】 캐릭터를 1장까지 선택하여 턴 종료 시까지 ""이 캐릭터는 상대 현장에 있는 액티브 상태의 캐릭터를 지정해 액션할 수 있다.""를 부여한다.","【パートナー(白)】以下から1つ選んで行う。自分の現場にカード名[黒羽快斗]と[中森青子]がいる場合、代わりに3つとも行う。(上から順に行う)
・【白】のキャラを1枚まで選び、ターン終了時までAP+2000し、突撃を与える。
・レベル7以下のスリープ状態のキャラを1枚まで選び、スタンさせる。
・【白】のキャラを1枚まで選び、ターン終了時まで「このキャラは相手の現場にいるアクティブ状態のキャラを指定してアクションできる。」を与える。",공식 룰북 p.22 — 대상 절에 自分の/相手の 없음(「キャラを～枚まで選び」는 지정이 없으면 양쪽 현장): …のキャラを1枚まで,high
id_0783,「アイスクリームは……甘いんだぜ!!」,0,0,ops.0.else.0.opts.1.ops.0,select,,any,"【パートナー(白)】以下から1つ選んで行う。自分の現場にカード名[黒羽快斗]と[中森青子]がいる場合、代わりに3つとも行う。(上から順に行う)
・【白】のキャラを1枚まで選び、ターン終了時までAP+2000し、突撃を与える。
・レベル7以下のスリープ状態のキャラを1枚まで選び、スタンさせる。
・【白】のキャラを1枚まで選び、ターン終了時まで「このキャラは相手の現場にいるアクティブ状態のキャラを指定してアクションできる。」を与える。","【파트너(백)】 아래에서 1개를 선택해 실행한다. 자신의 현장에 카드명 [쿠로바 카이토]와 [나카모리 아오코]가 있는 경우, 대신 3개 모두 실행한다. (위에서부터 순서대로 실행)
・【백】 캐릭터를 1장까지 선택하여 턴 종료 시까지 AP+2000 하고, 돌격을 부여한다.
・레벨 7 이하의 슬립 상태 캐릭터를 1장까지 선택하여 스턴시킨다.
・【백】 캐릭터를 1장까지 선택하여 턴 종료 시까지 ""이 캐릭터는 상대 현장에 있는 액티브 상태의 캐릭터를 지정해 액션할 수 있다.""를 부여한다.","【パートナー(白)】以下から1つ選んで行う。自分の現場にカード名[黒羽快斗]と[中森青子]がいる場合、代わりに3つとも行う。(上から順に行う)
・【白】のキャラを1枚まで選び、ターン終了時までAP+2000し、突撃を与える。
・レベル7以下のスリープ状態のキャラを1枚まで選び、スタンさせる。
・【白】のキャラを1枚まで選び、ターン終了時まで「このキャラは相手の現場にいるアクティブ状態のキャラを指定してアクションできる。」を与える。",공식 룰북 p.22 — 대상 절에 自分の/相手の 없음(「キャラを～枚まで選び」는 지정이 없으면 양쪽 현장): …レベル7以下のスリープ状態のキャラを1枚まで,high
id_0783,「アイスクリームは……甘いんだぜ!!」,0,0,ops.0.else.0.opts.2.ops.0,select,,any,"【パートナー(白)】以下から1つ選んで行う。自分の現場にカード名[黒羽快斗]と[中森青子]がいる場合、代わりに3つとも行う。(上から順に行う)
・【白】のキャラを1枚まで選び、ターン終了時までAP+2000し、突撃を与える。
・レベル7以下のスリープ状態のキャラを1枚まで選び、スタンさせる。
・【白】のキャラを1枚まで選び、ターン終了時まで「このキャラは相手の現場にいるアクティブ状態のキャラを指定してアクションできる。」を与える。","【파트너(백)】 아래에서 1개를 선택해 실행한다. 자신의 현장에 카드명 [쿠로바 카이토]와 [나카모리 아오코]가 있는 경우, 대신 3개 모두 실행한다. (위에서부터 순서대로 실행)
・【백】 캐릭터를 1장까지 선택하여 턴 종료 시까지 AP+2000 하고, 돌격을 부여한다.
・레벨 7 이하의 슬립 상태 캐릭터를 1장까지 선택하여 스턴시킨다.
・【백】 캐릭터를 1장까지 선택하여 턴 종료 시까지 ""이 캐릭터는 상대 현장에 있는 액티브 상태의 캐릭터를 지정해 액션할 수 있다.""를 부여한다.","【パートナー(白)】以下から1つ選んで行う。自分の現場にカード名[黒羽快斗]と[中森青子]がいる場合、代わりに3つとも行う。(上から順に行う)
・【白】のキャラを1枚まで選び、ターン終了時までAP+2000し、突撃を与える。
・レベル7以下のスリープ状態のキャラを1枚まで選び、スタンさせる。
・【白】のキャラを1枚まで選び、ターン終了時まで「このキャラは相手の現場にいるアクティブ状態のキャラを指定してアクションできる。」を与える。",공식 룰북 p.22 — 원문 대상 절에 自分の/相手の 없음(양쪽 현장 선택 가능): 「【白】のキャラを1枚まで選び、…を与える」,high
id_0784,紅の盟約,0,0,ops.0,select,,any,【事件赤魔術】【パートナー(白)】AP8000以下のキャラを1枚まで選び、リムーブする。自分の現場にいるキャラに裏向きでセットされているカードを合わせて2枚リムーブしてもよい。そうした場合、AP6000以下のキャラを1枚まで選び、リムーブする。,"【사건 적마술】【파트너(백)】 AP8000 이하의 캐릭터를 1장까지 선택하여 리무브한다. 자신의 현장에 있는 캐릭터에 뒷면으로 세트되어 있는 카드를 합쳐서 2장 리무브해도 된다. 그렇게 한 경우, AP6000 이하의 캐릭터를 1장까지 선택하여 리무브한다.",AP8000以下のキャラを1枚まで選び、リムーブする。自分の現場にいるキャラに裏向きでセットされているカードを合わせて2枚リムーブしてもよい。そうした場合、AP6000以下のキャラを1枚まで選び、リムーブする。,공식 룰북 p.22 — 대상 절에 自分の/相手の 없음(「キャラを～枚まで選び」는 지정이 없으면 양쪽 현장): …AP8000以下のキャラを1枚まで,high
id_0784,紅の盟約,0,2,ops.2.ops.0,select,,any,【事件赤魔術】【パートナー(白)】AP8000以下のキャラを1枚まで選び、リムーブする。自分の現場にいるキャラに裏向きでセットされているカードを合わせて2枚リムーブしてもよい。そうした場合、AP6000以下のキャラを1枚まで選び、リムーブする。,"【사건 적마술】【파트너(백)】 AP8000 이하의 캐릭터를 1장까지 선택하여 리무브한다. 자신의 현장에 있는 캐릭터에 뒷면으로 세트되어 있는 카드를 합쳐서 2장 리무브해도 된다. 그렇게 한 경우, AP6000 이하의 캐릭터를 1장까지 선택하여 리무브한다.",AP8000以下のキャラを1枚まで選び、リムーブする。自分の現場にいるキャラに裏向きでセットされているカードを合わせて2枚リムーブしてもよい。そうした場合、AP6000以下のキャラを1枚まで選び、リムーブする。,공식 룰북 p.22 — 대상 절에 自分の/相手の 없음(「キャラを～枚まで選び」는 지정이 없으면 양쪽 현장): …AP6000以下のキャラを1枚まで,high
id_0786,「時価4億円!」,0,1,ops.1.ops.0,select,,any,自分の現場にいるカード名[黒羽快斗]か[怪盗キッド]を1枚手札に移してもよい。そうした場合、キャラを1枚まで選び、ターン終了時まで【突撃】(登場したターンからすぐにアクションできる)を与え、カードを1枚引く。,"자신의 현장에 있는 카드명 [쿠로바 카이토] 또는 [괴도 키드]를 1장 손패로 옮겨도 된다. 그렇게 한 경우, 캐릭터를 1장까지 선택하여 턴 종료시까지 【돌격】(등장한 턴부터 바로 액션할 수 있다)을 부여하고, 카드를 1장 뽑는다.",自分の現場にいるカード名[黒羽快斗]か[怪盗キッド]を1枚手札に移してもよい。そうした場合、キャラを1枚まで選び、ターン終了時まで【突撃】(登場したターンからすぐにアクションできる)を与え、カードを1枚引く。,공식 룰북 p.22 — 대상 절에 自分の/相手の 없음(「キャラを～枚まで選び」는 지정이 없으면 양쪽 현장): …キャラを1枚まで,high
id_0788,赤い涙,0,0,ops.0,select,,any,"【パートナー(白)】AP8000以下のキャラを1枚まで選び、リムーブする。このカードをパートナーエリアに移す。
【ヒラメキ】(証拠からリムーブされるときに発動する)このカードをパートナーエリアに移す。","【파트너(백)】AP8000 이하의 캐릭터를 1장까지 선택하여 리무브한다. 이 카드를 파트너 에리어로 옮긴다.
【히라메키】(증거에서 리무브될 때 발동한다) 이 카드를 파트너 에리어로 옮긴다.",【パートナー(白)】AP8000以下のキャラを1枚まで選び、リムーブする。このカードをパートナーエリアに移す。,공식 룰북 p.22 — 대상 절에 自分の/相手の 없음(「キャラを～枚まで選び」는 지정이 없으면 양쪽 현장): …AP8000以下のキャラを1枚まで,high
id_0792,鈴木園子,1,0,ops.0,select,,any,"【ターン①】自分の現場にいるAP7000以上のキャラがアクションしたとき、ターン終了時までそのキャラに「【ターン①】相手の現場にいるキャラがこのキャラとのコンタクトによってリムーブされたとき、カードを1枚引く。」を与える。
【宣言】【ターン①】【スリープ】手札を1枚リムーブする:LP0の特徴[高校生]のキャラを1枚まで選び、アクティブにし、ターン終了時までAP+1000する。","【턴①】자신의 현장에 있는 AP7000 이상의 캐릭터가 액션했을 때, 턴 종료 시까지 그 캐릭터에게 ""【턴①】상대의 현장에 있는 캐릭터가 이 캐릭터와의 컨택트로 인해 리무브되었을 때, 카드를 1장 뽑는다.""를 부여한다.
【선언】【턴①】【슬리프】손패를 1장 리무브한다: LP0의 특징 [고등학생]을 가진 캐릭터를 1장까지 선택하여 액티브로 만들고, 턴 종료 시까지 AP+1000 한다.",【宣言】【ターン1】【スリープ】手札を1枚リムーブする:LP0の特徴[高校生]のキャラを1枚まで選び、アクティブにし、ターン終了時までAP+1000する。,공식 룰북 p.22 — 대상 절에 自分の/相手の 없음(「キャラを～枚まで選び」는 지정이 없으면 양쪽 현장): …LP0の特徴[高校生]のキャラを1枚まで,high
id_0794,世良真純＆メアリー,0,0,ops.0,select,,any,"【パートナー(赤)】【宣言】【ターン①】手札を1枚リムーブする：キャラを1枚まで選び、リムーブする。
【宣言】【ターン①】カードを1枚引く。この能力は自分の手札が2枚以下の場合に宣言できる。
この能力はパートナーエリアでも宣言できる。
【カットイン】AP＋2000
【MR能力】相手ターン中に現場を離れる場合、パートナーエリアに移動する。
自分の現場にMRが登場する場合、リムーブする。","【파트너(빨강)】【선언】【턴①】손패를 1장 리무브한다: 캐릭터를 1장까지 골라 리무브한다.
【선언】【턴①】카드를 1장 뽑는다. 이 능력은 자신의 손패가 2장 이하인 경우에 선언할 수 있다.
이 능력은 파트너 에리어에서도 선언할 수 있다.
【컷인】AP＋2000
【MR 능력】상대 턴 중에 현장을 떠나는 경우, 파트너 에리어로 이동한다.
자신의 현장에 MR이 登場하는 경우, 리무브한다.",【パートナー(赤)】【宣言】【ターン1】手札を1枚リムーブする:キャラを1枚まで選び、リムーブする。,공식 룰북 p.22 — 대상 절에 自分の/相手の 없음(「キャラを～枚まで選び」는 지정이 없으면 양쪽 현장): …キャラを1枚まで,high
id_0795,赤井秀一,0,0,ops.0,select,,any,"【自分ターン中】【ターン①】自分の現場にレベル7以下の特徴[赤井家]のキャラが登場したとき、AP8000以下のキャラを1枚まで選び、リムーブする。
【宣言】【ターン①】このキャラか、特徴[赤井家]のキャラを1枚スリープさせる:
自分のデッキのカードを上から3枚見る。その中から特徴[赤井家]のキャラを1枚まで公開して手札に加え、残りを好きな順番でデッキの下に移す。カードを手札に加えた場合、手札を1枚リムーブする。","【자신 턴 중】【턴①】자신의 현장에 레벨 7 이하의 특징 [赤井家] 캐릭터가 등장했을 때, AP 8000 이하의 캐릭터를 1장까지 선택하고 리무브한다.
【선언】【턴①】이 캐릭터나 특징 [赤井家] 캐릭터 1장을 슬립시킨다: 자신의 덱 카드를 위에서 3장 본다. 그중에서 특징 [赤井家] 캐릭터를 1장까지 공개하여 손패에 더하고, 나머지는 원하는 순서로 덱 아래로 옮긴다. 카드를 손패에 더한 경우, 손패를 1장 리무브한다.",【自分ターン中】【ターン1】自分の現場にレベル7以下の特徴[赤井家]のキャラが登場したとき、AP8000以下のキャラを1枚まで選び、リムーブする。,공식 룰북 p.22 — 대상 절에 自分の/相手の 없음(「キャラを～枚まで選び」는 지정이 없으면 양쪽 현장): …AP8000以下のキャラを1枚まで,high
id_0796,沖矢昴,0,0,ops.0.ops.0,select,,any,"【パートナー(赤)】【登場時】相手の手札が自分の手札の枚数以上ある場合、レベル8以下のキャラを1枚まで選び、リムーブする。
【宣言】【ターン①】レベル6以上の(赤)のキャラを1枚スリープさせる:レベル7以下のキャラを1枚まで選び、リムーブする。この能力は自分の手札が2枚以下で、このキャラがスリープ状態かスタン状態の場合に宣言できる。","【파트너(빨강)】【등장 시】상대의 손패가 자신의 손패 수 이상인 경우, 레벨 8 이하의 캐릭터를 1장까지 선택하여 리무브한다.
【선언】【턴①】레벨 6 이상의 (빨강) 캐릭터를 1장 슬립시킨다: 레벨 7 이하의 캐릭터를 1장까지 선택하여 리무브한다. 이 능력은 자신의 손패가 2장 이하이고, 이 캐릭터가 슬립 상태나 스턴 상태인 경우에 선언할 수 있다.",【パートナー(赤)】【登場時】相手の手札が自分の手札の枚数以上ある場合、レベル8以下のキャラを1枚まで選び、リムーブする。,공식 룰북 p.22 — 대상 절에 自分の/相手の 없음(「キャラを～枚まで選び」는 지정이 없으면 양쪽 현장): …レベル8以下のキャラを1枚まで,high
id_0796,沖矢昴,1,0,ops.0,select,,any,"【パートナー(赤)】【登場時】相手の手札が自分の手札の枚数以上ある場合、レベル8以下のキャラを1枚まで選び、リムーブする。
【宣言】【ターン①】レベル6以上の(赤)のキャラを1枚スリープさせる:レベル7以下のキャラを1枚まで選び、リムーブする。この能力は自分の手札が2枚以下で、このキャラがスリープ状態かスタン状態の場合に宣言できる。","【파트너(빨강)】【등장 시】상대의 손패가 자신의 손패 수 이상인 경우, 레벨 8 이하의 캐릭터를 1장까지 선택하여 리무브한다.
【선언】【턴①】레벨 6 이상의 (빨강) 캐릭터를 1장 슬립시킨다: 레벨 7 이하의 캐릭터를 1장까지 선택하여 리무브한다. 이 능력은 자신의 손패가 2장 이하이고, 이 캐릭터가 슬립 상태나 스턴 상태인 경우에 선언할 수 있다.",【宣言】【ターン1】レベル6以上の【赤】のキャラを1枚スリープさせる:レベル7以下のキャラを1枚まで選び、リムーブする。この能力は自分の手札が2枚以下で、このキャラがスリープ状態かスタン状態の場合に宣言できる。,공식 룰북 p.22 — 대상 절에 自分の/相手の 없음(「キャラを～枚まで選び」는 지정이 없으면 양쪽 현장): …レベル7以下のキャラを1枚まで,high
id_0798,本堂瑛海,0,0,ops.0,select,,any,"【パートナー(赤)】【宣言】【ターン①】レベル8以下のキャラを1枚まで選び、リムーブする。この能力は自分の手札が2枚以下の場合に宣言できる。
【FILE8】【宣言】【ターン①】【スリープ】手札を1枚リムーブし、FILEエリアにあるカードを上から1枚リムーブする：自分のリムーブエリアにあるレベル7以下の(赤)のキャラを1枚まで選び、登場させる。","【파트너(적)】【선언】【턴①】레벨 8 이하의 캐릭터를 1장까지 선택하고 리무브한다. 이 능력은 자신의 손패가 2장 이하인 경우에 선언할 수 있다.
【FILE8】【선언】【턴①】【슬립】손패를 1장 리무브하고, FILE 에리어에 있는 카드를 위에서 1장 리무브한다: 자신의 리무브 에리어에 있는 레벨 7 이하의 (적) 캐릭터를 1장까지 선택하고 등장시킨다.",【パートナー(赤)】【宣言】【ターン1】レベル8以下のキャラを1枚まで選び、リムーブする。この能力は自分の手札が2枚以下の場合に宣言できる。,공식 룰북 p.22 — 대상 절에 自分の/相手の 없음(「キャラを～枚まで選び」는 지정이 없으면 양쪽 현장): …レベル8以下のキャラを1枚まで,high
id_0799,新出智明,0,0,ops.0.ops.0,select,,any,"【登場時】自分の手札が2枚以下の場合、レベル7以上の【赤】のキャラを1枚まで選び、ターン終了時までAP+1000し、突撃(登場したターンからすぐにアクションできる)を与える。
【カットイン】AP+2000(コンタクト中に手札からリムーブして使う)","【등장 시】자신의 손패가 2장 이하인 경우, 레벨 7 이상의 【적】 캐릭터를 1장까지 선택하고, 턴 종료 시까지 AP+1000을 하며 돌격(등장한 턴부터 바로 액션할 수 있다)을 부여한다.
【컷인】AP+2000 (콘택트 중에 손패에서 리무브하여 사용한다)",【登場時】自分の手札が2枚以下の場合、レベル7以上の【赤】のキャラを1枚まで選び、ターン終了時までAP+1000し、突撃(登場したターンからすぐにアクションできる)を与える。,공식 룰북 p.22 — 대상 절에 自分の/相手の 없음(「キャラを～枚まで選び」는 지정이 없으면 양쪽 현장): …レベル7以上ののキャラを1枚まで,high
id_0801,澁谷夏子,0,1,ops.1.ops.0,select,,any,自分のターン終了時、このキャラを現場からリムーブしてもよい。そうした場合、【赤】か【黄】のキャラを1枚まで選び、アクティブにする。,"자신의 턴 종료 시, 이 캐릭터를 현장에서 리무브해도 된다. 그렇게 한 경우, 【적】 또는 【황】 캐릭터를 1장까지 선택하여 액티브로 한다.",自分のターン終了時、このキャラを現場からリムーブしてもよい。そうした場合、【赤】か【黄】のキャラを1枚まで選び、アクティブにする。,공식 룰북 p.22 — 대상 절에 自分の/相手の 없음(「キャラを～枚まで選び」는 지정이 없으면 양쪽 현장): …かのキャラを1枚まで,high
id_0803,ジョディ・スターリング,1,0,ops.0,select,,any,"【登場時】カードを1枚引き、手札を1枚リムーブする。
【宣言】手札を1枚リムーブする：キャラを1枚まで選び、ターン終了時までAP+1000する。","【등장 시】카드를 1장 뽑고, 손패를 1장 리무브한다.
【선언】손패를 1장 리무브한다: 캐릭터를 1장까지 선택하고, 턴 종료 시까지 AP+1000 한다.",【宣言】手札を1枚リムーブする:キャラを1枚まで選び、ターン終了時までAP+1000する。,공식 룰북 p.22 — 대상 절에 自分の/相手の 없음(「キャラを～枚まで選び」는 지정이 없으면 양쪽 현장): …キャラを1枚まで,high
id_0805,「君は思ったより手強いって事がね!」,0,0,ops.0.opts.0.ops.1,selLvSum,,any,"【パートナー(赤)】以下から1つ選んで行う。
・自分の手札が2枚になるまで手札をリムーブする。レベルの合計が、リムーブしたカードのレベルの合計以下になるようにキャラを2枚まで選び、リムーブする。
・手札をすべてリムーブし、カードを4枚引く。このターン中、相手は【カットイン】と【変装】を使用できない。","【파트너(적)】 아래에서 1개를 골라 실행한다.
・자신의 손패가 2장이 될 때까지 손패를 리무브한다. 레벨의 합계가 리무브한 카드의 레벨 합계 이하가 되도록 캐릭터를 2장까지 골라 리무브한다.
・손패를 모두 리무브하고 카드를 4장 뽑는다. 이 턴 중, 상대는 【컷인】과 【변장】을 사용할 수 없다.","【パートナー(赤)】以下から1つ選んで行う。
・自分の手札が2枚になるまで手札をリムーブする。レベルの合計が、リムーブしたカードのレベルの合計以下になるようにキャラを2枚まで選び、リムーブする。
・手札をすべてリムーブし、カードを4枚引く。このターン中、相手は【カットイン】と【変装】を使用できない。",공식 룰북 p.22 — 대상 절에 自分の/相手の 없음(「キャラを～枚まで選び」는 지정이 없으면 양쪽 현장): …レベルの合計以下になるようにキャラを2枚まで,high
id_0807,佐藤美和子＆宮本由美,0,0,ops.0,select,,any,"【宣言】【ターン①】【スリープ】現場にいるレベル7以下の特徴［警視庁］のキャラを1枚デッキの下に移す：AP8000以下のキャラを1枚まで選び、リムーブする。手札からレベル4以下の特徴［警視庁］のキャラを1枚まで登場させるか、カードを1枚引く。
【宣言】【ターン①】手札を1枚リムーブする：自分の現場にいる特徴［警視庁］のキャラを1枚まで選び、ターン終了時までAP+3000し、「ターン終了時、このキャラを現場からデッキの下に移す。」を与える。この能力はパートナーエリアでも宣言できる。
【カットイン】AP＋2000
【MR能力】
相手ターン中に現場を離れる場合、パートナーエリアに移動する。
自分の現場にMRが登場する場合、リムーブする。","【선언】【턴①】【슬리프】현장에 있는 레벨 7 이하의 특징 [경시청] 캐릭터를 1장 덱 아래로 옮긴다: AP 8000 이하의 캐릭터를 1장까지 골라 리무브한다. 손패에서 레벨 4 이하의 특징 [경시청] 캐릭터를 1장까지 등장시키거나, 카드를 1장 뽑는다.
【선언】【턴①】손패를 1장 리무브한다: 자신의 현장에 있는 특징 [경시청] 캐릭터를 1장까지 골라, 턴 종료 시까지 AP+3000 하고, ""턴 종료 시, 이 캐릭터를 현장에서 덱 아래로 옮긴다.""를 부여한다. 이 능력은 파트너 에리어에서도 선언할 수 있다.
【컷인】AP＋2000
【MR 능력】
상대 턴 중에 현장을 떠나는 경우, 파트너 에리어로 이동한다.
자신의 현장에 MR이 등장하는 경우, 리무브한다.",【宣言】【ターン①】【スリープ】現場にいるレベル7以下の特徴［警視庁］のキャラを1枚デッキの下に移す：AP8000以下のキャラを1枚まで選び、リムーブする。手札からレベル4以下の特徴［警視庁］のキャラを1枚まで登場させるか、カードを1枚引く。,공식 룰북 p.22 — 대상 절에 自分の/相手の 없음(「キャラを～枚まで選び」는 지정이 없으면 양쪽 현장): …AP8000以下のキャラを1枚まで,high
id_0808,風見裕也,0,0,ops.0,select,,any,"【登場時】レベル7以下のキャラを1枚まで選び、リムーブする。
【パートナー(黄)】【FILE⑤】【宣言】【スリープ⑦】現場にいるレベル7以下の特徴［警視庁］のキャラを1枚デッキの下に移す：キャラを1枚まで選び、リムーブする。","【登场时】레벨 7 이하의 캐릭터를 1장까지 선택하여 리무브한다.
【파트너(노랑)】【FILE⑤】【선언】【슬립⑦】현장에 있는 레벨 7 이하의 특징 [경시청] 캐릭터를 1장 덱 아래로 옮긴다: 캐릭터를 1장까지 선택하여 리무브한다.",【登場時】レベル7以下のキャラを1枚まで選び、リムーブする。,공식 룰북 p.22 — 대상 절에 自分の/相手の 없음(「キャラを～枚まで選び」는 지정이 없으면 양쪽 현장): …レベル7以下のキャラを1枚まで,high
id_0808,風見裕也,1,0,ops.0,select,,any,"【登場時】レベル7以下のキャラを1枚まで選び、リムーブする。
【パートナー(黄)】【FILE⑤】【宣言】【スリープ⑦】現場にいるレベル7以下の特徴［警視庁］のキャラを1枚デッキの下に移す：キャラを1枚まで選び、リムーブする。","【登场时】레벨 7 이하의 캐릭터를 1장까지 선택하여 리무브한다.
【파트너(노랑)】【FILE⑤】【선언】【슬립⑦】현장에 있는 레벨 7 이하의 특징 [경시청] 캐릭터를 1장 덱 아래로 옮긴다: 캐릭터를 1장까지 선택하여 리무브한다.",【パートナー(黄)】【FILE5】【宣言】【スリープ7】現場にいるレベル7以下の特徴[警視庁]のキャラを1枚デッキの下に移す:キャラを1枚まで選び、リムーブする。,공식 룰북 p.22 — 대상 절에 自分の/相手の 없음(「キャラを～枚まで選び」는 지정이 없으면 양쪽 현장): …キャラを1枚まで,high
id_0809,安室透,1,0,ops.0,select,,any,"【登場時】自分のリムーブエリアにあるレベル1以下の【黄】のイベントを1枚まで選び、手札に加える。カードを手札に加え、自分の手札が6枚以上ある場合、手札を1枚リムーブする。
【パートナー(黄)】【宣言】【ターン①】【スリープ】:レベル8以下のキャラを1枚まで選び、リムーブする。この能力は自分の現場にこのキャラ以外の特徴[喫茶ポアロ]のキャラがいる場合に宣言できる。","【등장 시】자신의 리무브 에리어에 있는 레벨 1 이하의 【노랑】 이벤트를 1장까지 골라 손패에 넣는다. 카드를 손패에 넣고 자신의 손패가 6장 이상인 경우, 손패를 1장 리무브한다.
【파트너(노랑)】【선언】【턴①】【슬리프】: 레벨 8 이하의 캐릭터를 1장까지 골라 리무브한다. 이 능력은 자신의 현장에 이 캐릭터 이외의 특징 [카페 포아로]를 가진 캐릭터가 있는 경우에 선언할 수 있다.",【パートナー(黄)】【宣言】【ターン1】【スリープ】:レベル8以下のキャラを1枚まで選び、リムーブする。この能力は自分の現場にこのキャラ以外の特徴[喫茶ポアロ]のキャラがいる場合に宣言できる。,공식 룰북 p.22 — 대상 절에 自分の/相手の 없음(「キャラを～枚まで選び」는 지정이 없으면 양쪽 현장): …レベル8以下のキャラを1枚まで,high
id_0810,高木渉,1,0,ops.0,select,,any,"【登場時】自分の現場にこのキャラ以外のレベル7以上の特徴［警視庁］のキャラがいる場合、自分のリムーブエリアにあるレベル5以下のカード名［佐藤美和子］を1枚まで選び、スリープ状態で登場させる。
【ヒラメキ】キャラを1枚まで選び、スリープさせる。","【등장 시】 자신의 현장에 이 캐릭터 이외의 레벨 7 이상의 특징 [경시청] 캐릭터가 있는 경우, 자신의 리무브 에리어에 있는 레벨 5 이하의 카드명 [사토 미와코]를 1장까지 선택하여 슬리프 상태로 등장시킨다.
【히라메키】 캐릭터를 1장까지 선택하여 슬리프시킨다.",【ヒラメキ】キャラを1枚まで選び、スリープさせる。,공식 룰북 p.22 — 대상 절에 自分の/相手の 없음(「キャラを～枚まで選び」는 지정이 없으면 양쪽 현장): …キャラを1枚まで,high
id_0811,三池苗子,1,0,ops.0,select,,any,"【事件編】【登場時】カードを1枚引く。
【宣言】デッキの下に移す:特徴［警視庁］のキャラを1枚まで選び、ターン終了時まで突撃［キャラ］(登場したターンからすぐにキャラを指定してアクションできる)を与える。","【사건편】【登場時】카드를 1장 뽑는다.
【선언】덱 아래로 이동: 특징 [경시청]의 캐릭터를 1장까지 선택하고, 턴 종료 시까지 돌격[캐릭터](등장한 턴부터 바로 캐릭터를 지정해서 액션할 수 있다)를 부여한다.",【宣言】デッキの下に移す:特徴[警視庁]のキャラを1枚まで選び、ターン終了時まで突撃[キャラ](登場したターンからすぐにキャラを指定してアクションできる)を与える。,공식 룰북 p.22 — 대상 절에 自分の/相手の 없음(「キャラを～枚まで選び」는 지정이 없으면 양쪽 현장): …特徴[警視庁]のキャラを1枚まで,high
id_0812,千葉和伸,1,0,ops.0,select,,any,"相手の現場にいるキャラがこのキャラとのコンタクトによってリムーブされたとき、
カードを1枚引く。
【ヒラメキ】キャラを1枚まで選び、スリープさせる。","상대의 현장에 있는 캐릭터가 이 캐릭터와의 컨택트로 인해 리무브되었을 때, 카드를 1장 뽑는다.
【히라메키】 캐릭터를 1장까지 선택하고, 슬립시킨다.",【ヒラメキ】キャラを1枚まで選び、スリープさせる。,공식 룰북 p.22 — 대상 절에 自分の/相手の 없음(「キャラを～枚まで選び」는 지정이 없으면 양쪽 현장): …キャラを1枚まで,high
id_0815,白鳥任三郎,0,0,ops.0,select,,any,"【宣言】【ターン①】特徴［警視庁］のキャラを1枚まで選び、ターン終了時までAP＋1000する。
【ヒラメキ】(証拠からリムーブされるときに発動する) カードを1枚引く。","【선언】【턴①】특징 [경시청]의 캐릭터를 1장까지 선택하고, 턴 종료 시까지 AP +1000 한다.
【ヒラメキ】(증거에서 리무브될 때 발동한다) 카드를 1장 뽑는다.",【宣言】【ターン1】特徴[警視庁]のキャラを1枚まで選び、ターン終了時までAP+1000する。,공식 룰북 p.22 — 대상 절에 自分の/相手の 없음(「キャラを～枚まで選び」는 지정이 없으면 양쪽 현장): …特徴[警視庁]のキャラを1枚まで,high
id_0818,「えええええ!?」,0,1,ops.1,select,,any,"自分のリムーブエリアにあるレベル5以下の特徴[警視庁]のキャラを1枚まで選び、登場させる。特徴[警視庁]のキャラを1枚まで選び、ターン終了時までAP+1000し、「このキャラは相手の現場にいるアクティブ状態のキャラを指定してアクションできる。」を与える。
【ヒラメキ】(証拠からリムーブされるときに発動する)カードを1枚引く。","자신의 리무브 에리어에 있는 레벨 5 이하의 특징 [경시청] 캐릭터를 1장까지 선택하여 등장시킨다. 특징 [경시청] 캐릭터를 1장까지 선택하고, 턴 종료 시까지 AP+1000 하며 ""이 캐릭터는 상대의 현장에 있는 액티브 상태의 캐릭터를 지정하여 액션할 수 있다.""를 부여한다.
【히라메키】(증거에서 리무브될 때 발동한다) 카드를 1장 뽑는다.",自分のリムーブエリアにあるレベル5以下の特徴[警視庁]のキャラを1枚まで選び、登場させる。特徴[警視庁]のキャラを1枚まで選び、ターン終了時までAP+1000し、「このキャラは相手の現場にいるアクティブ状態のキャラを指定してアクションできる。」を与える。,공식 룰북 p.22 — 대상 절에 自分の/相手の 없음(「キャラを～枚まで選び」는 지정이 없으면 양쪽 현장): …特徴[警視庁]のキャラを1枚まで,high
id_0819,閉ざされた秘密,1,0,ops.0,select,,any,"この事件が解決編になったとき、自分は手札を1枚リムーブする。
【解決編】【宣言】【ターン①】裏向きの証拠を1つ以上表向きにする：特徴［警視庁］のキャラを1枚まで選び、この【宣言】能力のコストで表向きにした証拠1つにつき、ターン終了時までAP+1000する。","이 사건이 해결편이 되었을 때, 자신은 손패를 1장 리무브한다.
【해결편】【선언】【턴①】뒷면인 증거를 1개 이상 앞면으로 한다: 특징 [경시청]의 캐릭터를 1장까지 고르고, 이 【선언】 능력의 코스트로 앞면으로 한 증거 1개당, 턴 종료 시까지 AP+1000 한다.",【解決編】【宣言】【ターン1】裏向きの証拠を1つ以上表向きにする:特徴[警視庁]のキャラを1枚まで選び、この【宣言】能力のコストで表向きにした証拠1つにつき、ターン終了時までAP+1000する。,공식 룰북 p.22 — 대상 절에 自分の/相手の 없음(「キャラを～枚まで選び」는 지정이 없으면 양쪽 현장): …特徴[警視庁]のキャラを1枚まで,high
id_0821,ジン,1,1,ops.1.ops.1.ops.0,select,,any,"突撃【事件】(登場したターンからすぐに事件を指定してアクションできる)
【パートナー】(黒) 自分のターン終了時、手札を1枚リムーブし、自分の現場にいるレベル7以下のキャラを1枚リムーブしてもよい。そうした場合、キャラを1枚まで選び、リムーブする。","돌격【사건】(등장한 턴부터 바로 사건을 지정하여 액션할 수 있다)
【파트너】(흑) 자신의 턴 종료 시, 손패를 1장 리무브하고, 자신의 현장에 있는 레벨 7 이하의 캐릭터를 1장 리무브해도 된다. 그렇게 한 경우, 캐릭터를 1장까지 선택하여 리무브한다.",自分のターン終了時、手札を1枚リムーブし、自分の現場にいるレベル7以下のキャラを1枚リムーブしてもよい。そうした場合、キャラを1枚まで選び、リムーブする。,공식 룰북 p.22 — 대상 절에 自分の/相手の 없음(「キャラを～枚まで選び」는 지정이 없으면 양쪽 현장): …キャラを1枚まで,high
id_0822,ベルモット,0,0,ops.0,select,,any,"【登場時】キャラを1枚まで選び、スリープさせる。
【パートナー(黒)】【宣言】【スリープ】:レベル6以下のスリープ状態のキャラを1枚まで選び、リムーブする。","【등장 시】캐릭터를 1장까지 선택하여 슬립시킨다.
【파트너(흑)】【선언】【슬립】: 레벨 6 이하의 슬립 상태인 캐릭터를 1장까지 선택하여 리무브한다.",【登場時】キャラを1枚まで選び、スリープさせる。,공식 룰북 p.22 — 대상 절에 自分の/相手の 없음(「キャラを～枚まで選び」는 지정이 없으면 양쪽 현장): …キャラを1枚まで,high
id_0822,ベルモット,1,0,ops.0,select,,any,"【登場時】キャラを1枚まで選び、スリープさせる。
【パートナー(黒)】【宣言】【スリープ】:レベル6以下のスリープ状態のキャラを1枚まで選び、リムーブする。","【등장 시】캐릭터를 1장까지 선택하여 슬립시킨다.
【파트너(흑)】【선언】【슬립】: 레벨 6 이하의 슬립 상태인 캐릭터를 1장까지 선택하여 리무브한다.",【パートナー(黒)】【宣言】【スリープ】:レベル6以下のスリープ状態のキャラを1枚まで選び、リムーブする。,공식 룰북 p.22 — 대상 절에 自分の/相手の 없음(「キャラを～枚まで選び」는 지정이 없으면 양쪽 현장): …レベル6以下のスリープ状態のキャラを1枚まで,high
id_0824,キール,2,0,ops.0,select,,any,"ブレット（このキャラのアクションはガードできない）
相手の現場にいるキャラがこのキャラとのコンタクトによってリムーブされたとき、カードを1枚引く。
【ヒラメキ】キャラを1枚まで選び、スリープさせる。","블렛（이 캐릭터의 액션은 가드할 수 없다）
상대의 현장에 있는 캐릭터가 이 캐릭터와의 컨택트로 인해 리무브되었을 때, 카드를 1장 뽑는다.
【히라메키】캐릭터를 1장까지 선택하여 슬리프시킨다.",【ヒラメキ】キャラを1枚まで選び、スリープさせる。,공식 룰북 p.22 — 대상 절에 自分の/相手の 없음(「キャラを～枚まで選び」는 지정이 없으면 양쪽 현장): …キャラを1枚まで,high
id_0828,テキーラ,0,0,ops.0,select,,any,【宣言】【スリープ】リムーブエリアに移す:レベル5以上のキャラを1枚まで選び、スリープさせる。,【선언】【슬립】리무브 에리어로 옮긴다: 레벨 5 이상의 캐릭터를 1장까지 선택하여 슬립시킨다.,【宣言】【スリープ】リムーブエリアに移す:レベル5以上のキャラを1枚まで選び、スリープさせる。,공식 룰북 p.22 — 대상 절에 自分の/相手の 없음(「キャラを～枚まで選び」는 지정이 없으면 양쪽 현장): …レベル5以上のキャラを1枚まで,high
id_0831,ミステリーコースター,0,0,ops.0,select,,any,【パートナー】【黒】キャラを1枚まで選び、リムーブする。キャラを1枚まで選び、ターン終了時まで突撃（登場したターンからすぐにアクションできる）を与える。自分と相手の現場にいるキャラ1枚につき、自分のデッキのカードを上から2枚リムーブする。,"【파트너】【검정】 캐릭터를 1장까지 선택하여 리무브한다. 캐릭터를 1장까지 선택하여 턴 종료 시까지 돌격(등장한 턴부터 바로 액션할 수 있다)을 부여한다. 자신과 상대의 현장에 있는 캐릭터 1장당, 자신의 덱 카드를 위에서 2장 리무브한다.",【パートナー】【黒】キャラを1枚まで選び、リムーブする。キャラを1枚まで選び、ターン終了時まで突撃(登場したターンからすぐにアクションできる)を与える。自分と相手の現場にいるキャラ1枚につき、自分のデッキのカードを上から2枚リムーブする。,공식 룰북 p.22 — 대상 절에 自分の/相手の 없음(「キャラを～枚まで選び」는 지정이 없으면 양쪽 현장): …キャラを1枚まで,high
id_0831,ミステリーコースター,0,1,ops.1,select,,any,【パートナー】【黒】キャラを1枚まで選び、リムーブする。キャラを1枚まで選び、ターン終了時まで突撃（登場したターンからすぐにアクションできる）を与える。自分と相手の現場にいるキャラ1枚につき、自分のデッキのカードを上から2枚リムーブする。,"【파트너】【검정】 캐릭터를 1장까지 선택하여 리무브한다. 캐릭터를 1장까지 선택하여 턴 종료 시까지 돌격(등장한 턴부터 바로 액션할 수 있다)을 부여한다. 자신과 상대의 현장에 있는 캐릭터 1장당, 자신의 덱 카드를 위에서 2장 리무브한다.",【パートナー】【黒】キャラを1枚まで選び、リムーブする。キャラを1枚まで選び、ターン終了時まで突撃(登場したターンからすぐにアクションできる)を与える。自分と相手の現場にいるキャラ1枚につき、自分のデッキのカードを上から2枚リムーブする。,공식 룰북 p.22 — 대상 절에 自分の/相手の 없음(「キャラを～枚まで選び」는 지정이 없으면 양쪽 현장): …キャラを1枚まで,high
id_0833,江戸川コナン,0,0,ops.0.opts.0.ops.1.ops.0,select,,any,"【FILE5】【宣言】【ターン①】【スリープ】：以下から1つ選んで行う。
・手札を1枚リムーブしてもよい。そうした場合、レベル4以下のキャラを1枚まで選び、リムーブする。
・手札を1枚リムーブしてもよい。そうした場合、自分の現場にいるLP0のカード名［毛利小五郎］を1枚まで選び、アクティブにする。
・自分の現場にいるLP0のカード名［毛利小五郎］を1枚まで選び、ターン終了時まで突撃を与える。","【FILE5】【선언】【턴①】【슬리프】: 아래에서 1개를 골라 실행한다.
・손패를 1장 리무브해도 된다. 그렇게 한 경우, 레벨 4 이하의 캐릭터를 1장까지 골라 리무브한다.
・손패를 1장 리무브해도 된다. 그렇게 한 경우, 자신의 현장에 있는 LP0의 카드명 [모리 코고로]를 1장까지 골라 액티브로 한다.
・자신의 현장에 있는 LP0의 카드명 [모리 코고로]를 1장까지 골라, 턴 종료 시까지 돌격을 부여한다.",【FILE5】【宣言】【ターン①】【スリープ】：以下から1つ選んで行う。,공식 룰북 p.22 — 대상 절에 自分の/相手の 없음(「キャラを～枚まで選び」는 지정이 없으면 양쪽 현장): …レベル4以下のキャラを1枚まで,high
id_0840,工藤新一,1,0,ops.0,select,,any,"自分のターン終了時、自分の現場にカード名[毛利蘭]がいない場合、このキャラをリムーブする。
【パートナー(青)】【登場時】AP8000以下のキャラを1枚まで選び、デッキの下に移す。
【事件シャッフルロマンス】【宣言】【ターン①】自分の現場にいるカード名[毛利蘭]を1枚まで選び、このキャラの下に重ねる。重ねた場合、ターン終了時までこのキャラは突撃[キャラ]を持つ。","자신의 턴 종료 시, 자신의 현장에 카드명 [모리 란]이 없는 경우, 이 캐릭터를 리무브한다.
【파트너(파랑)】【등장 시】AP8000 이하의 캐릭터를 1장까지 선택하고, 덱 아래로 이동한다.
【사건 셔플 로맨스】【선언】【턴①】자신의 현장에 있는 카드명 [모리 란]을 1장까지 선택하고, 이 캐릭터 아래에 겹친다. 겹친 경우, 턴 종료 시까지 이 캐릭터는 돌격[캐릭터]을 가진다.",【パートナー(青)】【登場時】AP8000以下のキャラを1枚まで選び、デッキの下に移す。,공식 룰북 p.22 — 대상 절에 自分の/相手の 없음(「キャラを～枚まで選び」는 지정이 없으면 양쪽 현장): …AP8000以下のキャラを1枚まで,high
id_0843,Conan Edogawa & Ai Haibara,0,0,ops.0,select,,any,"【パートナー(青)】【宣言】【ターン①】キャラを1枚まで選び、リムーブする。リムーブした場合、自分のデッキのカードを上からリムーブしたキャラのレベルと同じ枚数リムーブする。
【宣言】【ターン①】自分のリムーブエリアにある特徴[少年探偵団]のキャラを1枚まで選び、自分の現場にいる(青)のキャラ1枚の下に重ねる。この能力はパートナーエリアでも宣言できる。
【カットイン】AP+2000
【MR能力】相手ターン中に現場を離れる場合、パートナーエリアに移動する。
自分の現場にMRが登場する場合、リムーブする。","【파트너(청)】【선언】【턴①】캐릭터를 1장까지 선택하여 리무브한다. 리무브한 경우, 자신의 덱 카드를 위에서부터 리무브한 캐릭터의 레벨과 같은 장수만큼 리무브한다.
【선언】【턴①】자신의 리무브 에리어에 있는 특징 [소년탐정단]의 캐릭터를 1장까지 선택하여, 자신의 현장에 있는 (청) 캐릭터 1장 아래에 겹친다. 이 능력은 파트너 에리어에서도 선언할 수 있다.
【컷인】AP+2000
【MR 능력】상대 턴 중에 현장을 떠나는 경우, 파트너 에리어로 이동한다.
자신의 현장에 MR이 등장하는 경우, 리무브한다.",【パートナー(青)】【宣言】【ターン1】キャラを1枚まで選び、リムーブする。リムーブした場合、自分のデッキのカードを上からリムーブしたキャラのレベルと同じ枚数リムーブする。,공식 룰북 p.22 — 대상 절에 自分の/相手の 없음(「キャラを～枚まで選び」는 지정이 없으면 양쪽 현장): …キャラを1枚まで,high
id_0846,灰原哀,0,0,ops.0,select,,any,"【事件(青&黒)】【パートナー(青)】【登場時】AP8000以下のキャラを1枚まで選び、リムーブする。
【ヒラメキ】自分のリムーブエリアにある【現場リムーブ時】を持つ【黒】のキャラを1枚まで選び、手札に加える。","【사건(청&흑)】【파트너(청)】【등장시】AP8000 이하의 캐릭터를 1장까지 선택하여 리무브한다.
【히라메키】자신의 리무브 에리어에 있는 【현장 리무브시】를 가진 【흑】 캐릭터를 1장까지 선택하여 손패에 더한다.",【事件(青&黒)】【パートナー(青)】【登場時】AP8000以下のキャラを1枚まで選び、リムーブする。,공식 룰북 p.22 — 대상 절에 自分の/相手の 없음(「キャラを～枚まで選び」는 지정이 없으면 양쪽 현장): …AP8000以下のキャラを1枚まで,high
id_0847,小嶋元太,0,0,ops.0,select,,any,"【宣言】【スリープ】手札から特徴[少年探偵団]のキャラを1枚公開し、自分の現場にいる【青】のキャラ1枚の下に重ねる:レベル7以下のキャラを1枚まで選び、リムーブする。
【ヒラメキ】【解決編】アクション中のキャラを1枚まで選び、スタンさせる。","【선언】【슬립】손패에서 특징 [소년탐정단]의 캐릭터를 1장 공개하고, 자신의 현장에 있는 【파랑】 캐릭터 1장 아래에 겹친다: 레벨 7 이하의 캐릭터를 1장까지 선택하여 리무브한다.
【히라메키】【해결편】액션 중인 캐릭터를 1장까지 선택하여 스턴시킨다.",【宣言】【スリープ】手札から特徴[少年探偵団]のキャラを1枚公開し、自分の現場にいる【青】のキャラ1枚の下に重ねる:レベル7以下のキャラを1枚まで選び、リムーブする。,공식 룰북 p.22 — 대상 절에 自分の/相手の 없음(「キャラを～枚まで選び」는 지정이 없으면 양쪽 현장): …レベル7以下のキャラを1枚まで,high
id_0847,小嶋元太,1,0,ops.0,select,,any,"【宣言】【スリープ】手札から特徴[少年探偵団]のキャラを1枚公開し、自分の現場にいる【青】のキャラ1枚の下に重ねる:レベル7以下のキャラを1枚まで選び、リムーブする。
【ヒラメキ】【解決編】アクション中のキャラを1枚まで選び、スタンさせる。","【선언】【슬립】손패에서 특징 [소년탐정단]의 캐릭터를 1장 공개하고, 자신의 현장에 있는 【파랑】 캐릭터 1장 아래에 겹친다: 레벨 7 이하의 캐릭터를 1장까지 선택하여 리무브한다.
【히라메키】【해결편】액션 중인 캐릭터를 1장까지 선택하여 스턴시킨다.",【ヒラメキ】【解決編】アクション中のキャラを1枚まで選び、スタンさせる。,"대상이 コンタクト中/アクション中 의 카드로 참조 지정됨(원문 ""そのキャラ"") — 소유자는 참조가 정함",high
id_0849,吉田歩美,1,0,ops.0,select,,any,"【登場時】自分のリムーブエリアにある特徴[少年探偵団]のキャラを1枚まで選び、自分の現場にいる【青】のキャラ1枚の下に重ねる。重ねた場合、ターン終了時までそのキャラに「このキャラは相手の現場にいるアクティブ状態のキャラを指定してアクションできる。」を与える。
【ヒラメキ】(証拠からリムーブされるときに発動する)キャラを1枚まで選び、スリープさせる。","【등장 시】자신의 리무브 에리어에 있는 특징 [소년탐정단]의 캐릭터를 1장까지 선택하고, 자신의 현장에 있는 【청】 캐릭터 1장 아래에 겹친다. 겹친 경우, 턴 종료 시까지 그 캐릭터에게 ""이 캐릭터는 상대의 현장에 있는 액티브 상태의 캐릭터를 지정하여 액션할 수 있다.""를 부여한다.
【히라메키】(증거에서 리무브될 때 발동한다) 캐릭터를 1장까지 선택하고, 슬립시킨다.",【ヒラメキ】(証拠からリムーブされるときに発動する)キャラを1枚まで選び、スリープさせる。,공식 룰북 p.22 — 대상 절에 自分の/相手の 없음(「キャラを～枚まで選び」는 지정이 없으면 양쪽 현장): …キャラを1枚まで,high
id_0859,大岡紅葉＆伊織無我,0,0,ops.0,select,,any,"【パートナー(緑)】【自分ターン中】【ターン①】自分の現場にこのキャラ以外のカード名[大岡紅葉]か[伊織無我]が登場したとき、AP8000以下のキャラを1枚まで選び、リムーブする。
【宣言】【ターン①】自分が相手の現場にいるキャラに裏向きでセットされているカードを合わせて2枚リムーブしてもよい。(自分と相手で1枚ずつリムーブできる)そうした場合、カードを1枚引く。この能力は自分の現場にカード名[大岡紅葉]か[伊織無我]がいる場合に宣言できる。
この能力はパートナーエリアでも宣言できる。
【カットイン】AP＋2000
【MR能力】
相手ターン中に現場を離れる場合、パートナーエリアに移動する。
自分の現場にMRが登場する場合、リムーブする。","【파트너(녹)】【자신 턴 중】【턴①】자신의 현장에 이 캐릭터 이외의 카드명 [오오오카 모미지] 또는 [이오리 무가]가 등장했을 때, AP8000 이하의 캐릭터를 1장까지 선택하여 리무브한다.
【선언】【턴①】자신이 상대 현장에 있는 캐릭터에 뒷면으로 세트되어 있는 카드를 합쳐서 2장 리무브해도 된다. (자신과 상대가 1장씩 리무브할 수 있다) 그렇게 한 경우, 카드를 1장 뽑는다. 이 능력은 자신의 현장에 카드명 [오오오카 모미지] 또는 [이오리 무가]가 있는 경우에 선언할 수 있다.
이 능력은 파트너 에리어에서도 선언할 수 있다.
【컷인】AP＋2000
【MR 능력】
상대 턴 중에 현장을 떠나는 경우, 파트너 에리어로 이동한다.
자신의 현장에 MR이 등장하는 경우, 리무브한다.",【パートナー(緑)】【自分ターン中】【ターン1】自分の現場にこのキャラ以外のカード名[大岡紅葉]か[伊織無我]が登場したとき、AP8000以下のキャラを1枚まで選び、リムーブする。,공식 룰북 p.22 — 대상 절에 自分の/相手の 없음(「キャラを～枚まで選び」는 지정이 없으면 양쪽 현장): …AP8000以下のキャラを1枚まで,high
id_0859,大岡紅葉＆伊織無我,0,,ef,onally.ef,,self,"【パートナー(緑)】【自分ターン中】【ターン①】自分の現場にこのキャラ以外のカード名[大岡紅葉]か[伊織無我]が登場したとき、AP8000以下のキャラを1枚まで選び、リムーブする。
【宣言】【ターン①】自分が相手の現場にいるキャラに裏向きでセットされているカードを合わせて2枚リムーブしてもよい。(自分と相手で1枚ずつリムーブできる)そうした場合、カードを1枚引く。この能力は自分の現場にカード名[大岡紅葉]か[伊織無我]がいる場合に宣言できる。
この能力はパートナーエリアでも宣言できる。
【カットイン】AP＋2000
【MR能力】
相手ターン中に現場を離れる場合、パートナーエリアに移動する。
自分の現場にMRが登場する場合、リムーブする。","【파트너(녹)】【자신 턴 중】【턴①】자신의 현장에 이 캐릭터 이외의 카드명 [오오오카 모미지] 또는 [이오리 무가]가 등장했을 때, AP8000 이하의 캐릭터를 1장까지 선택하여 리무브한다.
【선언】【턴①】자신이 상대 현장에 있는 캐릭터에 뒷면으로 세트되어 있는 카드를 합쳐서 2장 리무브해도 된다. (자신과 상대가 1장씩 리무브할 수 있다) 그렇게 한 경우, 카드를 1장 뽑는다. 이 능력은 자신의 현장에 카드명 [오오오카 모미지] 또는 [이오리 무가]가 있는 경우에 선언할 수 있다.
이 능력은 파트너 에리어에서도 선언할 수 있다.
【컷인】AP＋2000
【MR 능력】
상대 턴 중에 현장을 떠나는 경우, 파트너 에리어로 이동한다.
자신의 현장에 MR이 등장하는 경우, 리무브한다.",【パートナー(緑)】【自分ターン中】【ターン1】自分の現場にこのキャラ以外のカード名[大岡紅葉]か[伊織無我]が登場したとき、AP8000以下のキャラを1枚まで選び、リムーブする。,"ally 계열 트리거 + 원문 ""自分の現場にいる…"" (아군 대상)",high
id_0860,遠山和葉,1,0,ops.0,select,,any,"【登場時】自分のデッキのカードを上から4枚見る。その中から【緑】のイベントを1枚まで公開して手札に加え、残りを好きな順番でデッキの下に移す。カードを手札に加えた場合、手札を1枚リムーブする。
【自分ターン中】【ターン①】自分が【緑】のイベントを使用したとき、AP8000以下のキャラを1枚まで選び、リムーブする。(イベントを解決してからキャラを選ぶ)","【등장 시】자신의 덱 카드를 위에서 4장 본다. 그중에서 【녹색】 이벤트를 1장까지 공개하여 손패에 더하고, 나머지는 원하는 순서로 덱 아래로 옮긴다. 카드를 손패에 더한 경우, 손패를 1장 리무브한다.
【자신 턴 중】【턴①】자신이 【녹색】 이벤트를 사용했을 때, AP8000 이하의 캐릭터를 1장까지 골라 리무브한다. (이벤트를 해결한 후에 캐릭터를 고른다)",【自分ターン中】【ターン1】自分が【緑】のイベントを使用したとき、AP8000以下のキャラを1枚まで選び、リムーブする。(イベントを解決してからキャラを選ぶ),공식 룰북 p.22 — 대상 절에 自分の/相手の 없음(「キャラを～枚まで選び」는 지정이 없으면 양쪽 현장): …AP8000以下のキャラを1枚まで,high
id_0860,遠山和葉,1,,sf,ontrig.sf,,self,"【登場時】自分のデッキのカードを上から4枚見る。その中から【緑】のイベントを1枚まで公開して手札に加え、残りを好きな順番でデッキの下に移す。カードを手札に加えた場合、手札を1枚リムーブする。
【自分ターン中】【ターン①】自分が【緑】のイベントを使用したとき、AP8000以下のキャラを1枚まで選び、リムーブする。(イベントを解決してからキャラを選ぶ)","【등장 시】자신의 덱 카드를 위에서 4장 본다. 그중에서 【녹색】 이벤트를 1장까지 공개하여 손패에 더하고, 나머지는 원하는 순서로 덱 아래로 옮긴다. 카드를 손패에 더한 경우, 손패를 1장 리무브한다.
【자신 턴 중】【턴①】자신이 【녹색】 이벤트를 사용했을 때, AP8000 이하의 캐릭터를 1장까지 골라 리무브한다. (이벤트를 해결한 후에 캐릭터를 고른다)",【自分ターン中】【ターン1】自分が【緑】のイベントを使用したとき、AP8000以下のキャラを1枚まで選び、リムーブする。(イベントを解決してからキャラを選ぶ),트리거의 who=self(원문이 정한 행동 주체)와 동일한 쪽,high
id_0862,綾小路文麿,0,1,ops.1.ops.0,select,,any,【登場時】手札を1枚リムーブしてもよい。そうした場合、AP8000以下のキャラを1枚まで選び、リムーブし、自分のリムーブエリアにあるカード名［マロちゃん］を1枚まで選び、手札に加える。,"【등장 시】 손패를 1장 리무브해도 된다. 그렇게 한 경우, AP 8000 이하의 캐릭터를 1장까지 선택해 리무브하고, 자신의 리무브 에리어에 있는 카드명 [마로짱]을 1장까지 선택해 손패에 추가한다.",【登場時】手札を1枚リムーブしてもよい。そうした場合、AP8000以下のキャラを1枚まで選び、リムーブし、自分のリムーブエリアにあるカード名[マロちゃん]を1枚まで選び、手札に加える。,공식 룰북 p.22 — 대상 절에 自分の/相手の 없음(「キャラを～枚まで選び」는 지정이 없으면 양쪽 현장): …AP8000以下のキャラを1枚まで,high
id_0865,伊織無我,0,0,ops.0.ops.0,select,,any,【パートナー(緑)】【宣言】【ターン①】デッキのカードを上から3枚リムーブする：この【宣言】能力のコストによってカード名［大岡紅葉］か［伊織無我］がリムーブされた場合、AP8000以下のキャラを1枚まで選び、リムーブし、自分のデッキのカードを上から1枚裏向きでこのキャラにセットする。,"【파트너(초록)】【선언】【턴①】덱의 카드를 위에서 3장 리무브한다: 이 【선언】 능력의 코스트로 카드명 [오오카 모미지] 또는 [이오리 무가]가 리무브된 경우, AP8000 이하의 캐릭터를 1장까지 선택하여 리무브하고, 자신의 덱의 카드를 위에서 1장 뒷면으로 이 캐릭터에 세트한다.",【パートナー(緑)】【宣言】【ターン1】デッキのカードを上から3枚リムーブする:この【宣言】能力のコストによってカード名[大岡紅葉]か[伊織無我]がリムーブされた場合、AP8000以下のキャラを1枚まで選び、リムーブし、自分のデッキのカードを上から1枚裏向きでこのキャラにセットする。,공식 룰북 p.22 — 대상 절에 自分の/相手の 없음(「キャラを～枚まで選び」는 지정이 없으면 양쪽 현장): …AP8000以下のキャラを1枚まで,high
id_0872,工藤有希子,1,0,ops.0,select,,any,"【登場時】自分の現場にいるキャラ1枚につき、自分のデッキのカードを上から1枚裏向きでこのキャラにセットする。
【パートナー(白)】【宣言】【ターン②】現場にいるキャラに裏向きでセットされているカードを合わせて2枚リムーブする:【白】のキャラを1枚まで選び、ターン終了時までAP+2000し、突撃[キャラ](登場したターンからすぐにキャラを指定してアクションできる)を与える。","【등장 시】자신의 현장에 있는 캐릭터 1장당, 자신의 덱 카드를 위에서 1장 뒷면으로 이 캐릭터에 세트한다.
【파트너(백)】【선언】【턴②】현장에 있는 캐릭터에 뒷면으로 세트되어 있는 카드를 합쳐서 2장 리무브한다: 【백】 캐릭터를 1장까지 선택하고, 턴 종료 시까지 AP+2000 하며, 돌격[캐릭터](등장한 턴부터 바로 캐릭터를 지정하여 액션할 수 있다)를 부여한다.",【パートナー(白)】【宣言】【ターン②】現場にいるキャラに裏向きでセットされているカードを合わせて2枚リムーブする:【白】のキャラを1枚まで選び、ターン終了時までAP+2000し、突撃[キャラ](登場したターンからすぐにキャラを指定してアクションできる)を与える。,공식 룰북 p.22 — 대상 절에 自分の/相手の 없음(「キャラを～枚まで選び」는 지정이 없으면 양쪽 현장): …のキャラを1枚まで,high
id_0873,工藤優作,0,0,ops.0,select,,any,"【事件(白)】【パートナー(白)】【登場時】AP8000以下のキャラを1枚まで選び、リムーブする。自分の現場にいるキャラを1枚まで選び、自分のデッキのカードを上から1枚裏向きでセットする。
【ターン①】自分の現場にいるキャラが推理したとき、自分の現場にいるキャラに裏向きでセットされているカードを1枚リムーブしてもよい。そうした場合、カードを1枚引く。","【사건(백)】【파트너(백)】【등장 시】AP8000 이하의 캐릭터를 1장까지 선택하여 리무브한다. 자신의 현장에 있는 캐릭터를 1장까지 선택하고, 자신의 덱 위에서 카드 1장을 뒷면으로 세트한다.
【턴①】자신의 현장에 있는 캐릭터가 추리했을 때, 자신의 현장에 있는 캐릭터에게 뒷면으로 세트되어 있는 카드를 1장 리무브해도 좋다. 그렇게 한 경우, 카드를 1장 뽑는다.",【事件(白)】【パートナー(白)】【登場時】AP8000以下のキャラを1枚まで選び、リムーブする。自分の現場にいるキャラを1枚まで選び、自分のデッキのカードを上から1枚裏向きでセットする。,공식 룰북 p.22 — 대상 절에 自分の/相手の 없음(「キャラを～枚まで選び」는 지정이 없으면 양쪽 현장): …AP8000以下のキャラを1枚まで,high
id_0874,怪盗キッド,1,1,ops.1.ops.0,select,,any,"【解決編】【登場時】相手の現場にいるキャラを1枚まで選ぶ。そのキャラがスリープ状態の場合、スタンさせる。そのキャラがアクティブ状態の場合、スリープさせる。
【宣言】【スリープ】：自分か相手の現場にいるキャラに裏向きでセットされているカードを1枚リムーブしてもよい。そうした場合、キャラを1枚まで選び、ターン終了時までAP＋2000する。","【해결편】【등장 시】 상대 현장에 있는 캐릭터를 1장까지 고른다. 그 캐릭터가 슬립 상태인 경우 스턴시킨다. 그 캐릭터가 액티브 상태인 경우 슬립시킨다.
【선언】【슬립】: 자신 또는 상대 현장에 있는 캐릭터에게 뒷면으로 세트되어 있는 카드를 1장 리무브해도 좋다. 그렇게 한 경우, 캐릭터를 1장까지 고르고, 턴 종료 시까지 AP+2000 한다.",【宣言】【スリープ】:自分か相手の現場にいるキャラに裏向きでセットされているカードを1枚リムーブしてもよい。そうした場合、キャラを1枚まで選び、ターン終了時までAP+2000する。,공식 룰북 p.22 — 대상 절에 自分の/相手の 없음(「キャラを～枚まで選び」는 지정이 없으면 양쪽 현장): …キャラを1枚まで,high
id_0875,クリス・ヴィンヤード,0,1,ops.1.ops.0,select,,any,"【宣言】【スリープ】：自分のリムーブエリアにあるカード名［工藤有希子］を1枚まで選び、裏向きでこのキャラにセットする。セットした場合、レベル7以下のキャラを1枚まで選び、デッキの下に移す。
【ヒラメキ】キャラを1枚まで選び、スリープさせる。","【선언】【슬리프】: 자신의 리무브 에리어에 있는 카드명 [쿠도 유키코]를 1장까지 선택하여, 뒷면으로 이 캐릭터에 세트한다. 세트한 경우, 레벨 7 이하의 캐릭터를 1장까지 선택하여 덱의 아래로 옮긴다.
【번뜩임】 캐릭터를 1장까지 선택하여 슬리프시킨다.",【宣言】【スリープ】:自分のリムーブエリアにあるカード名[工藤有希子]を1枚まで選び、裏向きでこのキャラにセットする。セットした場合、レベル7以下のキャラを1枚まで選び、デッキの下に移す。,공식 룰북 p.22 — 대상 절에 自分の/相手の 없음(「キャラを～枚まで選び」는 지정이 없으면 양쪽 현장): …レベル7以下のキャラを1枚まで,high
id_0875,クリス・ヴィンヤード,1,0,ops.0,select,,any,"【宣言】【スリープ】：自分のリムーブエリアにあるカード名［工藤有希子］を1枚まで選び、裏向きでこのキャラにセットする。セットした場合、レベル7以下のキャラを1枚まで選び、デッキの下に移す。
【ヒラメキ】キャラを1枚まで選び、スリープさせる。","【선언】【슬리프】: 자신의 리무브 에리어에 있는 카드명 [쿠도 유키코]를 1장까지 선택하여, 뒷면으로 이 캐릭터에 세트한다. 세트한 경우, 레벨 7 이하의 캐릭터를 1장까지 선택하여 덱의 아래로 옮긴다.
【번뜩임】 캐릭터를 1장까지 선택하여 슬리프시킨다.",【ヒラメキ】キャラを1枚まで選び、スリープさせる。,공식 룰북 p.22 — 대상 절에 自分の/相手の 없음(「キャラを～枚まで選び」는 지정이 없으면 양쪽 현장): …キャラを1枚まで,high
id_0878,鈴木綾子,1,0,ops.0,select,,any,"【事件編】【登場時】手札から特徴［鈴木財閥］のキャラを1枚リムーブしてもよい。そうした場合、カードを2枚引く。
【ヒラメキ】(証拠からリムーブされるときに発動する）キャラを1枚まで選び、スリープさせる。","【사건편】【등장 시】 손패에서 특징 [스즈키 재벌]의 캐릭터를 1장 리무브해도 좋다. 그렇게 한 경우, 카드를 2장 뽑는다.
【히라메키】(증거에서 리무브될 때 발동한다) 캐릭터를 1장까지 선택하고, 슬립시킨다.",【ヒラメキ】(証拠からリムーブされるときに発動する)キャラを1枚まで選び、スリープさせる。,공식 룰북 p.22 — 대상 절에 自分の/相手の 없음(「キャラを～枚まで選び」는 지정이 없으면 양쪽 현장): …キャラを1枚まで,high
id_0881,メデューサ,0,0,ops.0,select,,any,"【相手ターン中】【現場リムーブ時】スリープ状態のキャラを1枚まで選び、スタンさせる。(スタン状態のキャラをアクティブにする場合、代わりにスリープさせる)
【ヒラメキ】(証拠からリムーブされるときに発動する)キャラを1枚まで選び、スリープさせる。","【상대 턴 중】【현장 리무브 시】 슬리프 상태의 캐릭터를 1장까지 선택하고 스턴시킨다. (스턴 상태의 캐릭터를 액티브로 하는 경우, 대신 슬리프시킨다)
【히라메키】(증거에서 리무브될 때 발동한다) 캐릭터를 1장까지 선택하고 슬리프시킨다.",【相手ターン中】【現場リムーブ時】スリープ状態のキャラを1枚まで選び、スタンさせる。(スタン状態のキャラをアクティブにする場合、代わりにスリープさせる),공식 룰북 p.22 — 대상 절에 自分の/相手の 없음(「キャラを～枚まで選び」는 지정이 없으면 양쪽 현장): …スリープ状態のキャラを1枚まで,high
id_0881,メデューサ,1,0,ops.0,select,,any,"【相手ターン中】【現場リムーブ時】スリープ状態のキャラを1枚まで選び、スタンさせる。(スタン状態のキャラをアクティブにする場合、代わりにスリープさせる)
【ヒラメキ】(証拠からリムーブされるときに発動する)キャラを1枚まで選び、スリープさせる。","【상대 턴 중】【현장 리무브 시】 슬리프 상태의 캐릭터를 1장까지 선택하고 스턴시킨다. (스턴 상태의 캐릭터를 액티브로 하는 경우, 대신 슬리프시킨다)
【히라메키】(증거에서 리무브될 때 발동한다) 캐릭터를 1장까지 선택하고 슬리프시킨다.",【ヒラメキ】(証拠からリムーブされるときに発動する)キャラを1枚まで選び、スリープさせる。,공식 룰북 p.22 — 대상 절에 自分の/相手の 없음(「キャラを～枚まで選び」는 지정이 없으면 양쪽 현장): …キャラを1枚まで,high
id_0884,赤井秀一&ジョディ・スターリング,0,0,ops.0,select,,any,"【パートナー(赤)】【宣言】【ターン①】レベル9以下のキャラを1枚まで選び、リムーブする。この能力は自分の現場に特徴[FBI]のキャラが2枚以上いる場合に宣言できる。
【宣言】【ターン①】手札から特徴[FBI]のキャラを1枚リムーブする:カードを1枚引く。この能力のコストによってレベル8以上のキャラをリムーブした場合、カードを1枚引く。
この能力はパートナーエリアでも宣言できる。
【カットイン】AP+2000
【MR能力】
相手ターン中に現場を離れる場合、パートナーエリアに移動する。
自分の現場にMRが登場する場合、リムーブする。","【파트너(빨강)】【선언】【턴①】레벨 9 이하의 캐릭터를 1장까지 선택하여 리무브한다. 이 능력은 자신의 현장에 특징[FBI]의 캐릭터가 2장 이상 있는 경우에 선언할 수 있다.
【선언】【턴①】손패에서 특징[FBI]의 캐릭터를 1장 리무브한다: 카드를 1장 뽑는다. 이 능력의 코스트로 레벨 8 이상의 캐릭터를 리무브한 경우, 카드를 1장 뽑는다.
이 능력은 파트너 에리어에서도 선언할 수 있다.
【컷인】AP+2000
【MR 능력】
상대 턴 중에 현장을 떠나는 경우, 파트너 에리어로 이동한다.
자신의 현장에 MR이 등장하는 경우, 리무브한다.",【パートナー(赤)】【宣言】【ターン1】レベル9以下のキャラを1枚まで選び、リムーブする。この能力は自分の現場に特徴[FBI]のキャラが2枚以上いる場合に宣言できる。,공식 룰북 p.22 — 대상 절에 自分の/相手の 없음(「キャラを～枚まで選び」는 지정이 없으면 양쪽 현장): …レベル9以下のキャラを1枚まで,high
id_0885,沖矢昴,1,0,ops.0,select,,any,"自分のターン終了時、自分の手札が2枚になるまでカードを引く。
【パートナー(赤)】【宣言】【スリープ】手札が2枚になるまで手札をリムーブする:
キャラを1枚まで選び、リムーブする。","자신의 턴 종료 시, 자신의 손패가 2장이 될 때까지 카드를 뽑는다.
【파트너(적)】【선언】【슬리프】 손패가 2장이 될 때까지 손패를 리무브한다:
캐릭터를 1장까지 선택하고 리무브한다.",【パートナー(赤)】【宣言】【スリープ】手札が2枚になるまで手札をリムーブする:キャラを1枚まで選び、リムーブする。,공식 룰북 p.22 — 대상 절에 自分の/相手の 없음(「キャラを～枚まで選び」는 지정이 없으면 양쪽 현장): …キャラを1枚まで,high
id_0890,イーサン・本堂,0,0,ops.0.opts.0.ops.0,select,,any,"【宣言】デッキの下に移す：以下から1つ選んで行う。
・レベル5以下の【黒】のキャラを1枚まで選び、リムーブする。
・自分のリムーブエリアにあるカード名[本堂瑛海]か[本堂瑛祐]を1枚まで選び、手札に加える。","【선언】덱 아래로 이동: 아래에서 하나를 선택해 실행한다.
・레벨 5 이하의 【검정】 캐릭터를 1장까지 선택하여 리무브한다.
・자신의 리무브 에리어에 있는 카드명 [혼도 히데미] 또는 [혼도 에이스케]를 1장까지 선택하여 손패에 추가한다.","【宣言】デッキの下に移す:以下から1つ選んで行う。
・レベル5以下の【黒】のキャラを1枚まで選び、リムーブする。
・自分のリムーブエリアにあるカード名[本堂瑛海]か[本堂瑛祐]を1枚まで選び、手札に加える。",공식 룰북 p.22 — 대상 절에 自分の/相手の 없음(「キャラを～枚まで選び」는 지정이 없으면 양쪽 현장): …レベル5以下ののキャラを1枚まで,high
id_0896,宮野志保,1,1,ops.1.ops.0,select,,any,"自分のターン終了時、自分の現場にレベル7のキャラが3枚以上いる場合、カードを1枚引き、相手の現場にいるキャラを1枚まで選び、スタンさせる。(スタン状態のキャラをアクティブにする場合、代わりにスリープさせる)
【FILE8】【登場時】このキャラをスリープさせ、手札を1枚リムーブしてもよい。そうした場合、レベル8以下のスリープ状態かスタン状態のキャラを1枚まで選び、デッキの下に移す。","자신의 턴 종료 시, 자신의 현장에 레벨 7 캐릭터가 3장 이상 있는 경우, 카드를 1장 뽑고 상대 현장에 있는 캐릭터를 1장까지 골라 스턴시킨다. (스턴 상태의 캐릭터를 액티브로 하는 경우, 대신 슬립시킨다)
【FILE8】【登場時】 이 캐릭터를 슬립시키고, 손패를 1장 리무브해도 된다. 그렇게 한 경우, 레벨 8 이하의 슬립 상태 또는 스턴 상태의 캐릭터를 1장까지 골라 덱 아래로 옮긴다.",【FILE8】【登場時】このキャラをスリープさせ、手札を1枚リムーブしてもよい。そうした場合、レベル8以下のスリープ状態かスタン状態のキャラを1枚まで選び、デッキの下に移す。,공식 룰북 p.22 — 대상 절에 自分の/相手の 없음(「キャラを～枚まで選び」는 지정이 없으면 양쪽 현장): …のスリープ状態かスタン状態のキャラを1枚まで,high
id_0899,佐藤美和子＆高木渉,0,0,ops.0,select,,any,"【パートナー(黄)】【自分ターン中】【ターン①】自分の現場にこのキャラ以外のカード名[佐藤美和子]か[高木渉]が登場したとき、AP8000以下のキャラを1枚まで選び、リムーブする。
【自分ターン中】自分の現場にいるすべてのキャラがカード名[佐藤美和子]か[高木渉]の場合、自分の現場にいるすべてのキャラをAP+1000する。この能力はパートナーエリアでも有効になる。
【カットイン】AP+2000
【MR能力】相手ターン中に現場を離れる場合、パートナーエリアに移動する。
自分の現場にMRが登場する場合、リムーブする。","【파트너(노랑)】【자신 턴 중】【턴①】자신의 현장에 이 캐릭터 이외의 카드명 [사토 미와코] 또는 [타카기 와타루]가 등장했을 때, AP8000 이하의 캐릭터를 1장까지 선택하고 리무브한다.
【자신 턴 중】자신의 현장에 있는 모든 캐릭터가 카드명 [사토 미와코] 또는 [타카기 와타루]인 경우, 자신의 현장에 있는 모든 캐릭터를 AP+1000 한다. 이 능력은 파트너 에리어에서도 유효해진다.
【컷인】AP+2000
【MR 능력】상대 턴 중에 현장을 떠나는 경우, 파트너 에리어로 이동한다.
자신의 현장에 MR이 등장하는 경우, 리무브한다.",【パートナー(黄)】【自分ターン中】【ターン1】自分の現場にこのキャラ以外のカード名[佐藤美和子]か[高木渉]が登場したとき、AP8000以下のキャラを1枚まで選び、リムーブする。,공식 룰북 p.22 — 대상 절에 自分の/相手の 없음(「キャラを～枚まで選び」는 지정이 없으면 양쪽 현장): …AP8000以下のキャラを1枚まで,high
id_0899,佐藤美和子＆高木渉,0,,ef,onally.ef,,self,"【パートナー(黄)】【自分ターン中】【ターン①】自分の現場にこのキャラ以外のカード名[佐藤美和子]か[高木渉]が登場したとき、AP8000以下のキャラを1枚まで選び、リムーブする。
【自分ターン中】自分の現場にいるすべてのキャラがカード名[佐藤美和子]か[高木渉]の場合、自分の現場にいるすべてのキャラをAP+1000する。この能力はパートナーエリアでも有効になる。
【カットイン】AP+2000
【MR能力】相手ターン中に現場を離れる場合、パートナーエリアに移動する。
自分の現場にMRが登場する場合、リムーブする。","【파트너(노랑)】【자신 턴 중】【턴①】자신의 현장에 이 캐릭터 이외의 카드명 [사토 미와코] 또는 [타카기 와타루]가 등장했을 때, AP8000 이하의 캐릭터를 1장까지 선택하고 리무브한다.
【자신 턴 중】자신의 현장에 있는 모든 캐릭터가 카드명 [사토 미와코] 또는 [타카기 와타루]인 경우, 자신의 현장에 있는 모든 캐릭터를 AP+1000 한다. 이 능력은 파트너 에리어에서도 유효해진다.
【컷인】AP+2000
【MR 능력】상대 턴 중에 현장을 떠나는 경우, 파트너 에리어로 이동한다.
자신의 현장에 MR이 등장하는 경우, 리무브한다.",【パートナー(黄)】【自分ターン中】【ターン1】自分の現場にこのキャラ以外のカード名[佐藤美和子]か[高木渉]が登場したとき、AP8000以下のキャラを1枚まで選び、リムーブする。,"ally 계열 트리거 + 원문 ""自分の現場にいる…"" (아군 대상)",high
id_0900,黒田兵衛,2,1,ops.1.ops.0,select,,any,"現場にいるこのキャラは特徴［長野県警］を持つ。
自分のターン終了時、自分の現場にそれぞれカード名の異なる特徴［長野県警］のキャラが3枚以上いる場合、カードを1枚引き、手札を1枚リムーブする。
【パートナー(黄)】【登場時】自分のデッキのカードを上から3枚リムーブしてもよい。
この効果によって特徴［長野県警］のキャラがリムーブされた場合、AP8000以下のキャラを1枚まで選び、リムーブする。","현장에 있는 이 캐릭터는 특징［長野県警］을 가진다.
자신의 턴 종료 시, 자신의 현장에 각각 카드 이름이 다른 특징［長野県警］의 캐릭터가 3장 이상 있는 경우, 카드를 1장 뽑고 손패를 1장 리무브한다.
【파트너(노랑)】【등장 시】자신의 덱 위에서 카드 3장을 리무브해도 된다.
이 효과로 특징［長野県警］의 캐릭터가 리무브된 경우, AP8000 이하의 캐릭터를 1장까지 선택하여 리무브한다.",【パートナー(黄)】【登場時】自分のデッキのカードを上から3枚リムーブしてもよい。この効果によって特徴[長野県警]のキャラがリムーブされた場合、AP8000以下のキャラを1枚まで選び、リムーブする。,공식 룰북 p.22 — 대상 절에 自分の/相手の 없음(「キャラを～枚まで選び」는 지정이 없으면 양쪽 현장): …AP8000以下のキャラを1枚まで,high
id_0901,白鳥任三郎,0,2,ops.2.ops.0,select,,any,"【登場時】このキャラをスリープさせ、手札から特徴［警視庁］のキャラを1枚公開してもよい。そうした場合、レベル7以下のキャラを1枚まで選び、リムーブする。
【宣言】【ターン①】このキャラか、レベル7以下の特徴［警視庁］のキャラを1枚デッキの下に移す:カードを1枚引く。","【등장 시】이 캐릭터를 슬리프시키고, 손패에서 특징 [경시청]의 캐릭터를 1장 공개해도 좋다. 그렇게 한 경우, 레벨 7 이하의 캐릭터를 1장까지 선택해 리무브한다.
【선언】【턴①】이 캐릭터나 레벨 7 이하의 특징 [경시청] 캐릭터 1장을 덱 아래로 옮긴다: 카드를 1장 뽑는다.",【登場時】このキャラをスリープさせ、手札から特徴[警視庁]のキャラを1枚公開してもよい。そうした場合、レベル7以下のキャラを1枚まで選び、リムーブする。,공식 룰북 p.22 — 대상 절에 自分の/相手の 없음(「キャラを～枚まで選び」는 지정이 없으면 양쪽 현장): …レベル7以下のキャラを1枚まで,high
id_0903,上原由衣,0,0,ops.0,select,,any,【宣言】【スリープ】リムーブエリアにある特徴[長野県警]のキャラを1枚デッキの下に移す:特徴[長野県警]のキャラを1枚まで選び、ターン終了時まで突撃(登場したターンからすぐにアクションできる)を与える。,"【선언】【슬립】리무브 에리어에 있는 특징[長野県警]의 캐릭터를 1장 덱 아래로 옮긴다: 특징[長野県警]의 캐릭터를 1장까지 선택하고, 턴 종료 시까지 돌격(등장한 턴부터 바로 액션할 수 있다)을 부여한다.",【宣言】【スリープ】リムーブエリアにある特徴[長野県警]のキャラを1枚デッキの下に移す:特徴[長野県警]のキャラを1枚まで選び、ターン終了時まで突撃(登場したターンからすぐにアクションできる)を与える。,공식 룰북 p.22 — 대상 절에 自分の/相手の 없음(「キャラを～枚まで選び」는 지정이 없으면 양쪽 현장): …特徴[長野県警]のキャラを1枚まで,high
id_0904,諸伏高明,0,0,ops.0.ops.0,select,,any,【パートナー(黄)】【解決編】【登場時】自分の現場にそれぞれカード名の異なる特徴[長野県警]のキャラが3枚以上いる場合、レベル7以下のキャラを1枚まで選び、リムーブする。,"【파트너(노랑)】【해결편】【등장 시】자신의 현장에 각각 카드 이름이 다른 특징[長野県警]의 캐릭터가 3장 이상 있는 경우, 레벨 7 이하의 캐릭터를 1장까지 선택하여 리무브한다.",【パートナー(黄)】【解決編】【登場時】自分の現場にそれぞれカード名の異なる特徴[長野県警]のキャラが3枚以上いる場合、レベル7以下のキャラを1枚まで選び、リムーブする。,공식 룰북 p.22 — 대상 절에 自分の/相手の 없음(「キャラを～枚まで選び」는 지정이 없으면 양쪽 현장): …レベル7以下のキャラを1枚まで,high
id_0910,高木渉,1,0,ops.0,select,,any,"【絆】佐藤美和子 自分のターン終了時、自分の現場にいるすべてのキャラがカード名[佐藤美和子]か[高木渉]の場合、このキャラをアクティブにする。
【宣言】【スリープ】:このキャラのAP以下のAPのキャラを1枚まで選び、リムーブする。","【인연】사토 미와코: 자신의 턴 종료 시, 자신의 현장에 있는 모든 캐릭터의 카드명이 [사토 미와코] 또는 [다카기 와타루]인 경우, 이 캐릭터를 액티브로 한다.
【선언】【슬립】: 이 캐릭터의 AP 이하의 AP를 가진 캐릭터를 1장까지 선택하여 리무브한다.",【宣言】【スリープ】:このキャラのAP以下のAPのキャラを1枚まで選び、リムーブする。,공식 룰북 p.22 — 대상 절에 自分の/相手の 없음(「キャラを～枚まで選び」는 지정이 없으면 양쪽 현장): …このキャラのAP以下のAPのキャラを1枚まで,high
id_0914,ジン,0,0,ops.0,select,,any,"【事件】【青&黒】【宣言】【スリープ】：キャラを1枚まで選び、リムーブする。この能力は自分のリムーブエリアに【現場リムーブ時】を持つキャラが2枚以上ある場合に宣言できる。
【相手ターン中】【現場リムーブ時】手札から【現場リムーブ時】を持つレベル7以下の【青】か【黒】のキャラを1枚リムーブしてもよい。そうした場合、カードを1枚引き、この効果によってリムーブしたカードの【現場リムーブ時】の効果を発動させてもよい。","【사건】【청&흑】【선언】【슬립】: 캐릭터를 1장까지 선택하여 리무브한다. 이 능력은 자신의 리무브 에리어에 【현장 리무브 시】를 가진 캐릭터가 2장 이상 있을 경우에 선언할 수 있다.
【상대 턴 중】【현장 리무브 시】 손패에서 【현장 리무브 시】를 가진 레벨 7 이하의 【청】 또는 【흑】 캐릭터를 1장 리무브해도 좋다. 그렇게 한 경우, 카드를 1장 뽑고, 이 효과로 리무브한 카드의 【현장 리무브 시】 효과를 발동시켜도 좋다.",【事件】【青&黒】【宣言】【スリープ】:キャラを1枚まで選び、リムーブする。この能力は自分のリムーブエリアに【現場リムーブ時】を持つキャラが2枚以上ある場合に宣言できる。,공식 룰북 p.22 — 대상 절에 自分の/相手の 없음(「キャラを～枚まで選び」는 지정이 없으면 양쪽 현장): …キャラを1枚まで,high
id_0915,ピンガ,2,0,ops.0,select,,any,"【自分ターン中】AP＋1000
【相手ターン中】【現場リムーブ時】カードを1枚引き、手札を1枚リムーブする。
【宣言】【スリープ⑦】：AP8000以下のキャラを1枚まで選び、リムーブする。この能力は自分の事件が【黒】以外の色を持つ場合に宣言できる。
【変装】【事件(黒)】【FILE⑦】（コンタクト中のキャラと入れ替わって手札から出る。入れ替わったキャラはデッキの下に移す）","【자신 턴 중】AP +1000
【상대 턴 중】【현장 리무브 시】카드를 1장 뽑고, 손패를 1장 리무브한다.
【선언】【슬립⑦】: AP 8000 이하의 캐릭터를 1장까지 선택하여 리무브한다. 이 능력은 자신의 사건이 【흑】 이외의 색을 가진 경우에 선언할 수 있다.
【변장】【사건(흑)】【FILE⑦】(컨택트 중인 캐릭터와 교체하여 손패에서 등장한다. 교체된 캐릭터는 덱 아래로 옮긴다)",【宣言】【スリープ7】:AP8000以下のキャラを1枚まで選び、リムーブする。この能力は自分の事件が【黒】以外の色を持つ場合に宣言できる。,공식 룰북 p.22 — 대상 절에 自分の/相手の 없음(「キャラを～枚まで選び」는 지정이 없으면 양쪽 현장): …AP8000以下のキャラを1枚まで,high
id_0925,ヘルエンジェル,1,0,ops.0,select,,any,"【相手ターン中】【現場リムーブ時】カードを1枚引く。自分の事件が解決編の場合、手札を1枚リムーブする。
【ヒラメキ】(証拠からリムーブされるときに発動する)キャラを1枚まで選び、スリープさせる。","【상대 턴 중】【현장 리무브 시】카드를 1장 뽑는다. 자신의 사건이 해결편인 경우, 손패를 1장 리무브한다.
【히라메키】(증거에서 리무브될 때 발동한다) 캐릭터를 1장까지 선택하여 슬리프시킨다.",【ヒラメキ】(証拠からリムーブされるときに発動する)キャラを1枚まで選び、スリープさせる。,공식 룰북 p.22 — 대상 절에 自分の/相手の 없음(「キャラを～枚まで選び」는 지정이 없으면 양쪽 현장): …キャラを1枚まで,high
id_0928,出来損ないの名探偵,0,2,ops.2.ops.0,select,,any,【事件(青&黒)】カードを1枚引く。手札から【現場リムーブ時】を持つレベル4以下のキャラを1枚までスリープ状態で登場させる。自分の現場にカード名[シェリー]か[灰原哀]がいる場合、レベル7以下のキャラを1枚まで選び、リムーブする。,"【사건(청&흑)】카드를 1장 뽑는다. 손패에서 【현장 리무브 시】를 가진 레벨 4 이하의 캐릭터를 1장까지 슬리프 상태로 등장시킨다. 자신의 현장에 카드명 [셰리] 또는 [하이바라 아이]가 있는 경우, 레벨 7 이하의 캐릭터를 1장까지 선택하여 리무브한다.",【事件(青&黒)】カードを1枚引く。手札から【現場リムーブ時】を持つレベル4以下のキャラを1枚までスリープ状態で登場させる。自分の現場にカード名[シェリー]か[灰原哀]がいる場合、レベル7以下のキャラを1枚まで選び、リムーブする。,공식 룰북 p.22 — 대상 절에 自分の/相手の 없음(「キャラを～枚まで選び」는 지정이 없으면 양쪽 현장): …レベル7以下のキャラを1枚まで,high
id_0929,灰原哀&シェリー,2,0,ops.0,select,,any,"【ターン①】【現場リムーブ時】手札から【青】か【黒】を持つキャラを1枚公開する:レベル9以下の自分のキャラを1枚まで選び、リムーブする。
【相手ターン中】【現場リムーブ時】自分の手札が2枚以下の場合、カードを1枚引く。
【宣言】【ターン①】【青】のキャラを1枚まで選び、ターン終了時までAP+1000する。【黒】のキャラを1枚まで選び、ターン終了時までAP+1000する。この能力はパートナーエリアでも宣言できる。
【カットイン】AP+2000
【MR能力】相手ターン中に現場を離れる場合、パートナーエリアに移動する。
自分の現場にMRが登場する場合、リムーブする。","【턴①】【현장 리무브 시】손패에서 【파랑】이나 【검정】을 가진 캐릭터를 1장 공개한다: 레벨 9 이하의 자신의 캐릭터를 1장까지 골라 리무브한다.
【상대 턴 중】【현장 리무브 시】자신의 손패가 2장 이하인 경우, 카드를 1장 뽑는다.
【선언】【턴①】【파랑】 캐릭터를 1장까지 골라 턴 종료 시까지 AP+1000 한다. 【검정】 캐릭터를 1장까지 골라 턴 종료 시까지 AP+1000 한다. 이 능력은 파트너 에리어에서도 선언할 수 있다.
【컷인】AP+2000
【MR 능력】상대 턴 중에 현장을 떠나는 경우, 파트너 에리어로 이동한다.
자신의 현장에 MR이 등장하는 경우, 리무브한다.",【宣言】【ターン1】【青】のキャラを1枚まで選び、ターン終了時までAP+1000する。【黒】のキャラを1枚まで選び、ターン終了時までAP+1000する。この能力はパートナーエリアでも宣言できる。,공식 룰북 p.22 — 대상 절에 自分の/相手の 없음(「キャラを～枚まで選び」는 지정이 없으면 양쪽 현장): …のキャラを1枚まで,high
id_0929,灰原哀&シェリー,2,1,ops.1,select,,any,"【ターン①】【現場リムーブ時】手札から【青】か【黒】を持つキャラを1枚公開する:レベル9以下の自分のキャラを1枚まで選び、リムーブする。
【相手ターン中】【現場リムーブ時】自分の手札が2枚以下の場合、カードを1枚引く。
【宣言】【ターン①】【青】のキャラを1枚まで選び、ターン終了時までAP+1000する。【黒】のキャラを1枚まで選び、ターン終了時までAP+1000する。この能力はパートナーエリアでも宣言できる。
【カットイン】AP+2000
【MR能力】相手ターン中に現場を離れる場合、パートナーエリアに移動する。
自分の現場にMRが登場する場合、リムーブする。","【턴①】【현장 리무브 시】손패에서 【파랑】이나 【검정】을 가진 캐릭터를 1장 공개한다: 레벨 9 이하의 자신의 캐릭터를 1장까지 골라 리무브한다.
【상대 턴 중】【현장 리무브 시】자신의 손패가 2장 이하인 경우, 카드를 1장 뽑는다.
【선언】【턴①】【파랑】 캐릭터를 1장까지 골라 턴 종료 시까지 AP+1000 한다. 【검정】 캐릭터를 1장까지 골라 턴 종료 시까지 AP+1000 한다. 이 능력은 파트너 에리어에서도 선언할 수 있다.
【컷인】AP+2000
【MR 능력】상대 턴 중에 현장을 떠나는 경우, 파트너 에리어로 이동한다.
자신의 현장에 MR이 등장하는 경우, 리무브한다.",【宣言】【ターン1】【青】のキャラを1枚まで選び、ターン終了時までAP+1000する。【黒】のキャラを1枚まで選び、ターン終了時までAP+1000する。この能力はパートナーエリアでも宣言できる。,공식 룰북 p.22 — 대상 절에 自分の/相手の 없음(「キャラを～枚まで選び」는 지정이 없으면 양쪽 현장): …のキャラを1枚まで,high
id_0932,毛利蘭,2,,sf,ontrig.sf,,self,"【突撃】(登場したターンからすぐにアクションできる)
【登場時】自分の手札かリムーブエリアにあるカード名[シャッフルロマンス]のイベントを1枚まで選び、自分の現場にいるキャラ1枚にセットする。
【相手ターン中】【ターン①】自分の現場にいるキャラに表向きでセットされていたカード名[シャッフルロマンス]がリムーブエリアに置かれたとき、その中から1枚を手札に加えてもよい。","【돌격】(登場한 턴부터 바로 액션할 수 있다)
【등장 시】자신의 손패나 리무브 에리어에 있는 카드명 [셔플 로맨스]의 이벤트를 1장까지 골라, 자신의 현장에 있는 캐릭터 1장에 세트한다.
【상대 턴 중】【턴①】자신의 현장에 있는 캐릭터에 앞면으로 세트되어 있던 카드명 [셔플 로맨스]가 리무브 에리어에 놓였을 때, 그중에서 1장을 손패에 넣어도 된다.",【相手ターン中】【ターン1】自分の現場にいるキャラに表向きでセットされていたカード名[シャッフルロマンス]がリムーブエリアに置かれたとき、その中から1枚を手札に加えてもよい。,"원문 ""自分の現場/このキャラ"" — 주체가 자기 쪽",high
id_0934,大和敢助,0,0,ops.0,select,,any,"【宣言】【ターン①】【スリープ】:AP5000以下のスリープ状態のキャラを1枚まで選び、リムーブする。
【宣言】【ターン①】【スリープ】:AP8000以下のキャラを1枚まで選び、リムーブする。この能力は自分の現場にそれぞれカード名の異なる特徴[長野県警]のキャラが3枚以上いる場合に宣言できる。","【선언】【턴①】【슬리프】: AP5000 이하의 슬리프 상태인 캐릭터를 1장까지 선택하여 리무브한다.
【선언】【턴①】【슬리프】: AP8000 이하의 캐릭터를 1장까지 선택하여 리무브한다. 이 능력은 자신의 현장에 카드명이 각각 다른 특징 [長野県警]의 캐릭터가 3장 이상 있는 경우에 선언할 수 있다.",【宣言】【ターン1】【スリープ】:AP5000以下のスリープ状態のキャラを1枚まで選び、リムーブする。,공식 룰북 p.22 — 대상 절에 自分の/相手の 없음(「キャラを～枚まで選び」는 지정이 없으면 양쪽 현장): …5000以下のスリープ状態のキャラを1枚まで,high
id_0934,大和敢助,1,0,ops.0,select,,any,"【宣言】【ターン①】【スリープ】:AP5000以下のスリープ状態のキャラを1枚まで選び、リムーブする。
【宣言】【ターン①】【スリープ】:AP8000以下のキャラを1枚まで選び、リムーブする。この能力は自分の現場にそれぞれカード名の異なる特徴[長野県警]のキャラが3枚以上いる場合に宣言できる。","【선언】【턴①】【슬리프】: AP5000 이하의 슬리프 상태인 캐릭터를 1장까지 선택하여 리무브한다.
【선언】【턴①】【슬리프】: AP8000 이하의 캐릭터를 1장까지 선택하여 리무브한다. 이 능력은 자신의 현장에 카드명이 각각 다른 특징 [長野県警]의 캐릭터가 3장 이상 있는 경우에 선언할 수 있다.",【宣言】【ターン1】【スリープ】:AP8000以下のキャラを1枚まで選び、リムーブする。この能力は自分の現場にそれぞれカード名の異なる特徴[長野県警]のキャラが3枚以上いる場合に宣言できる。,공식 룰북 p.22 — 대상 절에 自分の/相手の 없음(「キャラを～枚まで選び」는 지정이 없으면 양쪽 현장): …AP8000以下のキャラを1枚まで,high
id_0935,犯人,0,0,ops.0,select,,any,"【パートナー(黒)】【自分ターン中】このキャラがキャラとコンタクトしたとき、そのキャラをリムーブする。
【ヒラメキ】自分のデッキのカードを上から5枚リムーブする。(発動させないことを選択できる)","【파트너(검정)】【자신 턴 중】이 캐릭터가 캐릭터와 컨택트했을 때, 그 캐릭터를 리무브한다.
【히라메키】자신의 덱 카드를 위에서 5장 리무브한다. (발동시키지 않기를 선택할 수 있다)",【パートナー(黒)】【自分ターン中】このキャラがキャラとコンタクトしたとき、そのキャラをリムーブする。,"대상이 コンタクト中/アクション中 의 카드로 참조 지정됨(원문 ""そのキャラ"") — 소유자는 참조가 정함",high
id_0936,萩原千速,1,0,ops.0,select,,any,"【疾風】自分は証拠を1つ得る。(自分の現場にこのターンで1番に登場したときに発動する)
【事件婚活パーティー】【宣言】【スリープ】:AP6000以下のキャラを1枚まで選び、リムーブする。この能力は自分の現場に特徴[警察]のキャラが2枚以上いる場合に宣言できる。
【ヒラメキ】(証拠からリムーブされるときに発動する)キャラを1枚まで選び、アクティブにする。","【질풍】자신은 증거를 1개 얻는다. (자신의 현장에 이번 턴에 1번째로 등장했을 때 발동한다)
【사건 혼활 파티】【선언】【슬립】: AP6000 이하의 캐릭터를 1장까지 선택하고 리무브한다. 이 능력은 자신의 현장에 특징 [경찰] 캐릭터가 2장 이상 있는 경우에 선언할 수 있다.
【히라메키】(증거에서 리무브될 때 발동한다) 캐릭터를 1장까지 선택하고 액티브로 한다.",【事件婚活パーティー】【宣言】【スリープ】:AP6000以下のキャラを1枚まで選び、リムーブする。この能力は自分の現場に特徴[警察]のキャラが2枚以上いる場合に宣言できる。,공식 룰북 p.22 — 대상 절에 自分の/相手の 없음(「キャラを～枚まで選び」는 지정이 없으면 양쪽 현장): …AP6000以下のキャラを1枚まで,high
id_0936,萩原千速,2,0,ops.0,select,,any,"【疾風】自分は証拠を1つ得る。(自分の現場にこのターンで1番に登場したときに発動する)
【事件婚活パーティー】【宣言】【スリープ】:AP6000以下のキャラを1枚まで選び、リムーブする。この能力は自分の現場に特徴[警察]のキャラが2枚以上いる場合に宣言できる。
【ヒラメキ】(証拠からリムーブされるときに発動する)キャラを1枚まで選び、アクティブにする。","【질풍】자신은 증거를 1개 얻는다. (자신의 현장에 이번 턴에 1번째로 등장했을 때 발동한다)
【사건 혼활 파티】【선언】【슬립】: AP6000 이하의 캐릭터를 1장까지 선택하고 리무브한다. 이 능력은 자신의 현장에 특징 [경찰] 캐릭터가 2장 이상 있는 경우에 선언할 수 있다.
【히라메키】(증거에서 리무브될 때 발동한다) 캐릭터를 1장까지 선택하고 액티브로 한다.",【ヒラメキ】(証拠からリムーブされるときに発動する)キャラを1枚まで選び、アクティブにする。,공식 룰북 p.22 — 대상 절에 自分の/相手の 없음(「キャラを～枚まで選び」는 지정이 없으면 양쪽 현장): …キャラを1枚まで,high
id_0937,横溝重悟,0,0,ops.0,select,,any,"【事件婚活パーティー】【登場時】このキャラのAP以下のAPのキャラを1枚まで選び、リムーブする。
【宣言】【スリープ】:相手のターン終了時までこのキャラは「相手の現場にいるキャラがアクションするとき、このキャラを指定できる場合、必ず指定する。」を持つ。","【사건 결혼활 파티】【등장 시】 이 캐릭터의 AP 이하의 AP를 가진 캐릭터를 1장까지 선택하고, 리무브한다.
【선언】【슬립】: 상대의 턴 종료 시까지 이 캐릭터는 ""상대의 현장에 있는 캐릭터가 액션할 때, 이 캐릭터를 지정할 수 있는 경우 반드시 지정한다.""를 가진다.",【事件婚活パーティー】【登場時】このキャラのAP以下のAPのキャラを1枚まで選び、リムーブする。,공식 룰북 p.22 — 대상 절에 自分の/相手の 없음(「キャラを～枚まで選び」는 지정이 없으면 양쪽 현장): …このキャラのAP以下のAPのキャラを1枚まで,high
id_0938,松田陣平,2,,ef,oncontact.ef,,opp,"このキャラは相手の現場にいるレベル7以上のアクティブ状態のキャラを指定してアクションできる。
【パートナー(黄)】突撃(名乗り状態でもアクションできる)
【自分ターン中】【ターン①】このキャラが、このキャラよりAPの高いキャラとコンタクトしたとき、手札を1枚リムーブしてもよい。そうした場合、そのコンタクト中、このキャラをAP+3000する。","이 캐릭터는 상대의 현장에 있는 레벨 7 이상의 액티브 상태의 캐릭터를 지정하여 액션할 수 있다.
【파트너(노랑)】돌격(명乗り 상태에서도 액션할 수 있다)
【자신 턴 중】【턴①】이 캐릭터가 이 캐릭터보다 AP가 높은 캐릭터와 콘택트했을 때, 손패를 1장 리무브해도 된다. 그렇게 한 경우, 그 콘택트 중 이 캐릭터를 AP+3000 한다.",【自分ターン中】【ターン1】このキャラが、このキャラよりAPの高いキャラとコンタクトしたとき、手札を1枚リムーブしてもよい。そうした場合、そのコンタクト中、このキャラをAP+3000する。,"코난 TCG 규칙상 コンタクト 상대는 항상 상대 캐릭터(원문 ""…キャラとコンタクトしたとき"")",high
id_0939,萩原研二,1,0,ops.0,select,,any,"【パートナー】【黄】突撃［キャラ］(名乗り状態でもアクション［キャラ］できる)
【疾風】キャラを1枚まで選び、スリープさせる。(自分の現場にこのターンで1番に登場したときに発動する)
【ヒラメキ】(証拠からリムーブされるときに発動する) キャラを1枚まで選び、スリープさせる。","【파트너】【노랑】 돌격［캐릭터］(이름을 댄 상태에서도 액션［캐릭터］를 할 수 있다)
【질풍】캐릭터를 1장까지 선택하여 슬리프시킨다. (자신의 현장에 이번 턴에 1번째로 등장했을 때 발동한다)
【히라메키】(증거에서 리무브될 때 발동한다) 캐릭터를 1장까지 선택하여 슬리프시킨다.",【疾風】キャラを1枚まで選び、スリープさせる。(自分の現場にこのターンで1番に登場したときに発動する),공식 룰북 p.22 — 대상 절에 自分の/相手の 없음(「キャラを～枚まで選び」는 지정이 없으면 양쪽 현장): …キャラを1枚まで,high
id_0939,萩原研二,2,0,ops.0,select,,any,"【パートナー】【黄】突撃［キャラ］(名乗り状態でもアクション［キャラ］できる)
【疾風】キャラを1枚まで選び、スリープさせる。(自分の現場にこのターンで1番に登場したときに発動する)
【ヒラメキ】(証拠からリムーブされるときに発動する) キャラを1枚まで選び、スリープさせる。","【파트너】【노랑】 돌격［캐릭터］(이름을 댄 상태에서도 액션［캐릭터］를 할 수 있다)
【질풍】캐릭터를 1장까지 선택하여 슬리프시킨다. (자신의 현장에 이번 턴에 1번째로 등장했을 때 발동한다)
【히라메키】(증거에서 리무브될 때 발동한다) 캐릭터를 1장까지 선택하여 슬리프시킨다.",【ヒラメキ】(証拠からリムーブされるときに発動する) キャラを1枚まで選び、スリープさせる。,공식 룰북 p.22 — 대상 절에 自分の/相手の 없음(「キャラを～枚まで選び」는 지정이 없으면 양쪽 현장): … キャラを1枚まで,high
id_0941,横溝重悟,0,0,ops.0,select,,any,"【疾風】キャラを1枚まで選び、ターン終了時までAP－1000する。(自分の現場にこのターンで1番に登場したときに発動する)
【宣言】【スリープ】手札を1枚リムーブする:自分のリムーブエリアにあるレベル5以下の特徴[警察]のキャラを1枚まで選び、登場させる。カード名[萩原千速]を登場させた場合、カードを1枚引く。","【질풍】 캐릭터를 1장까지 선택하고, 턴 종료 시까지 AP-1000 한다. (자신의 현장에 이번 턴에 1번째로 등장했을 때 발동한다.)
【선언】【슬립】 손패를 1장 리무브한다: 자신의 리무브 에리어에 있는 레벨 5 이하의 특징 [경찰]의 캐릭터를 1장까지 선택하고 등장시킨다. 카드명 [하기와라 치하야]를 등장시킨 경우, 카드를 1장 뽑는다.",【疾風】キャラを1枚まで選び、ターン終了時までAP-1000する。(自分の現場にこのターンで1番に登場したときに発動する),공식 룰북 p.22 — 대상 절에 自分の/相手の 없음(「キャラを～枚まで選び」는 지정이 없으면 양쪽 현장): …キャラを1枚まで,high
id_0942,目暮十三,0,0,ops.0,select,,any,"このキャラがアクションしたとき、キャラを1枚まで選び、ターン終了時までAP+1000する。
【登場時】相手の現場にキャラが3枚以上いる場合、ターン終了時までこのキャラは突撃［キャラ］を持つ。相手の証拠が3つ以上ある場合、ターン終了時までこのキャラは突撃［事件］を持つ。","이 캐릭터가 액션했을 때, 캐릭터를 1장까지 선택하고, 턴 종료 시까지 AP +1000 한다.
【등장 시】 상대의 현장에 캐릭터가 3장 이상 있는 경우, 턴 종료 시까지 이 캐릭터는 돌격[캐릭터]를 가진다. 상대의 증거가 3개 이상 있는 경우, 턴 종료 시까지 이 캐릭터는 돌격[사건]을 가진다.",このキャラがアクションしたとき、キャラを1枚まで選び、ターン終了時までAP+1000する。,공식 룰북 p.22 — 대상 절에 自分の/相手の 없음(「キャラを～枚まで選び」는 지정이 없으면 양쪽 현장): …キャラを1枚まで,high
id_0945,18の想起,0,0,ops.0,select,,any,レベル7以下のスリープ状態のキャラを1枚まで選び、リムーブする。自分のリムーブエリアに特徴［神奈川県警］のキャラが3枚以上ある場合、AP8000以下のキャラを1枚まで選び、リムーブする。,"레벨 7 이하의 슬립 상태인 캐릭터를 1장까지 선택하여 리무브한다. 자신의 리무브 에리어에 특징 [가나가와현경]을 가진 캐릭터가 3장 이상 있는 경우, AP8000 이하의 캐릭터를 1장까지 선택하여 리무브한다.",レベル7以下のスリープ状態のキャラを1枚まで選び、リムーブする。自分のリムーブエリアに特徴[神奈川県警]のキャラが3枚以上ある場合、AP8000以下のキャラを1枚まで選び、リムーブする。,공식 룰북 p.22 — 대상 절에 自分の/相手の 없음(「キャラを～枚まで選び」는 지정이 없으면 양쪽 현장): …レベル7以下のスリープ状態のキャラを1枚まで,high
id_0945,18の想起,0,1,ops.1.ops.0,select,,any,レベル7以下のスリープ状態のキャラを1枚まで選び、リムーブする。自分のリムーブエリアに特徴［神奈川県警］のキャラが3枚以上ある場合、AP8000以下のキャラを1枚まで選び、リムーブする。,"레벨 7 이하의 슬립 상태인 캐릭터를 1장까지 선택하여 리무브한다. 자신의 리무브 에리어에 특징 [가나가와현경]을 가진 캐릭터가 3장 이상 있는 경우, AP8000 이하의 캐릭터를 1장까지 선택하여 리무브한다.",レベル7以下のスリープ状態のキャラを1枚まで選び、リムーブする。自分のリムーブエリアに特徴[神奈川県警]のキャラが3枚以上ある場合、AP8000以下のキャラを1枚まで選び、リムーブする。,공식 룰북 p.22 — 대상 절에 自分の/相手の 없음(「キャラを～枚まで選び」는 지정이 없으면 양쪽 현장): …AP8000以下のキャラを1枚まで,high
id_0946,千速と重悟の婚活パーティー,1,0,ops.0,select,,any,"この事件が解決編になったとき、自分は手札を1枚リムーブする。
【解決編】【宣言】【ターン①】裏向きの証拠を1つ以上表向きにする:キャラを1枚まで選び、この【宣言】能力のコストで表向きにした証拠1つにつき、ターン終了時までAP−1000する。この能力は自分の現場に特徴[神奈川県警]のキャラがいる場合に宣言できる。","이 사건이 해결편이 되었을 때, 자신은 손패를 1장 리무브한다.
【해결편】【선언】【턴①】뒷면인 증거를 1개 이상 앞면으로 한다: 캐릭터를 1장까지 선택하고, 이 【선언】 능력의 코스트로 앞면으로 한 증거 1개당 턴 종료 시까지 AP를 −1000한다. 이 능력은 자신의 현장에 특징 [카나가와현경]의 캐릭터가 있는 경우에 선언할 수 있다.",【解決編】【宣言】【ターン1】裏向きの証拠を1つ以上表向きにする:キャラを1枚まで選び、この【宣言】能力のコストで表向きにした証拠1つにつき、ターン終了時までAP-1000する。この能力は自分の現場に特徴[神奈川県警]のキャラがいる場合に宣言できる。,공식 룰북 p.22 — 대상 절에 自分の/相手の 없음(「キャラを～枚まで選び」는 지정이 없으면 양쪽 현장): …キャラを1枚まで,high
id_0947,工藤新一&毛利蘭,0,,ef,onally.ef,,self,"【自分ターン中】【ターン①】自分の現場にこのキャラ以外のカード名[工藤新一]か[毛利蘭]が登場したとき、相手の現場にいるレベル9以下のキャラを1枚まで選び、リムーブするかデッキの下に移す。(自分がどちらかを選ぶ)
自分のターン終了時、手札からカード名[工藤新一]か[毛利蘭]を1枚公開してもよい。そうした場合、自分の現場にいるレベル8以上のカード名[工藤新一]か[毛利蘭]を1枚まで選び、アクティブにする。この能力はパートナーエリアでも発動する。
【カットイン】AP+2000
【MR能力】
相手ターン中に現場を離れる場合、パートナーエリアに移動する。
自分の現場にMRが登場する場合、リムーブする。","【자신 턴 중】【턴①】자신의 현장에 이 캐릭터 이외의 카드명 [쿠도 신이치] 또는 [모리 란]이 등장했을 때, 상대 현장에 있는 레벨 9 이하의 캐릭터를 1장까지 선택하여 리무브하거나 덱 아래로 이동시킨다. (자신이 어느 쪽인지 선택한다)
자신의 턴 종료 시, 손패에서 카드명 [쿠도 신이치] 또는 [모리 란]을 1장 공개해도 된다. 그렇게 한 경우, 자신의 현장에 있는 레벨 8 이상의 카드명 [쿠도 신이치] 또는 [모리 란]을 1장까지 선택하여 액티브로 한다. 이 능력은 파트너 에리어에서도 발동한다.
【컷인】AP+2000
【MR 능력】
상대 턴 중에 현장을 떠나는 경우, 파트너 에리어로 이동한다.
자신의 현장에 MR이 등장하는 경우, 리무브한다.",【自分ターン中】【ターン①】自分の現場にこのキャラ以外のカード名[工藤新一]か[毛利蘭]が登場したとき、相手の現場にいるレベル9以下のキャラを1枚まで選び、リムーブするかデッキの下に移す。(自分がどちらかを選ぶ),"ally 계열 트리거 + 원문 ""自分の現場にいる…"" (아군 대상)",high
id_0948,江戸川コナン,1,0,ops.0,select,,any,"【自分ターン中】現場にいるこのキャラをレベル-2する。
【事件】【青&緑】【自分ターン中】【ターン①】このキャラ以外のレベル7以下の【青】か【緑】のキャラが自分の現場に登場したとき、AP8000以下のキャラを1枚まで選び、リムーブする。
【絆】【服部平次】【宣言】【ターン①】デッキのカードを上から1枚リムーブする：カード名を1つ指定し、相手のFILEエリアにあるカードを上から1枚リムーブし、相手はデッキのカードを上から1枚裏向きのままFILEエリアの上に置く。この効果によって指定したカード名のカードがリムーブされた場合、キャラを1枚まで選び、ターン終了時までAP+2000する。","【자신 턴 중】 현장에 있는 이 캐릭터를 레벨-2 한다.
【사건】【청&녹】【자신 턴 중】【턴①】 이 캐릭터 이외의 레벨 7 이하의 【청】 또는 【녹】 캐릭터가 자신의 현장에 등장했을 때, AP8000 이하의 캐릭터를 1장까지 선택하여 리무브한다.
【인연】【핫토리 헤이지】【선언】【턴①】 덱의 카드를 위에서 1장 리무브한다: 카드명을 1개 지정하고, 상대의 FILE 에리어에 있는 카드를 위에서 1장 리무브하며, 상대는 덱의 카드를 위에서 1장 뒷면인 채로 FILE 에리어의 위에 놓는다. 이 효과에 의해 지정한 카드명의 카드가 리무브된 경우, 캐릭터를 1장까지 선택하여 턴 종료 시까지 AP+2000 한다.",【事件】【青&緑】【自分ターン中】【ターン1】このキャラ以外のレベル7以下の【青】か【緑】のキャラが自分の現場に登場したとき、AP8000以下のキャラを1枚まで選び、リムーブする。,공식 룰북 p.22 — 대상 절에 自分の/相手の 없음(「キャラを～枚まで選び」는 지정이 없으면 양쪽 현장): …AP8000以下のキャラを1枚まで,high
id_0948,江戸川コナン,2,3,ops.3.ops.0,select,,any,"【自分ターン中】現場にいるこのキャラをレベル-2する。
【事件】【青&緑】【自分ターン中】【ターン①】このキャラ以外のレベル7以下の【青】か【緑】のキャラが自分の現場に登場したとき、AP8000以下のキャラを1枚まで選び、リムーブする。
【絆】【服部平次】【宣言】【ターン①】デッキのカードを上から1枚リムーブする：カード名を1つ指定し、相手のFILEエリアにあるカードを上から1枚リムーブし、相手はデッキのカードを上から1枚裏向きのままFILEエリアの上に置く。この効果によって指定したカード名のカードがリムーブされた場合、キャラを1枚まで選び、ターン終了時までAP+2000する。","【자신 턴 중】 현장에 있는 이 캐릭터를 레벨-2 한다.
【사건】【청&녹】【자신 턴 중】【턴①】 이 캐릭터 이외의 레벨 7 이하의 【청】 또는 【녹】 캐릭터가 자신의 현장에 등장했을 때, AP8000 이하의 캐릭터를 1장까지 선택하여 리무브한다.
【인연】【핫토리 헤이지】【선언】【턴①】 덱의 카드를 위에서 1장 리무브한다: 카드명을 1개 지정하고, 상대의 FILE 에리어에 있는 카드를 위에서 1장 리무브하며, 상대는 덱의 카드를 위에서 1장 뒷면인 채로 FILE 에리어의 위에 놓는다. 이 효과에 의해 지정한 카드명의 카드가 리무브된 경우, 캐릭터를 1장까지 선택하여 턴 종료 시까지 AP+2000 한다.",【絆】【服部平次】【宣言】【ターン1】デッキのカードを上から1枚リムーブする:カード名を1つ指定し、相手のFILEエリアにあるカードを上から1枚リムーブし、相手はデッキのカードを上から1枚裏向きのままFILEエリアの上に置く。この効果によって指定したカード名のカードがリムーブされた場合、キャラを1枚まで選び、ターン終了時までAP+2000する。,공식 룰북 p.22 — 대상 절에 自分の/相手の 없음(「キャラを～枚まで選び」는 지정이 없으면 양쪽 현장): …キャラを1枚まで,high
id_0949,毛利蘭,1,1,ops.1.ops.0,select,,any,"突撃（名乗り状態でもアクションできる）
【絆】工藤新一【自分ターン中】【ターン①】自分の能力や効果、【宣言】能力のコストによって手札からカード名［工藤新一］か［毛利蘭］を公開したとき、手札を1枚リムーブしてもよい。（現在の効果を解決してからリムーブする）そうした場合、レベル7以下のキャラを1枚まで選び、リムーブする。","돌격(등장 상태에서도 액션할 수 있다)
【인연】쿠도 신이치【자신 턴 중】【턴①】자신의 능력이나 효과, 【선언】능력의 코스트로 인해 손패에서 카드명 [쿠도 신이치] 또는 [모리 란]을 공개했을 때, 손패를 1장 리무브해도 된다. (현재의 효과를 해결한 후에 리무브한다) 그렇게 한 경우, 레벨 7 이하의 캐릭터를 1장까지 선택하여 리무브한다.",【絆】工藤新一【自分ターン中】【ターン1】自分の能力や効果、【宣言】能力のコストによって手札からカード名[工藤新一]か[毛利蘭]を公開したとき、手札を1枚リムーブしてもよい。(現在の効果を解決してからリムーブする)そうした場合、レベル7以下のキャラを1枚まで選び、リムーブする。,공식 룰북 p.22 — 대상 절에 自分の/相手の 없음(「キャラを～枚まで選び」는 지정이 없으면 양쪽 현장): …レベル7以下のキャラを1枚まで,high
id_0949,毛利蘭,1,,sf,ontrig.sf,,self,"突撃（名乗り状態でもアクションできる）
【絆】工藤新一【自分ターン中】【ターン①】自分の能力や効果、【宣言】能力のコストによって手札からカード名［工藤新一］か［毛利蘭］を公開したとき、手札を1枚リムーブしてもよい。（現在の効果を解決してからリムーブする）そうした場合、レベル7以下のキャラを1枚まで選び、リムーブする。","돌격(등장 상태에서도 액션할 수 있다)
【인연】쿠도 신이치【자신 턴 중】【턴①】자신의 능력이나 효과, 【선언】능력의 코스트로 인해 손패에서 카드명 [쿠도 신이치] 또는 [모리 란]을 공개했을 때, 손패를 1장 리무브해도 된다. (현재의 효과를 해결한 후에 리무브한다) 그렇게 한 경우, 레벨 7 이하의 캐릭터를 1장까지 선택하여 리무브한다.",【絆】工藤新一【自分ターン中】【ターン1】自分の能力や効果、【宣言】能力のコストによって手札からカード名[工藤新一]か[毛利蘭]を公開したとき、手札を1枚リムーブしてもよい。(現在の効果を解決してからリムーブする)そうした場合、レベル7以下のキャラを1枚まで選び、リムーブする。,트리거의 who=self(원문이 정한 행동 주체)와 동일한 쪽,high
id_0950,本堂瑛祐,0,0,ops.0,select,,any,"【事件 青&緑】【宣言】【スリープ】手札から特徴[探偵]のキャラを1枚公開する:
レベル7以下のキャラを1枚まで選び、リムーブする。この【宣言】能力のコストによってカード名[江戸川コナン]か[工藤新一]を公開していた場合、相手のFILEエリアにあるカードを上から1枚表向きにする。","【사건 청&녹】【선언】【슬립】손패에서 특징 [탐정]을 가진 캐릭터를 1장 공개한다: 레벨 7 이하의 캐릭터를 1장까지 선택하여 리무브한다. 이 【선언】 능력의 코스트로 카드명 [에도가와 코난] 또는 [쿠도 신이치]를 공개했다면, 상대의 FILE 에리어에 있는 카드를 위에서 1장 앞면으로 한다.",【事件 青&緑】【宣言】【スリープ】手札から特徴[探偵]のキャラを1枚公開する:レベル7以下のキャラを1枚まで選び、リムーブする。この【宣言】能力のコストによってカード名[江戸川コナン]か[工藤新一]を公開していた場合、相手のFILEエリアにあるカードを上から1枚表向きにする。,공식 룰북 p.22 — 대상 절에 自分の/相手の 없음(「キャラを～枚まで選び」는 지정이 없으면 양쪽 현장): …レベル7以下のキャラを1枚まで,high
id_0951,毛利小五郎,0,0,ops.0,select,,any,【絆】【妃英理】【宣言】【ターン①】AP8000以下のスリープ状態のキャラを1枚まで選び、リムーブする。自分の現場にいるカード名[妃英理]を1枚まで選び、アクティブにする。,【인연】【키사키 에리】【선언】【턴①】AP8000 이하의 슬립 상태인 캐릭터를 1장까지 선택하고 리무브한다. 자신의 현장에 있는 카드명 [키사키 에리]를 1장까지 선택하고 액티브로 한다.,【絆】【妃英理】【宣言】【ターン1】AP8000以下のスリープ状態のキャラを1枚まで選び、リムーブする。自分の現場にいるカード名[妃英理]を1枚まで選び、アクティブにする。,공식 룰북 p.22 — 대상 절에 自分の/相手の 없음(「キャラを～枚まで選び」는 지정이 없으면 양쪽 현장): …8000以下のスリープ状態のキャラを1枚まで,high
id_0958,妃英理,0,0,ops.0,select,,any,"【絆】毛利小五郎 【登場時】LP1以上のキャラを1枚まで選び、スリープさせる。
【ターン①】自分の現場にいる、カード名［毛利小五郎］かAP8000以上のキャラがアクションしたとき、このキャラをスリープさせてもよい。そうした場合、レベル7以下のスリープ状態のキャラを1枚まで選び、リムーブする。","【인연】모리 코고로 【登場時】LP1 이상의 캐릭터를 1장까지 선택하여 슬리프시킨다.
【턴①】자신의 현장에 있는 카드명 [모리 코고로] 또는 AP8000 이상의 캐릭터가 액션했을 때, 이 캐릭터를 슬리프시켜도 된다. 그렇게 한 경우, 레벨 7 이하의 슬리프 상태의 캐릭터를 1장까지 선택하여 리무브한다.",【絆】毛利小五郎 【登場時】LP1以上のキャラを1枚まで選び、スリープさせる。,공식 룰북 p.22 — 대상 절에 自分の/相手の 없음(「キャラを～枚まで選び」는 지정이 없으면 양쪽 현장): …毛利小五郎 LP1以上のキャラを1枚まで,high
id_0958,妃英理,1,1,ops.1.ops.0,select,,any,"【絆】毛利小五郎 【登場時】LP1以上のキャラを1枚まで選び、スリープさせる。
【ターン①】自分の現場にいる、カード名［毛利小五郎］かAP8000以上のキャラがアクションしたとき、このキャラをスリープさせてもよい。そうした場合、レベル7以下のスリープ状態のキャラを1枚まで選び、リムーブする。","【인연】모리 코고로 【登場時】LP1 이상의 캐릭터를 1장까지 선택하여 슬리프시킨다.
【턴①】자신의 현장에 있는 카드명 [모리 코고로] 또는 AP8000 이상의 캐릭터가 액션했을 때, 이 캐릭터를 슬리프시켜도 된다. 그렇게 한 경우, 레벨 7 이하의 슬리프 상태의 캐릭터를 1장까지 선택하여 리무브한다.",【ターン1】自分の現場にいる、カード名[毛利小五郎]かAP8000以上のキャラがアクションしたとき、このキャラをスリープさせてもよい。そうした場合、レベル7以下のスリープ状態のキャラを1枚まで選び、リムーブする。,공식 룰북 p.22 — 대상 절에 自分の/相手の 없음(「キャラを～枚まで選び」는 지정이 없으면 양쪽 현장): …レベル7以下のスリープ状態のキャラを1枚まで,high
id_0964,「くさるなよ!」,0,1,ops.1.ops.1.ops.0,select,,any,自分のFILEエリアにあるカードを上から1枚リムーブし、自分の現場にいるカード名[結成 少年探偵団]を1枚リムーブしてもよい。そうした場合、自分のリムーブエリアにあるレベル4以下のそれぞれカード名の異なる特徴[少年探偵団]のキャラを5枚まで選び、スリープ状態で登場させる。この効果によってキャラが5枚登場した場合、キャラを1枚まで選び、リムーブする。このターン中、自分はネクストヒントできない。,"자신의 FILE 에리어에 있는 카드를 위에서 1장 리무브하고, 자신의 현장에 있는 카드명 [결성 소년탐정단]을 1장 리무브해도 된다. 그렇게 한 경우, 자신의 리무브 에리어에 있는 레벨 4 이하의 각각 카드명이 다른 특징 [소년탐정단]의 캐릭터를 5장까지 선택하여 슬리프 상태로 등장시킨다. 이 효과로 캐릭터가 5장 등장한 경우, 캐릭터를 1장까지 선택하여 리무브한다. 이 턴 중, 자신은 넥스트 힌트를 할 수 없다.",自分のFILEエリアにあるカードを上から1枚リムーブし、自分の現場にいるカード名[結成 少年探偵団]を1枚リムーブしてもよい。そうした場合、自分のリムーブエリアにあるレベル4以下のそれぞれカード名の異なる特徴[少年探偵団]のキャラを5枚まで選び、スリープ状態で登場させる。この効果によってキャラが5枚登場した場合、キャラを1枚まで選び、リムーブする。このターン中、自分はネクストヒントできない。,공식 룰북 p.22 — 원문 대상 절에 自分の/相手の 없음(양쪽 현장 선택 가능): 「キャラが5枚登場した場合、キャラを1枚まで選び、リムーブする」(앞 절의 自分の は 리무브 에리어 풀/登場 효과의 것),high
id_0965,服部平次,0,0,ops.0,select,,any,"【登場時】レベル8以下のキャラを1枚まで選び、リムーブする。
【事件 青&緑】【宣言】【ターン①】相手のFILEエリアにあるカードを上から1枚表向きにする。相手のFILEエリアにある1番上のカードがキャラの場合、キャラを1枚まで選び、ターン終了時までAP+1000する。","【등장 시】레벨 8 이하의 캐릭터를 1장까지 선택하고 리무브한다.
【사건 파랑&초록】【선언】【턴①】상대의 FILE 에리어에 있는 카드를 위에서 1장 앞면으로 한다. 상대의 FILE 에리어에 있는 맨 위 카드가 캐릭터인 경우, 캐릭터를 1장까지 선택하고 턴 종료 시까지 AP+1000 한다.",【登場時】レベル8以下のキャラを1枚まで選び、リムーブする。,공식 룰북 p.22 — 대상 절에 自分の/相手の 없음(「キャラを～枚まで選び」는 지정이 없으면 양쪽 현장): …レベル8以下のキャラを1枚まで,high
id_0965,服部平次,1,1,ops.1.ops.0,select,,any,"【登場時】レベル8以下のキャラを1枚まで選び、リムーブする。
【事件 青&緑】【宣言】【ターン①】相手のFILEエリアにあるカードを上から1枚表向きにする。相手のFILEエリアにある1番上のカードがキャラの場合、キャラを1枚まで選び、ターン終了時までAP+1000する。","【등장 시】레벨 8 이하의 캐릭터를 1장까지 선택하고 리무브한다.
【사건 파랑&초록】【선언】【턴①】상대의 FILE 에리어에 있는 카드를 위에서 1장 앞면으로 한다. 상대의 FILE 에리어에 있는 맨 위 카드가 캐릭터인 경우, 캐릭터를 1장까지 선택하고 턴 종료 시까지 AP+1000 한다.",【事件 青&緑】【宣言】【ターン1】相手のFILEエリアにあるカードを上から1枚表向きにする。相手のFILEエリアにある1番上のカードがキャラの場合、キャラを1枚まで選び、ターン終了時までAP+1000する。,공식 룰북 p.22 — 대상 절에 自分の/相手の 없음(「キャラを～枚まで選び」는 지정이 없으면 양쪽 현장): …キャラを1枚まで,high
id_0966,遠山和葉,0,1,ops.1.ops.0,select,,any,"【パートナー(緑)】【解決編】【登場時】自分の現場にいるレベル6以上の特徴[探偵]のキャラを1枚スリープさせ、手札を1枚リムーブしてもよい。そうした場合、レベル7以下のキャラを1枚まで選び、リムーブする。この効果によってカード名[服部平次]か[江戸川コナン]をスリープさせた場合、カードを1枚引く。
相手の現場にいるキャラがこのキャラとのコンタクトによってリムーブされたとき、カードを1枚引く。","【파트너(녹)】【해결편】【등장 시】자신의 현장에 있는 레벨 6 이상의 특징 [탐정] 캐릭터를 1장 슬립시키고, 손패를 1장 리무브해도 된다. 그렇게 한 경우, 레벨 7 이하의 캐릭터를 1장까지 골라 리무브한다. 이 효과로 카드명 [핫토리 헤이지] 또는 [에도가와 코난]을 슬립시킨 경우, 카드를 1장 뽑는다.
상대의 현장에 있는 캐릭터가 이 캐릭터와의 컨택트로 인해 리무브되었을 때, 카드를 1장 뽑는다.",【パートナー(緑)】【解決編】【登場時】自分の現場にいるレベル6以上の特徴[探偵]のキャラを1枚スリープさせ、手札を1枚リムーブしてもよい。そうした場合、レベル7以下のキャラを1枚まで選び、リムーブする。この効果によってカード名[服部平次]か[江戸川コナン]をスリープさせた場合、カードを1枚引く。,공식 룰북 p.22 — 대상 절에 自分の/相手の 없음(「キャラを～枚まで選び」는 지정이 없으면 양쪽 현장): …レベル7以下のキャラを1枚まで,high
id_0967,沖田総司,2,0,ops.0,select,,any,"突撃（名乗り状態でもアクションできる）
【事件】【青&緑】相手の現場にいるキャラがこのキャラとのコンタクトによってリムーブされたとき、相手のFILEエリアにあるカードを上から1枚表向きにする。
【ヒラメキ】（証拠からリムーブされるときに発動する）キャラを1枚まで選び、スリープさせる。","돌격 (등장한 상태에서도 액션할 수 있다)
【사건】【파랑&초록】 상대의 현장에 있는 캐릭터가 이 캐릭터와의 컨택트로 인해 리무브되었을 때, 상대의 FILE 에리어에 있는 카드를 위에서 1장 앞면으로 한다.
【히라메키】 (증거에서 리무브될 때 발동한다) 캐릭터를 1장까지 골라 슬리프시킨다.",【ヒラメキ】(証拠からリムーブされるときに発動する)キャラを1枚まで選び、スリープさせる。,공식 룰북 p.22 — 대상 절에 自分の/相手の 없음(「キャラを～枚まで選び」는 지정이 없으면 양쪽 현장): …キャラを1枚まで,high
id_0970,伊織無我,1,,ef,onallykill.ef,,self,"【絆】大岡紅葉 【自分ターン中】 AP+2000
【ターン①】相手の現場にいるキャラが自分の現場にいるカード名[伊織無我]とのコンタクトによってリムーブされたとき、自分のリムーブエリアにあるレベル6以下のカード名[大岡紅葉]を1枚まで選び、スリープ状態で登場させる。","【인연】오오카 모미지 【자신 턴 중】 AP+2000
【턴①】상대의 현장에 있는 캐릭터가 자신의 현장에 있는 카드명 [이오리 무가]와의 컨택트로 인해 리무브되었을 때, 자신의 리무브 에리어에 있는 레벨 6 이하의 카드명 [오오카 모미지]를 1장까지 선택하여 슬립 상태로 등장시킨다.",【ターン1】相手の現場にいるキャラが自分の現場にいるカード名[伊織無我]とのコンタクトによってリムーブされたとき、自分のリムーブエリアにあるレベル6以下のカード名[大岡紅葉]を1枚まで選び、スリープ状態で登場させる。,"ally 계열 트리거 + 원문 ""自分の現場にいる…"" (아군 대상)",high
id_0971,大岡紅葉,0,0,ops.0,select,,any,【宣言】【ターン①】現場にいるキャラに裏向きでセットされているカード1枚か、手札を1枚リムーブする:スリープ状態のキャラを1枚まで選び、スタンさせる。(スタン状態のキャラをアクティブにする場合、代わりにスリープさせる),"【선언】【턴①】현장에 있는 캐릭터에 뒷면으로 세트되어 있는 카드 1장이나 손패 1장을 리무브한다: 슬립 상태의 캐릭터를 1장까지 선택하여 스턴시킨다. (스턴 상태의 캐릭터를 액티브로 하는 경우, 대신 슬립시킨다)",【宣言】【ターン1】現場にいるキャラに裏向きでセットされているカード1枚か、手札を1枚リムーブする:スリープ状態のキャラを1枚まで選び、スタンさせる。(スタン状態のキャラをアクティブにする場合、代わりにスリープさせる),공식 룰북 p.22 — 대상 절에 自分の/相手の 없음(「キャラを～枚まで選び」는 지정이 없으면 양쪽 현장): …スリープ状態のキャラを1枚まで,high
id_0979,怪盗キッド,1,0,ops.0.ops.0,select,,any,"【登場時】手札からレベル8以下のキャラを1枚公開してもよい。そうした場合、ターン終了時までこのキャラのカード名を公開したキャラのカード名に書き換える。
【FILE⑤】【宣言】【ターン①】自分の現場にいるこのキャラと同じカード名のキャラの数につき、以下を行う。(上から順に行う)
【2枚以上】AP8000以下のキャラを1枚まで選び、デッキの下に移す。
【5枚以上】ターン終了時までこのキャラは突撃[事件]を持つ。","【등장 시】손패에서 레벨 8 이하의 캐릭터를 1장 공개해도 좋다. 그렇게 한 경우, 턴 종료 시까지 이 캐릭터의 카드명을 공개한 캐릭터의 카드명으로 바꿔 쓴다.
【FILE⑤】【선언】【턴①】자신의 현장에 있는 이 캐릭터와 같은 카드명의 캐릭터 수에 따라 이하를 행한다. (위에서부터 순서대로 행한다)
【2장 이상】AP 8000 이하의 캐릭터를 1장까지 선택하여 덱의 아래로 옮긴다.
【5장 이상】턴 종료 시까지 이 캐릭터는 돌격[사건]을 가진다.",【FILE5】【宣言】【ターン1】自分の現場にいるこのキャラと同じカード名のキャラの数につき、以下を行う。(上から順に行う),공식 룰북 p.22 — 대상 절에 自分の/相手の 없음(「キャラを～枚まで選び」는 지정이 없으면 양쪽 현장): …AP8000以下のキャラを1枚まで,high
id_0983,鈴木園子,0,2,ops.2.ops.0,select,,any,"【登場時】このキャラをスリープさせ、手札から特徴[鈴木財閥]のキャラを1枚リムーブしてもよい。そうした場合、リムーブしたカードのレベル以下のレベルのキャラを1枚まで選び、リムーブする。
【絆】京極真【宣言】【ターン①】相手の現場にいるレベル6以下のキャラを1枚まで選び、ターン終了時まで「このキャラはガードできる場合、必ずガードする。」を与える。","【登場時】 이 캐릭터를 슬립시키고, 손패에서 특징 [鈴木財閥]의 캐릭터를 1장 리무브해도 된다. 그렇게 한 경우, 리무브한 카드의 레벨 이하의 레벨인 캐릭터를 1장까지 선택하여 리무브한다.
【絆】京極真【선언】【턴①】 상대의 현장에 있는 레벨 6 이하의 캐릭터를 1장까지 선택하고, 턴 종료 시까지 ""이 캐릭터는 가드할 수 있는 경우, 반드시 가드한다.""를 부여한다.",【登場時】このキャラをスリープさせ、手札から特徴[鈴木財閥]のキャラを1枚リムーブしてもよい。そうした場合、リムーブしたカードのレベル以下のレベルのキャラを1枚まで選び、リムーブする。,공식 룰북 p.22 — 대상 절에 自分の/相手の 없음(「キャラを～枚まで選び」는 지정이 없으면 양쪽 현장): …カードのレベル以下のレベルのキャラを1枚まで,high
id_0984,京極真,2,0,ops.0,select,,any,"突撃（名乗り状態でもアクションできる）
このキャラのアクションがレベル6以下のキャラによってガードされたとき、アクション終了時までそのキャラに「このキャラはコンタクトによってリムーブされない。」を与える。
【宣言】【ターン①】レベル7以上のキャラを1枚まで選び、リムーブする。この能力は、このターン中にこのキャラのアクションがガードされていた場合に宣言できる。","돌격(명명 상태에서도 액션할 수 있다)
이 캐릭터의 액션이 레벨 6 이하의 캐릭터에게 가드되었을 때, 액션 종료 시까지 그 캐릭터에게 「이 캐릭터는 컨택트에 의해 리무브되지 않는다.」를 부여한다.
【선언】【턴①】레벨 7 이상의 캐릭터를 1장까지 선택하여 리무브한다. 이 능력은 이번 턴 중에 이 캐릭터의 액션이 가드되었을 경우에 선언할 수 있다.",【宣言】【ターン1】レベル7以上のキャラを1枚まで選び、リムーブする。この能力は、このターン中にこのキャラのアクションがガードされていた場合に宣言できる。,공식 룰북 p.22 — 대상 절에 自分の/相手の 없음(「キャラを～枚まで選び」는 지정이 없으면 양쪽 현장): …レベル7以上のキャラを1枚まで,high
id_0989,鈴木次郎吉,0,1,ops.1.ops.0,select,,any,【登場時】自分の現場にこのキャラ以外の特徴[鈴木財閥]のキャラがいる場合、カードを1枚引く。自分の現場に特徴[探偵]のキャラがいる場合、レベル7以下のキャラを1枚まで選び、スタンさせる。(スタン状態のキャラをアクティブにする場合、代わりにスリープさせる),"【등장 시】자신의 현장에 이 캐릭터 이외의 특징[스즈키 재벌]의 캐릭터가 있는 경우, 카드를 1장 뽑는다. 자신의 현장에 특징[탐정]의 캐릭터가 있는 경우, 레벨 7 이하의 캐릭터를 1장까지 골라 스턴시킨다. (스턴 상태의 캐릭터를 액티브로 하는 경우, 대신 슬립시킨다)",【登場時】自分の現場にこのキャラ以外の特徴[鈴木財閥]のキャラがいる場合、カードを1枚引く。自分の現場に特徴[探偵]のキャラがいる場合、レベル7以下のキャラを1枚まで選び、スタンさせる。(スタン状態のキャラをアクティブにする場合、代わりにスリープさせる),공식 룰북 p.22 — 대상 절에 自分の/相手の 없음(「キャラを～枚まで選び」는 지정이 없으면 양쪽 현장): …レベル7以下のキャラを1枚まで,high
id_0990,闇の男爵,0,0,ops.0.opts.1.ops.0.ops.0,select,,any,"このキャラが推理かアクションしたとき、以下から1つ選んで行う。
・自分のリムーブエリアにあるレベル4以下の【青】か【白】のキャラを1枚まで選び、登場させる。
・自分のパートナーエリアに色を2つ以上持つMRのキャラがいる場合、キャラを1枚まで選び、スタンさせ、カードを1枚引く。","이 캐릭터가 추리 또는 액션했을 때, 아래에서 1개를 선택해 실행한다.
・자신의 리무브 에리어에 있는 레벨 4 이하의 【청】 또는 【백】 캐릭터를 1장까지 선택하여 登場시킨다.
・자신의 파트너 에리어에 색을 2개 이상 가진 MR 캐릭터가 있는 경우, 캐릭터를 1장까지 선택해 스턴시키고 카드를 1장 뽑는다.","このキャラが推理かアクションしたとき、以下から1つ選んで行う。
・自分のリムーブエリアにあるレベル4以下の【青】か【白】のキャラを1枚まで選び、登場させる。
・自分のパートナーエリアに色を2つ以上持つMRのキャラがいる場合、キャラを1枚まで選び、スタンさせ、カードを1枚引く。",공식 룰북 p.22 — 대상 절에 自分の/相手の 없음(「キャラを～枚まで選び」는 지정이 없으면 양쪽 현장): …キャラを1枚まで,high
id_0990,闇の男爵,1,0,ops.0.opts.1.ops.0.ops.0,select,,any,"このキャラが推理かアクションしたとき、以下から1つ選んで行う。
・自分のリムーブエリアにあるレベル4以下の【青】か【白】のキャラを1枚まで選び、登場させる。
・自分のパートナーエリアに色を2つ以上持つMRのキャラがいる場合、キャラを1枚まで選び、スタンさせ、カードを1枚引く。","이 캐릭터가 추리 또는 액션했을 때, 아래에서 1개를 선택해 실행한다.
・자신의 리무브 에리어에 있는 레벨 4 이하의 【청】 또는 【백】 캐릭터를 1장까지 선택하여 登場시킨다.
・자신의 파트너 에리어에 색을 2개 이상 가진 MR 캐릭터가 있는 경우, 캐릭터를 1장까지 선택해 스턴시키고 카드를 1장 뽑는다.","このキャラが推理かアクションしたとき、以下から1つ選んで行う。
・自分のリムーブエリアにあるレベル4以下の【青】か【白】のキャラを1枚まで選び、登場させる。
・自分のパートナーエリアに色を2つ以上持つMRのキャラがいる場合、キャラを1枚まで選び、スタンさせ、カードを1枚引く。",공식 룰북 p.22 — 대상 절에 自分の/相手の 없음(「キャラを～枚まで選び」는 지정이 없으면 양쪽 현장): …キャラを1枚まで,high
id_0991,中森銀三,1,0,ops.0,select,,any,"【登場時】手札を1枚リムーブしてもよい。そうした場合、自分のリムーブエリアにあるレベル6以下の【黄】の特徴[警察]のキャラを1枚まで選び、スリープ状態で登場させる。
【事件(白&黄)】【宣言】現場にいるレベル6以上の【黄】の特徴[警察]のキャラを1枚このキャラの下に重ねる:レベル6以下のキャラを1枚まで選び、リムーブする。","【등장 시】 손패를 1장 리무브해도 좋다. 그렇게 한 경우, 자신의 리무브 에리어에 있는 레벨 6 이하의 【노랑】 특징 [경찰] 캐릭터를 1장까지 선택하여 슬리프 상태로 등장시킨다.
【사건(흰&노랑)】【선언】 현장에 있는 레벨 6 이상의 【노랑】 특징 [경찰] 캐릭터를 1장 이 캐릭터 아래에 겹쳐 놓는다: 레벨 6 이하의 캐릭터를 1장까지 선택하여 리무브한다.",【事件(白&黄)】【宣言】現場にいるレベル6以上の【黄】の特徴[警察]のキャラを1枚このキャラの下に重ねる:レベル6以下のキャラを1枚まで選び、リムーブする。,공식 룰북 p.22 — 대상 절에 自分の/相手の 없음(「キャラを～枚まで選び」는 지정이 없으면 양쪽 현장): …レベル6以下のキャラを1枚まで,high
id_0993,白馬探,0,0,ops.0,select,,any,【宣言】【ターン①】手札を1枚リムーブする：この【宣言】能力のコストによってリムーブしたカードのレベル以下のレベルの特徴［探偵］のキャラを1枚まで選び、スタンさせる。(スタン状態のキャラをアクティブにする場合、代わりにスリープさせる),"【선언】【턴①】손패를 1장 리무브한다: 이 【선언】 능력의 코스트로 리무브한 카드의 레벨 이하의 레벨을 가진 특징[탐정] 캐릭터를 1장까지 선택하여 스턴시킨다. (스턴 상태의 캐릭터를 액티브로 하는 경우, 대신 슬립시킨다)",【宣言】【ターン1】手札を1枚リムーブする:この【宣言】能力のコストによってリムーブしたカードのレベル以下のレベルの特徴[探偵]のキャラを1枚まで選び、スタンさせる。(スタン状態のキャラをアクティブにする場合、代わりにスリープさせる),공식 룰북 p.22 — 대상 절에 自分の/相手の 없음(「キャラを～枚まで選び」는 지정이 없으면 양쪽 현장): …以下のレベルの特徴[探偵]のキャラを1枚まで,high
id_0996,赤井秀一&世良真純,0,0,ops.0,select,,any,"【宣言】【ターン①】AP9000以下のキャラを1枚まで選び、リムーブする。この能力は自分の現場に特徴[赤井家]のキャラが3枚以上いる場合に宣言できる。
【宣言】【ターン①】自分の現場にいる特徴[赤井家]のアクティブ状態のキャラを1枚まで選び、相手のターン終了時まで「このキャラはスリープ状態でもガードできる。」を与える。この能力はパートナーエリアでも宣言できる。
【カットイン】AP+2000
【MR能力】相手ターン中に現場を離れる場合、パートナーエリアに移動する。
自分の現場にMRが登場する場合、リムーブする。","【선언】【턴①】AP9000 이하의 캐릭터를 1장까지 선택하여 리무브한다. 이 능력은 자신의 현장에 특징[아카이 가문]의 캐릭터가 3장 이상 있는 경우에 선언할 수 있다.
【선언】【턴①】자신의 현장에 있는 특징[아카이 가문]의 액티브 상태 캐릭터를 1장까지 선택하여, 상대의 턴 종료 시까지 ""이 캐릭터는 슬립 상태에서도 가드할 수 있다.""를 부여한다. 이 능력은 파트너 에리어에서도 선언할 수 있다.
【컷인】AP+2000
【MR 능력】상대 턴 중에 현장을 떠나는 경우, 파트너 에리어로 이동한다.
자신의 현장에 MR이 등장하는 경우, 리무브한다.",【宣言】【ターン1】AP9000以下のキャラを1枚まで選び、リムーブする。この能力は自分の現場に特徴[赤井家]のキャラが3枚以上いる場合に宣言できる。,공식 룰북 p.22 — 대상 절에 自分の/相手の 없음(「キャラを～枚まで選び」는 지정이 없으면 양쪽 현장): …AP9000以下のキャラを1枚まで,high
id_0997,世良真純,0,0,ops.0,select,,any,"【登場時】レベル7以下のキャラを1枚まで選び、リムーブする。
【パートナー(赤)】【FILE 8】【宣言】【スリープ】手札からカード名[赤井秀一]を1枚リムーブする:このキャラをリムーブし、自分のパートナーエリアかリムーブエリアにあるカード名[赤井秀一&世良真純]を1枚まで選び、登場させる。","【등장 시】레벨 7 이하의 캐릭터를 1장까지 선택하여 리무브한다.
【파트너(적)】【FILE 8】【선언】【슬리프】손패에서 카드명 [아카이 슈이치]를 1장 리무브한다: 이 캐릭터를 리무브하고, 자신의 파트너 에리어나 리무브 에리어에 있는 카드명 [아카이 슈이치&세라 마스미]를 1장까지 선택하여 등장시킨다.",【登場時】レベル7以下のキャラを1枚まで選び、リムーブする。,공식 룰북 p.22 — 대상 절에 自分の/相手の 없음(「キャラを～枚まで選び」는 지정이 없으면 양쪽 현장): …レベル7以下のキャラを1枚まで,high
id_0998,赤井秀一,0,1,ops.1.ops.0,select,,any,"【事件(赤&黒)】【パートナー(赤)】【登場時】このキャラをスリープさせてもよい。そうした場合、レベル8以下のキャラを1枚まで選び、リムーブし、以下から1つ選んで行う。
・痕跡[発見済み]の(このゲーム中に相手がリフレッシュしていた)場合、自分のリムーブエリアにあるレベル3以下の【黒】のキャラを1枚まで選び、スリープ状態で登場させる。
・痕跡[未発見]の場合、相手の現場にいるキャラ1枚につき、相手のデッキのカードを上から2枚リムーブする。","【사건(적&흑)】【파트너(적)】【등장 시】이 캐릭터를 슬립시켜도 된다. 그렇게 한 경우, 레벨 8 이하의 캐릭터를 1장까지 골라 리무브하고, 아래에서 1개를 골라 실행한다.
・흔적[발견됨]이고 (이번 게임 중에 상대가 리프레시했던) 경우, 자신의 리무브 에리어에 있는 레벨 3 이하의 【흑】 캐릭터를 1장까지 골라 슬립 상태로 등장시킨다.
・흔적[미발견]인 경우, 상대의 현장에 있는 캐릭터 1장당 상대의 덱 카드를 위에서 2장 리무브한다.","【事件(赤&黒)】【パートナー(赤)】【登場時】このキャラをスリープさせてもよい。そうした場合、レベル8以下のキャラを1枚まで選び、リムーブし、以下から1つ選んで行う。
・痕跡[発見済み]の(このゲーム中に相手がリフレッシュしていた)場合、自分のリムーブエリアにあるレベル3以下の【黒】のキャラを1枚まで選び、スリープ状態で登場させる。
・痕跡[未発見]の場合、相手の現場にいるキャラ1枚につき、相手のデッキのカードを上から2枚リムーブする。",공식 룰북 p.22 — 대상 절에 自分の/相手の 없음(「キャラを～枚まで選び」는 지정이 없으면 양쪽 현장): …レベル8以下のキャラを1枚まで,high
id_1008,メアリー,0,0,ops.0.ops.0,select,,any,"【登場時】自分の現場にこのキャラ以外の特徴［赤井家］のキャラがいる場合、キャラを1枚まで選び、スリープさせる。
【パートナー(赤)】自分のターン終了時、このキャラがスリープ状態の場合、カードを1枚引き、手札を1枚リムーブする。","【등장 시】자신의 현장에 이 캐릭터 이외의 특징 [아카이 가문]의 캐릭터가 있는 경우, 캐릭터를 1장까지 선택하여 슬립시킨다.
【파트너(적)】자신의 턴 종료 시, 이 캐릭터가 슬립 상태인 경우, 카드를 1장 뽑고 손패를 1장 리무브한다.",【登場時】自分の現場にこのキャラ以外の特徴[赤井家]のキャラがいる場合、キャラを1枚まで選び、スリープさせる。,공식 룰북 p.22 — 대상 절에 自分の/相手の 없음(「キャラを～枚まで選び」는 지정이 없으면 양쪽 현장): …キャラを1枚まで,high
id_1009,「よしキャメル…走れ!!」,0,1,ops.1.ops.0,select,,any,"以下から1つ選んで行う。手札からカード名［アンドレ・キャメル］を1枚リムーブしてもよい。そうした場合、代わりに3つとも行う。(上から順に行う)
・キャラを1枚まで選び、ターン終了時まで突撃［キャラ］を与える。
・キャラを1枚まで選び、ターン終了時まで突撃［事件］を与える。
・キャラを1枚まで選び、ターン終了時までブレットを与える。","아래에서 1개를 선택하여 실행한다. 손패에서 카드명 [안드레 캐멀]을 1장 리무브해도 된다. 그렇게 한 경우, 대신 3개 모두 실행한다. (위에서부터 순서대로 실행)
・캐릭터를 1장까지 선택하고, 턴 종료 시까지 돌격[캐릭터]를 부여한다.
・캐릭터를 1장까지 선택하고, 턴 종료 시까지 돌격[사건]을 부여한다.
・캐릭터를 1장까지 선택하고, 턴 종료 시까지 블렛을 부여한다.","以下から1つ選んで行う。手札からカード名[アンドレ・キャメル]を1枚リムーブしてもよい。そうした場合、代わりに3つとも行う。(上から順に行う)
・キャラを1枚まで選び、ターン終了時まで突撃[キャラ]を与える。
・キャラを1枚まで選び、ターン終了時まで突撃[事件]を与える。
・キャラを1枚まで選び、ターン終了時までバレットを与える。",공식 룰북 p.22 — 대상 절에 自分の/相手の 없음(「キャラを～枚まで選び」는 지정이 없으면 양쪽 현장): …キャラを1枚まで,high
id_1009,「よしキャメル…走れ!!」,0,1,ops.1.ops.1,select,,any,"以下から1つ選んで行う。手札からカード名［アンドレ・キャメル］を1枚リムーブしてもよい。そうした場合、代わりに3つとも行う。(上から順に行う)
・キャラを1枚まで選び、ターン終了時まで突撃［キャラ］を与える。
・キャラを1枚まで選び、ターン終了時まで突撃［事件］を与える。
・キャラを1枚まで選び、ターン終了時までブレットを与える。","아래에서 1개를 선택하여 실행한다. 손패에서 카드명 [안드레 캐멀]을 1장 리무브해도 된다. 그렇게 한 경우, 대신 3개 모두 실행한다. (위에서부터 순서대로 실행)
・캐릭터를 1장까지 선택하고, 턴 종료 시까지 돌격[캐릭터]를 부여한다.
・캐릭터를 1장까지 선택하고, 턴 종료 시까지 돌격[사건]을 부여한다.
・캐릭터를 1장까지 선택하고, 턴 종료 시까지 블렛을 부여한다.","以下から1つ選んで行う。手札からカード名[アンドレ・キャメル]を1枚リムーブしてもよい。そうした場合、代わりに3つとも行う。(上から順に行う)
・キャラを1枚まで選び、ターン終了時まで突撃[キャラ]を与える。
・キャラを1枚まで選び、ターン終了時まで突撃[事件]を与える。
・キャラを1枚まで選び、ターン終了時までバレットを与える。",공식 룰북 p.22 — 대상 절에 自分の/相手の 없음(「キャラを～枚まで選び」는 지정이 없으면 양쪽 현장): …キャラを1枚まで,high
id_1009,「よしキャメル…走れ!!」,0,1,ops.1.ops.2,select,,any,"以下から1つ選んで行う。手札からカード名［アンドレ・キャメル］を1枚リムーブしてもよい。そうした場合、代わりに3つとも行う。(上から順に行う)
・キャラを1枚まで選び、ターン終了時まで突撃［キャラ］を与える。
・キャラを1枚まで選び、ターン終了時まで突撃［事件］を与える。
・キャラを1枚まで選び、ターン終了時までブレットを与える。","아래에서 1개를 선택하여 실행한다. 손패에서 카드명 [안드레 캐멀]을 1장 리무브해도 된다. 그렇게 한 경우, 대신 3개 모두 실행한다. (위에서부터 순서대로 실행)
・캐릭터를 1장까지 선택하고, 턴 종료 시까지 돌격[캐릭터]를 부여한다.
・캐릭터를 1장까지 선택하고, 턴 종료 시까지 돌격[사건]을 부여한다.
・캐릭터를 1장까지 선택하고, 턴 종료 시까지 블렛을 부여한다.","以下から1つ選んで行う。手札からカード名[アンドレ・キャメル]を1枚リムーブしてもよい。そうした場合、代わりに3つとも行う。(上から順に行う)
・キャラを1枚まで選び、ターン終了時まで突撃[キャラ]を与える。
・キャラを1枚まで選び、ターン終了時まで突撃[事件]を与える。
・キャラを1枚まで選び、ターン終了時までバレットを与える。",공식 룰북 p.22 — 대상 절에 自分の/相手の 없음(「キャラを～枚まで選び」는 지정이 없으면 양쪽 현장): …キャラを1枚まで,high
id_1009,「よしキャメル…走れ!!」,0,1,ops.1.else.0.opts.0.ops.0,select,,any,"以下から1つ選んで行う。手札からカード名［アンドレ・キャメル］を1枚リムーブしてもよい。そうした場合、代わりに3つとも行う。(上から順に行う)
・キャラを1枚まで選び、ターン終了時まで突撃［キャラ］を与える。
・キャラを1枚まで選び、ターン終了時まで突撃［事件］を与える。
・キャラを1枚まで選び、ターン終了時までブレットを与える。","아래에서 1개를 선택하여 실행한다. 손패에서 카드명 [안드레 캐멀]을 1장 리무브해도 된다. 그렇게 한 경우, 대신 3개 모두 실행한다. (위에서부터 순서대로 실행)
・캐릭터를 1장까지 선택하고, 턴 종료 시까지 돌격[캐릭터]를 부여한다.
・캐릭터를 1장까지 선택하고, 턴 종료 시까지 돌격[사건]을 부여한다.
・캐릭터를 1장까지 선택하고, 턴 종료 시까지 블렛을 부여한다.","以下から1つ選んで行う。手札からカード名[アンドレ・キャメル]を1枚リムーブしてもよい。そうした場合、代わりに3つとも行う。(上から順に行う)
・キャラを1枚まで選び、ターン終了時まで突撃[キャラ]を与える。
・キャラを1枚まで選び、ターン終了時まで突撃[事件]を与える。
・キャラを1枚まで選び、ターン終了時までバレットを与える。",공식 룰북 p.22 — 대상 절에 自分の/相手の 없음(「キャラを～枚まで選び」는 지정이 없으면 양쪽 현장): …キャラを1枚まで,high
id_1009,「よしキャメル…走れ!!」,0,1,ops.1.else.0.opts.1.ops.0,select,,any,"以下から1つ選んで行う。手札からカード名［アンドレ・キャメル］を1枚リムーブしてもよい。そうした場合、代わりに3つとも行う。(上から順に行う)
・キャラを1枚まで選び、ターン終了時まで突撃［キャラ］を与える。
・キャラを1枚まで選び、ターン終了時まで突撃［事件］を与える。
・キャラを1枚まで選び、ターン終了時までブレットを与える。","아래에서 1개를 선택하여 실행한다. 손패에서 카드명 [안드레 캐멀]을 1장 리무브해도 된다. 그렇게 한 경우, 대신 3개 모두 실행한다. (위에서부터 순서대로 실행)
・캐릭터를 1장까지 선택하고, 턴 종료 시까지 돌격[캐릭터]를 부여한다.
・캐릭터를 1장까지 선택하고, 턴 종료 시까지 돌격[사건]을 부여한다.
・캐릭터를 1장까지 선택하고, 턴 종료 시까지 블렛을 부여한다.","以下から1つ選んで行う。手札からカード名[アンドレ・キャメル]を1枚リムーブしてもよい。そうした場合、代わりに3つとも行う。(上から順に行う)
・キャラを1枚まで選び、ターン終了時まで突撃[キャラ]を与える。
・キャラを1枚まで選び、ターン終了時まで突撃[事件]を与える。
・キャラを1枚まで選び、ターン終了時までバレットを与える。",공식 룰북 p.22 — 대상 절에 自分の/相手の 없음(「キャラを～枚まで選び」는 지정이 없으면 양쪽 현장): …キャラを1枚まで,high
id_1009,「よしキャメル…走れ!!」,0,1,ops.1.else.0.opts.2.ops.0,select,,any,"以下から1つ選んで行う。手札からカード名［アンドレ・キャメル］を1枚リムーブしてもよい。そうした場合、代わりに3つとも行う。(上から順に行う)
・キャラを1枚まで選び、ターン終了時まで突撃［キャラ］を与える。
・キャラを1枚まで選び、ターン終了時まで突撃［事件］を与える。
・キャラを1枚まで選び、ターン終了時までブレットを与える。","아래에서 1개를 선택하여 실행한다. 손패에서 카드명 [안드레 캐멀]을 1장 리무브해도 된다. 그렇게 한 경우, 대신 3개 모두 실행한다. (위에서부터 순서대로 실행)
・캐릭터를 1장까지 선택하고, 턴 종료 시까지 돌격[캐릭터]를 부여한다.
・캐릭터를 1장까지 선택하고, 턴 종료 시까지 돌격[사건]을 부여한다.
・캐릭터를 1장까지 선택하고, 턴 종료 시까지 블렛을 부여한다.","以下から1つ選んで行う。手札からカード名[アンドレ・キャメル]を1枚リムーブしてもよい。そうした場合、代わりに3つとも行う。(上から順に行う)
・キャラを1枚まで選び、ターン終了時まで突撃[キャラ]を与える。
・キャラを1枚まで選び、ターン終了時まで突撃[事件]を与える。
・キャラを1枚まで選び、ターン終了時までバレットを与える。",공식 룰북 p.22 — 대상 절에 自分の/相手の 없음(「キャラを～枚まで選び」는 지정이 없으면 양쪽 현장): …キャラを1枚まで,high
id_1010,萩原千速&萩原研二,1,0,ops.0,select,,any,"【疾風】自分のリムーブエリアにある、レベル6以下の特徴[神奈川県警]のキャラか【疾風】を持つレベル6以下のキャラを1枚まで選び、手札に加える。(自分の現場にこのターンで1番に登場したときに発動する)
【パートナー(黄)】【宣言】【スリープ】:レベル9以下のキャラを1枚まで選び、リムーブする。
自分のターン終了時、自分の現場にいるこのターン中に【疾風】を発動していたすべてのキャラをアクティブにする。この能力はパートナーエリアでも発動する。
【カットイン】AP+2000
【MR能力】
相手ターン中に現場を離れる場合、パートナーエリアに移動する。
自分の現場にMRが登場する場合、リムーブする。","【질풍】 자신의 리무브 에리어에 있는 레벨 6 이하의 특징[가나가와현경]의 캐릭터 또는 【질풍】을 가진 레벨 6 이하의 캐릭터를 1장까지 선택하여 손패에 넣는다. (자신의 현장에 이번 턴에 가장 먼저 등장했을 때 발동한다)
【파트너(노랑)】【선언】【슬립】: 레벨 9 이하의 캐릭터를 1장까지 선택하여 리무브한다.
자신의 턴 종료 시, 자신의 현장에 있는 이번 턴 중에 【질풍】을 발동했던 모든 캐릭터를 액티브로 만든다. 이 능력은 파트너 에리어에서도 발동한다.
【컷인】 AP+2000
【MR 능력】
상대 턴 중에 현장을 떠나는 경우, 파트너 에리어로 이동한다.
자신의 현장에 MR이 등장하는 경우, 리무브한다.",【パートナー(黄)】【宣言】【スリープ】:レベル9以下のキャラを1枚まで選び、リムーブする。,공식 룰북 p.22 — 대상 절에 自分の/相手の 없음(「キャラを～枚まで選び」는 지정이 없으면 양쪽 현장): …レベル9以下のキャラを1枚まで,high
id_1011,萩原千速,1,0,ops.0,select,,any,"【パートナー(黄)】【突撃】
【疾風】ターン終了時までこのキャラは「このキャラは相手の現場にいるアクティブ状態のキャラを指定してアクションできる。」を持つ。(自分の現場にこのターンで1番に登場したときに発動する)
【ターン①】相手の現場にいるキャラがこのキャラとのコンタクトによってリムーブされたとき、キャラを1枚まで選び、スリープさせる。","【파트너(황)】【돌격】
【질풍】턴 종료 시까지 이 캐릭터는 ""이 캐릭터는 상대 현장에 있는 액티브 상태의 캐릭터를 지정해서 액션할 수 있다.""를 가진다. (자신의 현장에 이번 턴 가장 먼저 등장했을 때 발동한다)
【턴①】상대 현장에 있는 캐릭터가 이 캐릭터와의 콘택트로 인해 리무브되었을 때, 캐릭터를 1장까지 골라 슬리프시킨다.",【ターン1】相手の現場にいるキャラがこのキャラとのコンタクトによってリムーブされたとき、キャラを1枚まで選び、スリープさせる。,공식 룰북 p.22 — 대상 절에 自分の/相手の 없음(「キャラを～枚まで選び」는 지정이 없으면 양쪽 현장): …キャラを1枚まで,high
id_1012,横溝重悟,1,0,ops.0,select,,any,"【登場時】このターン中、自分のキャラの【疾風】が発動していた場合、自分のデッキのカードを上から2枚リムーブし、カードを1枚引く。
【宣言】【ターン①】【スリープ】手札を1枚リムーブする:特徴［神奈川県警］のキャラを1枚まで選び、アクティブにし、ターン終了時まで「このキャラは推理できない。」を与える。
【ヒラメキ】(証拠からリムーブされるときに発動する)カードを1枚引く。","【등장 시】이번 턴 중, 자신의 캐릭터의【질풍】이 발동했었다면, 자신의 덱 카드를 위에서 2장 리무브하고, 카드를 1장 뽑는다.
【선언】【턴①】【슬리프】손패를 1장 리무브한다: 특징［가나가와현경］의 캐릭터를 1장까지 선택하여 액티브로 하고, 턴 종료 시까지 「이 캐릭터는 추리할 수 없다.」를 부여한다.
【히라메키】(증거에서 리무브될 때 발동한다) 카드를 1장 뽑는다.",【宣言】【ターン1】【スリープ】手札を1枚リムーブする:特徴[神奈川県警]のキャラを1枚まで選び、アクティブにし、ターン終了時まで「このキャラは推理できない。」を与える。,공식 룰북 p.22 — 대상 절에 自分の/相手の 없음(「キャラを～枚まで選び」는 지정이 없으면 양쪽 현장): …特徴[神奈川県警]のキャラを1枚まで,high
id_1013,萩原研二,0,0,ops.0,select,,any,"【宣言】【スリープ】:AP8000以下のキャラを1枚まで選び、リムーブする。この能力は自分の現場に【疾風】を持つキャラがいる場合に宣言できる。
【相手ターン中】【現場リムーブ時】自分のデッキのカードを上から3枚見る。その中から【疾風】を持つキャラを1枚まで公開して手札に加え、残りをリムーブエリアに移す。レベル8以上のカードを手札に加えた場合、手札を1枚リムーブする。","【선언】【슬립】: AP8000 이하의 캐릭터를 1장까지 선택해 리무브한다. 이 능력은 자신의 현장에 【질풍】을 가진 캐릭터가 있는 경우에 선언할 수 있다.
【상대 턴 중】【현장 리무브 시】 자신의 덱 위에서 카드를 3장 본다. 그중에서 【질풍】을 가진 캐릭터를 1장까지 공개하여 손패에 더하고, 나머지는 리무브 에리어로 옮긴다. 레벨 8 이상의 카드를 손패에 더한 경우, 손패를 1장 리무브한다.",【宣言】【スリープ】:AP8000以下のキャラを1枚まで選び、リムーブする。この能力は自分の現場に【疾風】を持つキャラがいる場合に宣言できる。,공식 룰북 p.22 — 대상 절에 自分の/相手の 없음(「キャラを～枚まで選び」는 지정이 없으면 양쪽 현장): …AP8000以下のキャラを1枚まで,high
id_1015,宮本由美,1,0,ops.0,select,,any,"【解決編】【疾風】自分のリムーブエリアにあるレベル6以下の特徴［警察］のキャラを1枚まで選び、登場させる。(自分の現場にこのターンで1番に登場したときに発動する)
【宣言】【スリープ】:特徴［警察］のキャラを1枚まで選び、ターン終了時までAP+2000する。","【해결편】【질풍】자신의 리무브 에리어에 있는 레벨 6 이하의 특징 [경찰] 캐릭터를 1장까지 선택하여 등장시킨다. (자신의 현장에 이번 턴에 가장 먼저 등장했을 때 발동한다)
【선언】【슬립】: 특징 [경찰] 캐릭터를 1장까지 선택하고, 턴 종료 시까지 AP+2000 한다.",【宣言】【スリープ】:特徴[警察]のキャラを1枚まで選び、ターン終了時までAP+2000する。,공식 룰북 p.22 — 대상 절에 自分の/相手の 없음(「キャラを～枚まで選び」는 지정이 없으면 양쪽 현장): …特徴[警察]のキャラを1枚まで,high
id_1018,榎本梓,1,,ef,onally.ef,,self,"【事件編】【登場時】自分のデッキのカードを上から3枚見る。その中から【白】か【黄】のキャラを1枚までと【白】か【黄】のイベントを1枚まで公開して手札に加え、残りをリムーブエリアに移す。カードを手札に2枚加えた場合、手札を1枚リムーブする。
【解決編】【自分ターン中】【ターン①】このキャラかカード名[安室透]か[怪盗キッド]が自分の現場に登場したとき、相手の現場にいるキャラを1枚まで選び、ターン終了時までレベル－1する。","【사건편】【등장 시】자신의 덱 카드를 위에서 3장 본다. 그중에서 【백】 또는 【황】 캐릭터를 1장까지와 【백】 또는 【황】 이벤트를 1장까지 공개하여 손패에 더하고, 나머지는 리무브 에리어로 옮긴다. 카드를 손패에 2장 더한 경우, 손패를 1장 리무브한다.
【해결편】【자신의 턴 중】【턴①】이 캐릭터나 카드명 [아무로 토오루] 또는 [괴도 키드]가 자신의 현장에 등장했을 때, 상대의 현장에 있는 캐릭터를 1장까지 선택하고, 턴 종료 시까지 레벨 -1 한다.",【解決編】【自分ターン中】【ターン①】このキャラかカード名[安室透]か[怪盗キッド]が自分の現場に登場したとき、相手の現場にいるキャラを1枚まで選び、ターン終了時までレベル－1する。,"ally 계열 트리거 + 원문 ""自分の現場にいる…"" (아군 대상)",high
id_1021,知苑大哉,1,1,ops.1.ops.0,select,,any,"【登場時】手札を1枚リムーブしてもよい。そうした場合、自分のリムーブエリアにあるカード名[知苑禄江]を1枚まで選び、登場させる。
【ヒラメキ】手札を1枚リムーブしてもよい。そうした場合、アクション中のキャラを1枚まで選び、スタンさせる。","【등장 시】 손패를 1장 리무브해도 된다. 그렇게 한 경우, 자신의 리무브 에리어에 있는 카드명 [치엔 로쿠에]를 1장까지 선택하여 등장시킨다.
【히라메키】 손패를 1장 리무브해도 된다. 그렇게 한 경우, 액션 중인 캐릭터를 1장까지 선택하여 스턴시킨다.",【ヒラメキ】手札を1枚リムーブしてもよい。そうした場合、アクション中のキャラを1枚まで選び、スタンさせる。,"대상이 コンタクト中/アクション中 의 카드로 참조 지정됨(원문 ""そのキャラ"") — 소유자는 참조가 정함",high
id_1022,知苑禄江,0,0,ops.0,select,,any,【宣言】【スリープ】現場にいるカード名［知苑大哉］を1枚スリープさせる：レベル8以下のキャラを1枚まで選び、スタンさせる。(スタン状態のキャラをアクティブにする場合、代わりにスリープさせる),"【선언】【슬립】현장에 있는 카드명 [知苑大哉]를 1장 슬립시킨다: 레벨 8 이하의 캐릭터를 1장까지 선택하여 스턴시킨다. (스턴 상태의 캐릭터를 액티브로 하는 경우, 대신 슬립시킨다)",【宣言】【スリープ】現場にいるカード名[知苑大哉]を1枚スリープさせる:レベル8以下のキャラを1枚まで選び、スタンさせる。(スタン状態のキャラをアクティブにする場合、代わりにスリープさせる),공식 룰북 p.22 — 대상 절에 自分の/相手の 없음(「キャラを～枚まで選び」는 지정이 없으면 양쪽 현장): …レベル8以下のキャラを1枚まで,high
id_1026,諸伏高明,0,,sf,ontrig.sf,,self,このキャラのコンタクト中に自分がカード名[諸伏景光]か特徴[長野県警]のキャラの【N】カットインを使用したとき、そのコンタクト中、このキャラをAP+2000する。,"이 캐릭터의 컨택트 중에 자신이 카드명 [모로후시 히로미쓰] 또는 특징 [나가노현경]의 캐릭터의 【N】 컷인을 사용했을 때, 그 컨택트 중 이 캐릭터를 AP+2000 한다.",このキャラのコンタクト中に自分がカード名[諸伏景光]か特徴[長野県警]のキャラの【N】カットインを使用したとき、そのコンタクト中、このキャラをAP+2000する。,트리거의 who=self(원문이 정한 행동 주체)와 동일한 쪽,high
id_1028,横溝参悟,0,0,ops.0,select,,any,"【宣言】【ターン①】青か黄のキャラを1枚まで選び、ターン終了時までAP+1000する。
【ヒラメキ】自分のリムーブエリアにあるカード名[横溝重悟]か[毛利小五郎]を1枚まで選び、手札に加える。","【선언】【턴①】 파랑 또는 노랑 캐릭터를 1장까지 선택하고, 턴 종료 시까지 AP+1000 한다.
【히라메키】 자신의 리무브 에리어에 있는 카드명 [요코미조 주고] 또는 [모리 코고로]를 1장까지 선택하여 손패에 추가한다.",【宣言】【ターン①】青か黄のキャラを1枚まで選び、ターン終了時までAP+1000する。,공식 룰북 p.22 — 대상 절에 自分の/相手の 없음(「キャラを～枚まで選び」는 지정이 없으면 양쪽 현장): …青か黄のキャラを1枚まで,high
id_1029,刑事だらけの店,0,0,ops.0,select,,any,AP8000以下のキャラを1枚まで選び、リムーブする。このターン中、自分の現場にキャラが登場していない場合、自分のリムーブエリアにあるレベル4以下の特徴［警察］のキャラを1枚まで選び、登場させる。,"AP8000 이하의 캐릭터를 1장까지 선택하여 리무브한다. 이 턴 중, 자신의 현장에 캐릭터가 登場하지 않은 경우, 자신의 리무브 에리어에 있는 레벨 4 이하의 특징［警察］캐릭터를 1장까지 선택하여 登場시킨다.",AP8000以下のキャラを1枚まで選び、リムーブする。このターン中、自分の現場にキャラが登場していない場合、自分のリムーブエリアにあるレベル4以下の特徴[警察]のキャラを1枚まで選び、登場させる。,공식 룰북 p.22 — 대상 절에 自分の/相手の 없음(「キャラを～枚まで選び」는 지정이 없으면 양쪽 현장): …AP8000以下のキャラを1枚まで,high
id_1031,キール,1,0,ops.0,select,,any,"自分のターン終了時、以下から1つ選んで行う。
・痕跡[発見済み]の(このゲーム中に相手がリフレッシュしていた)場合、カードを1枚引く。自分の手札が6枚以上ある場合、手札を1枚リムーブする。
・痕跡[未発見]の場合、相手のデッキのカードを上から4枚リムーブする。
【事件 赤&黒】【宣言】【スリープ】:レベル9以下のキャラを1枚まで選び、リムーブする。
【ヒラメキ】相手のデッキのカードを上から4枚リムーブする。","자신의 턴 종료 시, 아래에서 1개를 골라 실행한다.
・흔적 [발견됨]인 경우(이 게임 중에 상대가 리프레시했었다), 카드를 1장 뽑는다. 자신의 손패가 6장 이상 있는 경우, 손패를 1장 리무브한다.
・흔적 [미발견]인 경우, 상대의 덱 위에서 카드를 4장 리무브한다.
【사건 적&흑】【선언】【스리프】: 레벨 9 이하의 캐릭터를 1장까지 골라 리무브한다.
【히라메키】상대의 덱 위에서 카드를 4장 리무브한다.",【事件 赤&黒】【宣言】【スリープ】:レベル9以下のキャラを1枚まで選び、リムーブする。,공식 룰북 p.22 — 대상 절에 自分の/相手の 없음(「キャラを～枚まで選び」는 지정이 없으면 양쪽 현장): …レベル9以下のキャラを1枚まで,high
id_1035,キャンティ,0,0,ops.0,select,,any,【解決編】【宣言】【スリープ】：このキャラと同じAPのキャラを1枚まで選び、リムーブする。,【해결편】【선언】【슬립】: 이 캐릭터와 AP가 같은 캐릭터를 1장까지 선택하여 리무브한다.,【解決編】【宣言】【スリープ】:このキャラと同じAPのキャラを1枚まで選び、リムーブする。,공식 룰북 p.22 — 대상 절에 自分の/相手の 없음(「キャラを～枚まで選び」는 지정이 없으면 양쪽 현장): …このキャラと同じAPのキャラを1枚まで,high
id_1039,犯人,1,0,ops.0,select,,any,"犯人［ID：1039］はデッキに何枚でも入れることができる。
【宣言】【ターン①】【スリープ】：AP8000以下のキャラを1枚まで選び、リムーブする。","범인[ID：1039]은 덱에 몇 장이든 넣을 수 있다.
【선언】【턴①】【슬리프】：AP8000 이하의 캐릭터를 1장까지 선택하여 리무브한다.",【宣言】【ターン1】【スリープ】:AP8000以下のキャラを1枚まで選び、リムーブする。,공식 룰북 p.22 — 대상 절에 自分の/相手の 없음(「キャラを～枚まで選び」는 지정이 없으면 양쪽 현장): …AP8000以下のキャラを1枚まで,high
id_1040,犯人,0,0,ops.0,select,,any,【事件犯人】【宣言】【ターン①】【スリープ】:レベル7以下のキャラを1枚まで選び、リムーブする。,"【사건 범인】【선언】【턴①】【슬리프】: 레벨 7 이하의 캐릭터를 1장까지 선택하고, 리무브한다.",【事件犯人】【宣言】【ターン1】【スリープ】:レベル7以下のキャラを1枚まで選び、リムーブする。,공식 룰북 p.22 — 대상 절에 自分の/相手の 없음(「キャラを～枚まで選び」는 지정이 없으면 양쪽 현장): …レベル7以下のキャラを1枚まで,high
id_1041,毒島桐子,0,0,ops.0.ops.0,select,,any,"【相手ターン中】【現場リムーブ時】自分の現場に特徴［黒ずくめの組織］のキャラがいる場合、AP3000以下のキャラを1枚まで選び、リムーブする。
【ヒラメキ】(証拠からリムーブされるときに発動する)自分の現場に特徴［黒ずくめの組織］のキャラがいる場合、AP3000以下のキャラを1枚まで選び、リムーブする。","【상대 턴 중】【현장 리무브 시】자신의 현장에 특징 [검은 조직]의 캐릭터가 있는 경우, AP3000 이하의 캐릭터를 1장까지 선택하고 리무브한다.
【히라메키】(증거에서 리무브될 때 발동한다) 자신의 현장에 특징 [검은 조직]의 캐릭터가 있는 경우, AP3000 이하의 캐릭터를 1장까지 선택하고 리무브한다.",【相手ターン中】【現場リムーブ時】自分の現場に特徴[黒ずくめの組織]のキャラがいる場合、AP3000以下のキャラを1枚まで選び、リムーブする。,공식 룰북 p.22 — 대상 절에 自分の/相手の 없음(「キャラを～枚まで選び」는 지정이 없으면 양쪽 현장): …AP3000以下のキャラを1枚まで,high
id_1041,毒島桐子,1,0,ops.0.ops.0,select,,any,"【相手ターン中】【現場リムーブ時】自分の現場に特徴［黒ずくめの組織］のキャラがいる場合、AP3000以下のキャラを1枚まで選び、リムーブする。
【ヒラメキ】(証拠からリムーブされるときに発動する)自分の現場に特徴［黒ずくめの組織］のキャラがいる場合、AP3000以下のキャラを1枚まで選び、リムーブする。","【상대 턴 중】【현장 리무브 시】자신의 현장에 특징 [검은 조직]의 캐릭터가 있는 경우, AP3000 이하의 캐릭터를 1장까지 선택하고 리무브한다.
【히라메키】(증거에서 리무브될 때 발동한다) 자신의 현장에 특징 [검은 조직]의 캐릭터가 있는 경우, AP3000 이하의 캐릭터를 1장까지 선택하고 리무브한다.",【ヒラメキ】(証拠からリムーブされるときに発動する)自分の現場に特徴[黒ずくめの組織]のキャラがいる場合、AP3000以下のキャラを1枚まで選び、リムーブする。,공식 룰북 p.22 — 대상 절에 自分の/相手の 없음(「キャラを～枚まで選び」는 지정이 없으면 양쪽 현장): …AP3000以下のキャラを1枚まで,high
id_1042,ライ,2,0,ops.0,select,,any,"【自分ターン中】痕跡［発見済み］の（このゲーム中に相手がリフレッシュしていた）場合、このキャラをAP＋2000する。
【事件編】【登場時】相手のデッキのカードを上から3枚リムーブする。
【ヒラメキ】（証拠からリムーブされるときに発動する）キャラを1枚まで選び、スリープさせる。","【자신 턴 중】흔적［발견 완료］의 (이 게임 중에 상대가 리프레시했던) 경우, 이 캐릭터는 AP+2000 한다.
【사건편】【등장 시】상대 덱의 카드를 위에서 3장 리무브한다.
【히라메키】(증거에서 리무브될 때 발동한다) 캐릭터를 1장까지 선택해 슬립시킨다.",【ヒラメキ】(証拠からリムーブされるときに発動する)キャラを1枚まで選び、スリープさせる。,공식 룰북 p.22 — 대상 절에 自分の/相手の 없음(「キャラを～枚まで選び」는 지정이 없으면 양쪽 현장): …キャラを1枚まで,high
id_1043,ラム,0,0,ops.0,select,,any,"【登場時】このキャラ以外の【現場リムーブ時】を持つキャラを1枚まで選び、ターン終了時まで突撃(名乗り状態でもアクションできる)を与える。
【相手ターン中】【現場リムーブ時】相手のデッキのカードを上から4枚リムーブしてもよい。","【등장 시】 이 캐릭터 이외의 【현장 리무브 시】를 가진 캐릭터를 1장까지 선택하여, 턴 종료 시까지 돌격(명승 상태에서도 액션할 수 있다)을 부여한다.
【상대 턴 중】【현장 리무브 시】 상대의 덱 카드를 위에서 4장 리무브해도 된다.",【登場時】このキャラ以外の【現場リムーブ時】を持つキャラを1枚まで選び、ターン終了時まで突撃(名乗り状態でもアクションできる)を与える。,공식 룰북 p.22 — 대상 절에 自分の/相手の 없음(「キャラを～枚まで選び」는 지정이 없으면 양쪽 현장): …このキャラ以外のを持つキャラを1枚まで,high
id_1045,暗殺計画,0,0,ops.0,select,,any,"【事件(赤&黒)】レベル7以下のキャラを1枚まで選び、リムーブする。痕跡[発見済み]の(このゲーム中に相手がリフレッシュしていた)場合、自分のリムーブエリアにあるレベル4以下の【赤】か【黒】のキャラを1枚まで選び、登場させる。
痕跡[未発見]の場合、相手のデッキのカードを上から3枚リムーブする。","【사건(적&흑)】레벨 7 이하의 캐릭터를 1장까지 선택하여 리무브한다. 흔적[발견 완료](이 게임 중에 상대가 리프레시했던) 경우, 자신의 리무브 에리어에 있는 레벨 4 이하의 【적】이나 【흑】 캐릭터를 1장까지 선택하여 登場시킨다. 흔적[미발견]인 경우, 상대의 덱 카드를 위에서부터 3장 리무브한다.",【事件(赤&黒)】レベル7以下のキャラを1枚まで選び、リムーブする。痕跡[発見済み]の(このゲーム中に相手がリフレッシュしていた)場合、自分のリムーブエリアにあるレベル4以下の【赤】か【黒】のキャラを1枚まで選び、登場させる。,공식 룰북 p.22 — 대상 절에 自分の/相手の 없음(「キャラを～枚まで選び」는 지정이 없으면 양쪽 현장): …レベル7以下のキャラを1枚まで,high
id_1050,外交官殺人事件,1,2,ops.2.ops.0,select,,any,"この事件が解決編になったとき、自分は手札を1枚リムーブする。
【解決編】【宣言】【ターン①】裏向きの証拠を2つ表向きにする:カード名を1つ指定し、相手のFILEエリアにあるカードを上から1枚リムーブし、相手はデッキのカードを上から1枚裏向きのままFILEエリアの上に置く。この効果によって指定したカード名のカードがリムーブされた場合、レベル6のキャラを1枚まで選び、ターン終了時まで突撃[キャラ]を与える。","이 사건이 해결편이 되었을 때, 자신은 손패를 1장 리무브한다.
【해결편】【선언】【턴①】뒤집힌 증거를 2개 앞면으로 한다: 카드명을 1개 지정하고, 상대의 FILE 에리어에 있는 카드를 위에서 1장 리무브하며, 상대는 덱의 카드를 위에서 1장 뒷면인 채로 FILE 에리어 위에 놓는다. 이 효과로 지정한 카드명의 카드가 리무브된 경우, 레벨 6의 캐릭터를 1장까지 선택하고, 턴 종료 시까지 돌격[캐릭터]를 부여한다.",【解決編】【宣言】【ターン1】裏向きの証拠を2つ表向きにする:カード名を1つ指定し、相手のFILEエリアにあるカードを上から1枚リムーブし、相手はデッキのカードを上から1枚裏向きのままFILEエリアの上に置く。この効果によって指定したカード名のカードがリムーブされた場合、レベル6のキャラを1枚まで選び、ターン終了時まで突撃[キャラ]を与える。,공식 룰북 p.22 — 대상 절에 自分の/相手の 없음(「キャラを～枚まで選び」는 지정이 없으면 양쪽 현장): …レベル6のキャラを1枚まで,high
id_1052,「愛しい愛しい…宿敵さん?」,1,0,ops.0.opts.1.ops.0.ops.0.ops.1.ops.0,select,,any,"この事件が解決編になったとき、自分は手札を1枚リムーブする。
【解決編】【宣言】【ターン①】以下から1つ選んで行う。
・痕跡[未発見]の場合、自分の裏向きの証拠を1つ表向きにしてもよい。そうした場合、相手のデッキのカードを上から2枚リムーブする。
・痕跡[発見済み]で、自分の現場に【赤】と【黒】のキャラがいる場合、自分の裏向きの証拠を3つ表向きにしてもよい。そうした場合、レベル7以下のスリープ状態のキャラを1枚まで選び、リムーブする。","이 사건이 해결편이 되었을 때, 자신은 손패를 1장 리무브한다.
【해결편】【선언】【턴①】 아래에서 1개를 골라 실행한다.
・흔적[미발견]인 경우, 자신의 뒷면 증거를 1개 앞면으로 해도 된다. 그렇게 한 경우, 상대의 덱 카드를 위에서 2장 리무브한다.
・흔적[발견 완료]이고, 자신의 현장에 【적】과 【흑】의 캐릭터가 있는 경우, 자신의 뒷면 증거를 3개 앞면으로 해도 된다. 그렇게 한 경우, 레벨 7 이하의 슬리프 상태의 캐릭터를 1장까지 골라 리무브한다.",【解決編】【宣言】【ターン①】以下から1つ選んで行う。・痕跡[未発見]の場合、自分の裏向きの証拠を1つ表向きにしてもよい。そうした場合、相手のデッキのカードを上から2枚リムーブする。・痕跡[発見済み]で、自分の現場に【赤】と【黒】のキャラがいる場合、自分の裏向きの証拠を3つ表向きにしてもよい。そうした場合、レベル7以下のスリープ状態のキャラを1枚まで選び、リムーブする。,공식 룰북 p.22 — 대상 절에 自分の/相手の 없음(「キャラを～枚まで選び」는 지정이 없으면 양쪽 현장): …レベル7以下のスリープ状態のキャラを1枚まで,high
id_1054,怪盗キッド,1,1,ops.1.ops.0,select,,any,"【自分ターン中】自分のパートナーエリアにある特徴［ビッグジュエル］のカード1枚につき、このキャラをAP＋1000する。
【自分ターン中】【登場時】【変装時】自分のパートナーエリアにある特徴［ビッグジュエル］のカードを1枚リムーブしてもよい。そうした場合、レベル7以下のスリープ状態かスタン状態のキャラを1枚まで選び、リムーブする。
【変装】【FILE7】(手札から、コンタクト中のキャラと入れ替わる。入れ替わったキャラはデッキの下に移す)","【자신 턴 중】 자신의 파트너 에리어에 있는 특징 [빅 주얼]의 카드 1장당, 이 캐릭터는 AP+1000 된다.
【자신 턴 중】【등장 시】【변장 시】 자신의 파트너 에리어에 있는 특징 [빅 주얼]의 카드를 1장 리무브해도 좋다. 그렇게 한 경우, 레벨 7 이하의 슬립 상태 또는 스턴 상태의 캐릭터를 1장까지 골라 리무브한다.
【변장】【FILE7】(손패에서 컨택트 중인 캐릭터와 교체된다. 교체된 캐릭터는 덱 아래로 옮긴다)",【自分ターン中】【登場時】【変装時】自分のパートナーエリアにある特徴[ビッグジュエル]のカードを1枚リムーブしてもよい。そうした場合、レベル7以下のスリープ状態かスタン状態のキャラを1枚まで選び、リムーブする。,공식 룰북 p.22 — 대상 절에 自分の/相手の 없음(「キャラを～枚まで選び」는 지정이 없으면 양쪽 현장): …のスリープ状態かスタン状態のキャラを1枚まで,high
id_1054,怪盗キッド,2,1,ops.1.ops.0,select,,any,"【自分ターン中】自分のパートナーエリアにある特徴［ビッグジュエル］のカード1枚につき、このキャラをAP＋1000する。
【自分ターン中】【登場時】【変装時】自分のパートナーエリアにある特徴［ビッグジュエル］のカードを1枚リムーブしてもよい。そうした場合、レベル7以下のスリープ状態かスタン状態のキャラを1枚まで選び、リムーブする。
【変装】【FILE7】(手札から、コンタクト中のキャラと入れ替わる。入れ替わったキャラはデッキの下に移す)","【자신 턴 중】 자신의 파트너 에리어에 있는 특징 [빅 주얼]의 카드 1장당, 이 캐릭터는 AP+1000 된다.
【자신 턴 중】【등장 시】【변장 시】 자신의 파트너 에리어에 있는 특징 [빅 주얼]의 카드를 1장 리무브해도 좋다. 그렇게 한 경우, 레벨 7 이하의 슬립 상태 또는 스턴 상태의 캐릭터를 1장까지 골라 리무브한다.
【변장】【FILE7】(손패에서 컨택트 중인 캐릭터와 교체된다. 교체된 캐릭터는 덱 아래로 옮긴다)",【自分ターン中】【登場時】【変装時】自分のパートナーエリアにある特徴[ビッグジュエル]のカードを1枚リムーブしてもよい。そうした場合、レベル7以下のスリープ状態かスタン状態のキャラを1枚まで選び、リムーブする。,공식 룰북 p.22 — 대상 절에 自分の/相手の 없음(「キャラを～枚まで選び」는 지정이 없으면 양쪽 현장): …のスリープ状態かスタン状態のキャラを1枚まで,high
id_1056,風見裕也,1,0,ops.0,select,,any,"【登場時】自分のデッキのカードを上から1枚見る。その中から特徴[警視庁]のキャラを1枚まで公開して手札に加え、残りを好きな順番でデッキの下に移す。カードを手札に加えた場合、自分のデッキのカードを上からそのカードのレベルと同じ枚数リムーブする。
【解決編】【宣言】【スリープ】手札を1枚リムーブする:レベル5以下のキャラを1枚まで選び、リムーブする。","【등장 시】자신의 덱의 카드를 위에서 1장 본다. 그중에서 특징[경시청]의 캐릭터를 1장까지 공개하여 손패에 더하고, 나머지를 원하는 순서로 덱 아래로 옮긴다. 카드를 손패에 더한 경우, 자신의 덱의 카드를 위에서 그 카드의 레벨과 같은 장수만큼 리무브한다.
【해결편】【선언】【슬립】손패를 1장 리무브한다: 레벨 5 이하의 캐릭터를 1장까지 선택하고, 리무브한다.",【解決編】【宣言】【スリープ】手札を1枚リムーブする:レベル5以下のキャラを1枚まで選び、リムーブする。,공식 룰북 p.22 — 대상 절에 自分の/相手の 없음(「キャラを～枚まで選び」는 지정이 없으면 양쪽 현장): …レベル5以下のキャラを1枚まで,high
id_1057,工藤新一,1,0,ops.0,select,,any,"【自分ターン中】自分の事件が【青】以外の色を持つ場合、自分の現場にいるこのキャラ以外のキャラをAP+1000する。
【宣言】【スリープ】:レベル9以下のキャラを1枚まで選び、リムーブする。","【자신 턴 중】 자신의 사건이 【파랑】 이외의 색을 가지고 있는 경우, 자신의 현장에 있는 이 캐릭터 이외의 캐릭터를 AP+1000 한다.
【선언】【슬립】: 레벨 9 이하의 캐릭터를 1장까지 선택하고, 리무브한다.",【宣言】【スリープ】:レベル9以下のキャラを1枚まで選び、リムーブする。,공식 룰북 p.22 — 대상 절에 自分の/相手の 없음(「キャラを～枚まで選び」는 지정이 없으면 양쪽 현장): …レベル9以下のキャラを1枚まで,high
id_1062,紫紅の爪,0,0,ops.0,select,,any,"【パートナー(白)】【解決編】AP7000以上のキャラを1枚まで選び、リムーブする。このカードをパートナーエリアに移す。自分の現場にカード名[怪盗キッド]がいる場合、手札からレベル3以下の(白)のキャラを1枚までスリープ状態で登場させる。
【ヒラメキ】(証拠からリムーブされるときに発動する)このカードをパートナーエリアに移す。","【파트너(백)】【해결편】AP7000 이상의 캐릭터를 1장까지 선택하여 리무브한다. 이 카드를 파트너 에리어로 옮긴다. 자신의 현장에 카드명 [괴도 키드]가 있는 경우, 손패에서 레벨 3 이하의 (백) 캐릭터를 1장까지 슬립 상태로 등장시킨다.
【히라메키】(증거에서 리무브될 때 발동한다) 이 카드를 파트너 에리어로 옮긴다.",【パートナー(白)】【解決編】AP7000以上のキャラを1枚まで選び、リムーブする。このカードをパートナーエリアに移す。自分の現場にカード名[怪盗キッド]がいる場合、手札からレベル3以下の【白】のキャラを1枚までスリープ状態で登場させる。,공식 룰북 p.22 — 대상 절에 自分の/相手の 없음(「キャラを～枚まで選び」는 지정이 없으면 양쪽 현장): …AP7000以上のキャラを1枚まで,high
id_1063,キャンティ,1,0,ops.0,select,,any,"【宣言】【スリープ】デッキのカードを上から3枚リムーブする：この【宣言】能力のコストによって【カットイン】を持つ【黒】のカードが3枚以上リムーブされた場合、相手の現場にいるレベル7以下のキャラを1枚まで選び、リムーブする。
【カットイン】【自分ターン中】キャラを1枚まで選び、スリープさせる。
(自分のターンのコンタクト中に手札からリムーブして使う)","【선언】【슬리프】덱의 카드를 위에서 3장 리무브한다: 이 【선언】 능력의 코스트로 인해 【컷인】을 가진 【검정】 카드가 3장 이상 리무브된 경우, 상대의 현장에 있는 레벨 7 이하의 캐릭터를 1장까지 선택하여 리무브한다.
【컷인】【자신 턴 중】 캐릭터를 1장까지 선택하여 슬리프시킨다.
(자신의 턴의 컨택트 중에 손패에서 리무브하여 사용한다)",【カットイン】【自分ターン中】キャラを1枚まで選び、スリープさせる。,공식 룰북 p.22 — 대상 절에 自分の/相手の 없음(「キャラを～枚まで選び」는 지정이 없으면 양쪽 현장): …キャラを1枚まで,high
id_1066,江戸川コナン,1,0,ops.0,select,,any,"現場にいるこのキャラは特徴［サッカー選手］を持つ。
【パートナー(青)】【FILE⑤】【宣言】【ターン③】このキャラに裏向きでセットされているカードを1枚リムーブする:AP8000以下のキャラを1枚まで選び､リムーブする。このキャラがこの【宣言】能力を使用したのがこのターン中で3回目の場合､自分は証拠を1つ得る。この能力は自分の現場にこのキャラ以外の特徴［サッカー選手］のキャラがいる場合に宣言できる。","현장에 있는 이 캐릭터는 특징 [축구 선수]를 가진다.
【파트너(파랑)】【FILE⑤】【선언】【턴③】이 캐릭터에 뒷면으로 세트되어 있는 카드를 1장 리무브한다: AP8000 이하의 캐릭터를 1장까지 골라 리무브한다. 이 캐릭터가 이 【선언】 능력을 사용한 것이 이번 턴 중 3번째인 경우, 자신은 증거를 1개 얻는다. 이 능력은 자신의 현장에 이 캐릭터 이외의 특징 [축구 선수]를 가진 캐릭터가 있는 경우에 선언할 수 있다.",【パートナー(青)】【FILE5】【宣言】【ターン3】このキャラに裏向きでセットされているカードを1枚リムーブする:AP8000以下のキャラを1枚まで選び、リムーブする。このキャラがこの【宣言】能力を使用したのがこのターン中で3回目の場合、自分は証拠を1つ得る。この能力は自分の現場にこのキャラ以外の特徴[サッカー選手]のキャラがいる場合に宣言できる。,공식 룰북 p.22 — 대상 절에 自分の/相手の 없음(「キャラを～枚まで選び」는 지정이 없으면 양쪽 현장): …AP8000以下のキャラを1枚まで,high
id_1069,赤木英雄,2,0,ops.0,select,,any,"【パートナー(青)】【登場時】自分のデッキのカードを上から1枚裏向きでこのキャラにセットする。
【宣言】【スリープ】：自分の現場にいる裏向きのカードがセットされていない特徴[サッカー選手]のキャラを1枚まで選び、このキャラにセットされている裏向きのカードを1枚移す。
【宣言】【スリープ】このキャラに裏向きでセットされているカードを1枚リムーブする：AP6000以下のキャラを1枚まで選び、リムーブする。","【파트너(청)】【등장 시】자신의 덱 카드를 위에서 1장 뒷면으로 이 캐릭터에 세트한다.
【선언】【슬립】: 자신의 현장에 있는, 뒷면 카드가 세트되어 있지 않은 특징 [축구 선수] 캐릭터를 1장까지 선택하고, 이 캐릭터에 세트되어 있는 뒷면 카드를 1장 옮긴다.
【선언】【슬립】이 캐릭터에 뒷면으로 세트되어 있는 카드를 1장 리무브한다: AP6000 이하의 캐릭터를 1장까지 선택하고, 리무브한다.",【宣言】【スリープ】このキャラに裏向きでセットされているカードを1枚リムーブする:AP6000以下のキャラを1枚まで選び、リムーブする。,공식 룰북 p.22 — 대상 절에 自分の/相手の 없음(「キャラを～枚まで選び」는 지정이 없으면 양쪽 현장): …AP6000以下のキャラを1枚まで,high
id_1075,比護隆佑,2,0,ops.0.opts.1.ops.0,select,,any,"【パートナー(青)】【登場時】自分のデッキのカードを上から1枚裏向きでこのキャラにセットする。
【宣言】【スリープ】:自分の現場にいる裏向きのカードがセットされていない特徴[サッカー選手]のキャラを1枚まで選び、このキャラにセットされている裏向きのカードを1枚移す。
【宣言】【ターン②】このキャラに裏向きでセットされているカードを1枚リムーブする:以下から1つ選んで行う。
・ターン終了時までこのキャラは突撃を持つ。
・キャラを1枚まで選び、スリープさせる。","【파트너(청)】【등장 시】자신의 덱 카드를 위에서 1장 뒷면으로 이 캐릭터에 세트한다.
【선언】【슬립】: 자신의 현장에 있는, 뒷면 카드가 세트되어 있지 않은 특징 [축구 선수]의 캐릭터를 1장까지 고르고, 이 캐릭터에 세트되어 있는 뒷면 카드를 1장 옮긴다.
【선언】【턴②】이 캐릭터에 뒷면으로 세트되어 있는 카드를 1장 리무브한다: 아래에서 1개를 골라 행한다.
・턴 종료 시까지 이 캐릭터는 돌격을 가진다.
・캐릭터를 1장까지 골라 슬립시킨다.","【宣言】【ターン2】このキャラに裏向きでセットされているカードを1枚リムーブする:以下から1つ選んで行う。
・ターン終了時までこのキャラは突撃を持つ。
・キャラを1枚まで選び、スリープさせる。",공식 룰북 p.22 — 대상 절에 自分の/相手の 없음(「キャラを～枚まで選び」는 지정이 없으면 양쪽 현장): …キャラを1枚まで,high
id_1079,キック力増強シューズ,0,0,ops.0,select,,any,"【パートナー】【青】AP8000以下のキャラを1枚まで選び、リムーブする。このイベントを自分の現場にいるカード名[江戸川コナン]1枚にセットする。
このイベントがセットされているキャラは「【宣言】【ターン①】このキャラにセットされているカード名[どこでもボール射出ベルト]を1枚リムーブする:AP8000以上のキャラを1枚まで選び、リムーブする。」を持つ。
【カットイン】【自分ターン中】AP+3000(自分のターンのコンタクト中に手札からリムーブして使う)","【파트너】【청】 AP8000 이하의 캐릭터를 1장까지 선택하여 리무브한다. 이 이벤트를 자신의 현장에 있는 카드명 [에도가와 코난] 1장에 세트한다.
이 이벤트가 세트되어 있는 캐릭터는 「【선언】【턴①】이 캐릭터에 세트되어 있는 카드명 [어디서든 볼 사출 벨트]를 1장 리무브한다: AP8000 이상의 캐릭터를 1장까지 선택하여 리무브한다.」를 가진다.
【컷인】【자신 턴 중】 AP+3000 (자신의 턴의 컨택트 중에 손패에서 리무브하여 사용한다)",【パートナー】【青】AP8000以下のキャラを1枚まで選び、リムーブする。このイベントを自分の現場にいるカード名[江戸川コナン]1枚にセットする。,공식 룰북 p.22 — 대상 절에 自分の/相手の 없음(「キャラを～枚まで選び」는 지정이 없으면 양쪽 현장): …AP8000以下のキャラを1枚まで,high
id_1079,キック力増強シューズ,1,0,g.ops.0,select,,any,"【パートナー】【青】AP8000以下のキャラを1枚まで選び、リムーブする。このイベントを自分の現場にいるカード名[江戸川コナン]1枚にセットする。
このイベントがセットされているキャラは「【宣言】【ターン①】このキャラにセットされているカード名[どこでもボール射出ベルト]を1枚リムーブする:AP8000以上のキャラを1枚まで選び、リムーブする。」を持つ。
【カットイン】【自分ターン中】AP+3000(自分のターンのコンタクト中に手札からリムーブして使う)","【파트너】【청】 AP8000 이하의 캐릭터를 1장까지 선택하여 리무브한다. 이 이벤트를 자신의 현장에 있는 카드명 [에도가와 코난] 1장에 세트한다.
이 이벤트가 세트되어 있는 캐릭터는 「【선언】【턴①】이 캐릭터에 세트되어 있는 카드명 [어디서든 볼 사출 벨트]를 1장 리무브한다: AP8000 이상의 캐릭터를 1장까지 선택하여 리무브한다.」를 가진다.
【컷인】【자신 턴 중】 AP+3000 (자신의 턴의 컨택트 중에 손패에서 리무브하여 사용한다)",【宣言】【ターン1】このキャラにセットされているカード名[どこでもボール射出ベルト]を1枚リムーブする:AP8000以上のキャラを1枚まで選び、リムーブする。。,공식 룰북 p.22 — 대상 절에 自分の/相手の 없음(「キャラを～枚まで選び」는 지정이 없으면 양쪽 현장): …AP8000以上のキャラを1枚まで,high
id_1082,服部平蔵&遠山銀司郎,0,0,ops.0,select,,any,"【パートナー(緑)】【宣言】【ターン①】レベル9以下のキャラを1枚まで選び、リムーブする。自分の現場にいる特徴[警察]のキャラを1枚まで選び、自分のデッキのカードを上から1枚裏向きでセットする。この能力は自分の現場に特徴[警察]のキャラが2枚以上いる場合に宣言できる。
【宣言】【ターン②】現場にいるキャラに裏向きでセットされているカードを1枚リムーブする:カードを1枚引き、手札を1枚リムーブする。この能力はパートナーエリアでも宣言できる。
【カットイン】AP+2000
【MR能力】相手ターン中に現場を離れる場合、パートナーエリアに移動する。
自分の現場にMRが登場する場合、リムーブする。","【파트너(녹)】【선언】【턴①】레벨 9 이하의 캐릭터를 1장까지 선택하여 리무브한다. 자신의 현장에 있는 특징[경찰] 캐릭터를 1장까지 선택하고, 자신의 덱 카드를 위에서 1장 뒷면으로 세트한다. 이 능력은 자신의 현장에 특징[경찰] 캐릭터가 2장 이상 있는 경우에 선언할 수 있다.
【선언】【턴②】현장에 있는 캐릭터에 뒷면으로 세트되어 있는 카드를 1장 리무브한다: 카드를 1장 뽑고, 손패를 1장 리무브한다. 이 능력은 파트너 에리어에서도 선언할 수 있다.
【컷인】AP+2000
【MR 능력】상대 턴 중에 현장을 떠나는 경우, 파트너 에리어로 이동한다.
자신의 현장에 MR이 등장하는 경우, 리무브한다.",【パートナー(緑)】【宣言】【ターン1】レベル9以下のキャラを1枚まで選び、リムーブする。自分の現場にいる特徴[警察]のキャラを1枚まで選び、自分のデッキのカードを上から1枚裏向きでセットする。この能力は自分の現場に特徴[警察]のキャラが2枚以上いる場合に宣言できる。,공식 룰북 p.22 — 대상 절에 自分の/相手の 없음(「キャラを～枚まで選び」는 지정이 없으면 양쪽 현장): …レベル9以下のキャラを1枚まで,high
id_1083,遠山和葉,0,0,ops.0,select,,any,"【パートナー(緑)】【宣言】【スリープ】：レベル8以下のキャラを1枚まで選び、リムーブする。
【宣言】【ターン①】現場にいるカード名［服部平次］か(緑)の特徴［警察］のキャラに裏向きでセットされているカードを合わせて2枚リムーブする：レベル7以下のスリープ状態のキャラを1枚まで選び、リムーブする。","【파트너(초록)】【선언】【슬리프】: 레벨 8 이하의 캐릭터를 1장까지 선택하고 리무브한다.
【선언】【턴①】 현장에 있는 카드명 [핫토리 헤이지] 또는 초록의 특징 [경찰]을 가진 캐릭터에 뒷면으로 세트되어 있는 카드를 합쳐서 2장 리무브한다: 레벨 7 이하의 슬리프 상태인 캐릭터를 1장까지 선택하고 리무브한다.",【パートナー(緑)】【宣言】【スリープ】:レベル8以下のキャラを1枚まで選び、リムーブする。,공식 룰북 p.22 — 대상 절에 自分の/相手の 없음(「キャラを～枚まで選び」는 지정이 없으면 양쪽 현장): …レベル8以下のキャラを1枚まで,high
id_1083,遠山和葉,1,0,ops.0,select,,any,"【パートナー(緑)】【宣言】【スリープ】：レベル8以下のキャラを1枚まで選び、リムーブする。
【宣言】【ターン①】現場にいるカード名［服部平次］か(緑)の特徴［警察］のキャラに裏向きでセットされているカードを合わせて2枚リムーブする：レベル7以下のスリープ状態のキャラを1枚まで選び、リムーブする。","【파트너(초록)】【선언】【슬리프】: 레벨 8 이하의 캐릭터를 1장까지 선택하고 리무브한다.
【선언】【턴①】 현장에 있는 카드명 [핫토리 헤이지] 또는 초록의 특징 [경찰]을 가진 캐릭터에 뒷면으로 세트되어 있는 카드를 합쳐서 2장 리무브한다: 레벨 7 이하의 슬리프 상태인 캐릭터를 1장까지 선택하고 리무브한다.",【宣言】【ターン1】現場にいるカード名[服部平次]か【緑】の特徴[警察]のキャラに裏向きでセットされているカードを合わせて2枚リムーブする:レベル7以下のスリープ状態のキャラを1枚まで選び、リムーブする。,공식 룰북 p.22 — 대상 절에 自分の/相手の 없음(「キャラを～枚まで選び」는 지정이 없으면 양쪽 현장): …レベル7以下のスリープ状態のキャラを1枚まで,high
id_1085,大滝悟郎,0,1,ops.1.ops.0,select,,any,"【パートナー(緑)】【登場時】手札から特徴［警察］のキャラを1枚公開してもよい。そうした場合、AP8000以下のキャラを1枚まで選び、リムーブする。
【宣言】【スリープ】:自分の現場にいる特徴［警察］のキャラを1枚まで選び、デッキのカードを上から1枚裏向きでセットする。
【ヒラメキ】(証拠からリムーブされるときに発動する)キャラを1枚まで選び、スリープさせる。","【파트너(초록)】【등장 시】 손패에서 특징［경찰］의 캐릭터를 1장 공개해도 좋다. 그렇게 한 경우, AP8000 이하의 캐릭터를 1장까지 선택하여 리무브한다.
【선언】【슬립】: 자신의 현장에 있는 특징［경찰］의 캐릭터를 1장까지 선택하고, 덱의 카드를 위에서 1장 뒷면으로 세트한다.
【히라메키】(증거에서 리무브될 때 발동한다) 캐릭터를 1장까지 선택하여 슬립시킨다.",【パートナー(緑)】【登場時】手札から特徴[警察]のキャラを1枚公開してもよい。そうした場合、AP8000以下のキャラを1枚まで選び、リムーブする。,공식 룰북 p.22 — 대상 절에 自分の/相手の 없음(「キャラを～枚まで選び」는 지정이 없으면 양쪽 현장): …AP8000以下のキャラを1枚まで,high
id_1085,大滝悟郎,2,0,ops.0,select,,any,"【パートナー(緑)】【登場時】手札から特徴［警察］のキャラを1枚公開してもよい。そうした場合、AP8000以下のキャラを1枚まで選び、リムーブする。
【宣言】【スリープ】:自分の現場にいる特徴［警察］のキャラを1枚まで選び、デッキのカードを上から1枚裏向きでセットする。
【ヒラメキ】(証拠からリムーブされるときに発動する)キャラを1枚まで選び、スリープさせる。","【파트너(초록)】【등장 시】 손패에서 특징［경찰］의 캐릭터를 1장 공개해도 좋다. 그렇게 한 경우, AP8000 이하의 캐릭터를 1장까지 선택하여 리무브한다.
【선언】【슬립】: 자신의 현장에 있는 특징［경찰］의 캐릭터를 1장까지 선택하고, 덱의 카드를 위에서 1장 뒷면으로 세트한다.
【히라메키】(증거에서 리무브될 때 발동한다) 캐릭터를 1장까지 선택하여 슬립시킨다.",【ヒラメキ】(証拠からリムーブされるときに発動する)キャラを1枚まで選び、スリープさせる。,공식 룰북 p.22 — 대상 절에 自分の/相手の 없음(「キャラを～枚まで選び」는 지정이 없으면 양쪽 현장): …キャラを1枚まで,high
id_1086,鬼丸猛,2,0,ops.0,select,,any,"【パートナー(緑)】突撃 (名乗り状態でもアクションできる)
【登場時】自分のデッキのカードを上から【!】ヒラメキを持つレベル7の【緑】のイベントが出るまで1枚ずつ公開し、それを手札に加える。残りの公開したカードをデッキの下に移し、デッキをシャッフルする。
【解決編】【自分ターン中】【ターン①】自分が証拠を得たとき、キャラを1枚まで選び、スリープさせる。","【파트너(녹)】돌격 (명명 상태에서도 액션할 수 있다)
【등장 시】자신의 덱 카드를 위에서부터 【!】ヒラメキ(히라메키)를 가진 레벨 7의 【녹】 이벤트가 나올 때까지 1장씩 공개하고, 그것을 손패에 더한다. 남은 공개한 카드를 덱 아래로 옮기고, 덱을 셔플한다.
【해결편】【자신 턴 중】【턴①】자신이 증거를 얻었을 때, 캐릭터를 1장까지 골라 슬리프시킨다.",【解決編】【自分ターン中】【ターン1】自分が証拠を得たとき、キャラを1枚まで選び、スリープさせる。,공식 룰북 p.22 — 대상 절에 自分の/相手の 없음(「キャラを～枚まで選び」는 지정이 없으면 양쪽 현장): …キャラを1枚まで,high
id_1087,稲尾一久,0,1,ops.1.ops.0,select,,any,【宣言】【スリープ】:自分か相手の現場にいるキャラに裏向きでセットされているカードを1枚リムーブしてもよい。そうした場合、リムーブしたカードのレベル以下のレベルのキャラを1枚まで選び、リムーブする。,"【선언】【슬립】: 자신 또는 상대의 현장에 있는 캐릭터에게 뒷면으로 세트되어 있는 카드를 1장 리무브해도 된다. 그렇게 한 경우, 리무브한 카드의 레벨 이하의 레벨인 캐릭터를 1장까지 선택하고 리무브한다.",【宣言】【スリープ】:自分か相手の現場にいるキャラに裏向きでセットされているカードを1枚リムーブしてもよい。そうした場合、リムーブしたカードのレベル以下のレベルのキャラを1枚まで選び、リムーブする。,공식 룰북 p.22 — 대상 절에 自分の/相手の 없음(「キャラを～枚まで選び」는 지정이 없으면 양쪽 현장): …カードのレベル以下のレベルのキャラを1枚まで,high
id_1094,ドゴ,1,0,ops.0,select,,any,"【解決編】【自分ターン中】自分の現場にカード名［服部平蔵］か［遠山銀司郎］がいる場合、手札にあるこのイベントはレベル－3される。
【パートナー（緑）】AP8000以下のキャラを1枚まで選び、リムーブする。自分の現場にいる特徴［警察］のキャラを1枚まで選び、自分のデッキのカードを上から1枚裏向きでセットする。","【해결편】【자신 턴 중】자신의 현장에 카드명 [핫토리 헤이조] 또는 [도야마 긴시로]가 있는 경우, 손패에 있는 이 이벤트는 레벨이 -3 된다.
【파트너(녹)】AP8000 이하의 캐릭터를 1장까지 선택하여 리무브한다. 자신의 현장에 있는 특징 [경찰]의 캐릭터를 1장까지 선택하고, 자신의 덱의 카드를 위에서 1장 뒷면으로 세트한다.",【パートナー(緑)】AP8000以下のキャラを1枚まで選び、リムーブする。自分の現場にいる特徴[警察]のキャラを1枚まで選び、自分のデッキのカードを上から1枚裏向きでセットする。,공식 룰북 p.22 — 대상 절에 自分の/相手の 없음(「キャラを～枚まで選び」는 지정이 없으면 양쪽 현장): …AP8000以下のキャラを1枚まで,high
id_1097,京極真,1,,ef,onallykill.ef,,self,"【突撃】
相手の現場にいるキャラが自分の現場にいるカード名[京極真]以外のAP10000以上のキャラとのコンタクトによってリムーブされたとき、手札を1枚リムーブしてもよい。そうした場合、ターン終了時までこのキャラをAP+4000する。
【事件 緑&白】【宣言】【ターン①】
カードを1枚引き、このキャラをアクティブにする。この能力はこのキャラがAP10000以上で、このターン中に相手の現場にいるキャラがこのキャラとのコンタクトによってリムーブされていた場合に宣言できる。","【돌격】
상대의 현장에 있는 캐릭터가 자신의 현장에 있는 카드명 [쿄고쿠 마코토] 이외의 AP10000 이상인 캐릭터와의 컨택트로 인해 리무브되었을 때, 손패를 1장 리무브해도 된다. 그렇게 한 경우, 턴 종료 시까지 이 캐릭터를 AP+4000 한다.
【사건 녹&백】【선언】【턴①】
카드를 1장 뽑고, 이 캐릭터를 액티브로 한다. 이 능력은 이 캐릭터가 AP10000 이상이고, 이번 턴 중에 상대의 현장에 있는 캐릭터가 이 캐릭터와의 컨택트로 인해 리무브되었던 경우에 선언할 수 있다.",相手の現場にいるキャラが自分の現場にいるカード名[京極真]以外のAP10000以上のキャラとのコンタクトによってリムーブされたとき、手札を1枚リムーブしてもよい。そうした場合、ターン終了時までこのキャラをAP+4000する。,"ally 계열 트리거 + 원문 ""自分の現場にいる…"" (아군 대상)",high
id_1098,黒羽快斗,3,0,ops.0,select,,any,"デッキかリムーブエリアにあるこのキャラはカード名[怪盗キッド]としても扱う。(現場では扱わない)
【突撃】(名乗り状態でもアクションできる)
【登場時】自分のキャラの能力によって登場した場合、ターン終了時までこのキャラは「【ターン①】相手の現場にいるキャラがこのキャラとのコンタクトによってリムーブされたとき、自分のリムーブエリアにあるレベル3以下のキャラを1枚まで選び、登場させる。」を持つ。
【ヒラメキ】キャラを1枚まで選び、スリープさせる。","덱이나 리무브 에리어에 있는 이 캐릭터는 카드명 [괴도 키드]로도 취급한다. (현장에서는 취급하지 않는다)
【돌격】(명승 상태에서도 액션할 수 있다)
【등장 시】자신의 캐릭터의 능력으로 등장한 경우, 턴 종료 시까지 이 캐릭터는 ""【턴①】 상대의 현장에 있는 캐릭터가 이 캐릭터와의 콘택트로 리무브되었을 때, 자신의 리무브 에리어에 있는 레벨 3 이하의 캐릭터를 1장까지 선택하여 등장시킨다.""를 가진다.
【히라메키】캐릭터를 1장까지 선택하여 슬리프시킨다.",【ヒラメキ】キャラを1枚まで選び、スリープさせる。,공식 룰북 p.22 — 대상 절에 自分の/相手の 없음(「キャラを～枚まで選び」는 지정이 없으면 양쪽 현장): …キャラを1枚まで,high
id_1109,ジョディ・スターリング,0,0,ops.0,select,,any,"【パートナー(赤)】【登場時】レベル7以下のキャラを1枚まで選び、リムーブする。カードを1枚引く。
【宣言】【スリープ】このキャラをリムーブエリアに移し、手札を1枚リムーブする:キャラを1枚まで選び、リムーブする。この能力は自分の現場に【カットイン】と【ヒラメキ】以外の元の能力を持たないレベル5以上のキャラがいる場合に宣言できる。","【파트너(빨강)】【등장 시】레벨 7 이하의 캐릭터를 1장까지 선택하여 리무브한다. 카드를 1장 뽑는다.
【선언】【슬립】이 캐릭터를 리무브 에리어로 옮기고, 손패를 1장 리무브한다: 캐릭터를 1장까지 선택하여 리무브한다. 이 능력은 자신의 현장에 【컷인】과 【히라메키】 이외의 원래 능력을 가지지 않는 레벨 5 이상의 캐릭터가 있는 경우에 선언할 수 있다.",【パートナー(赤)】【登場時】レベル7以下のキャラを1枚まで選び、リムーブする。カードを1枚引く。,공식 룰북 p.22 — 대상 절에 自分の/相手の 없음(「キャラを～枚まで選び」는 지정이 없으면 양쪽 현장): …レベル7以下のキャラを1枚まで,high
id_1109,ジョディ・スターリング,1,0,ops.0,select,,any,"【パートナー(赤)】【登場時】レベル7以下のキャラを1枚まで選び、リムーブする。カードを1枚引く。
【宣言】【スリープ】このキャラをリムーブエリアに移し、手札を1枚リムーブする:キャラを1枚まで選び、リムーブする。この能力は自分の現場に【カットイン】と【ヒラメキ】以外の元の能力を持たないレベル5以上のキャラがいる場合に宣言できる。","【파트너(빨강)】【등장 시】레벨 7 이하의 캐릭터를 1장까지 선택하여 리무브한다. 카드를 1장 뽑는다.
【선언】【슬립】이 캐릭터를 리무브 에리어로 옮기고, 손패를 1장 리무브한다: 캐릭터를 1장까지 선택하여 리무브한다. 이 능력은 자신의 현장에 【컷인】과 【히라메키】 이외의 원래 능력을 가지지 않는 레벨 5 이상의 캐릭터가 있는 경우에 선언할 수 있다.",【宣言】【スリープ】このキャラをリムーブエリアに移し、手札を1枚リムーブする:キャラを1枚まで選び、リムーブする。この能力は自分の現場に【カットイン】と【ヒラメキ】以外の元の能力を持たないレベル5以上のキャラがいる場合に宣言できる。,공식 룰북 p.22 — 대상 절에 自分の/相手の 없음(「キャラを～枚まで選び」는 지정이 없으면 양쪽 현장): …キャラを1枚まで,high
id_1110,沖矢昴,0,0,ops.0.opts.0.ops.0,select,,any,"【ヒラメキ】以下から1つ選んで行う。
・キャラを1枚まで選び、スリープさせる。
・カードを1枚引く。","【ヒラメキ】 아래에서 1개를 골라 실행한다.
・캐릭터를 1장까지 골라 슬리프시킨다.
・카드를 1장 뽑는다.","【ヒラメキ】以下から1つ選んで行う。
・キャラを1枚まで選び、スリープさせる。
・カードを1枚引く。",공식 룰북 p.22 — 대상 절에 自分の/相手の 없음(「キャラを～枚まで選び」는 지정이 없으면 양쪽 현장): …キャラを1枚まで,high
id_1111,羽田秀吉,2,0,ops.0,select,,any,"自分のターン終了時、自分の現場に【カットイン】と【ヒラメキ】以外の元の能力を持たないキャラがいる場合、カードを1枚引く。
【自分ターン中】自分の現場に【カットイン】と【ヒラメキ】以外の元の能力を持たないキャラが登場したとき、相手の現場にいるキャラを1枚まで選び、ターン終了時までレベル-1する。
【宣言】【スリープ】手札を1枚リムーブする：レベル9以下のキャラを1枚まで選び、リムーブする。","자신의 턴 종료 시, 자신의 현장에 【컷인】과 【히라메키】 이외의 원래 능력을 가지지 않은 캐릭터가 있는 경우, 카드를 1장 뽑는다.
【자신 턴 중】 자신의 현장에 【컷인】과 【히라메키】 이외의 원래 능력을 가지지 않은 캐릭터가 登場했을 때, 상대 현장에 있는 캐릭터를 1장까지 선택하고, 턴 종료 시까지 레벨을 -1 한다.
【선언】【슬립】 손패를 1장 리무브한다: 레벨 9 이하의 캐릭터를 1장까지 선택하고, 리무브한다.",【宣言】【スリープ】手札を1枚リムーブする:レベル9以下のキャラを1枚まで選び、リムーブする。,공식 룰북 p.22 — 대상 절에 自分の/相手の 없음(「キャラを～枚まで選び」는 지정이 없으면 양쪽 현장): …レベル9以下のキャラを1枚まで,high
id_1112,宮野エレーナ,0,0,ops.0.opts.0.ops.0,select,,any,"【宣言】【ターン①】【スリープ】：以下から1つ選んで行う。この能力は自分の現場にこのキャラ以外のレベル7のキャラがいる場合に宣言できる。
・レベル7以下のキャラを1枚まで選び、リムーブする。
・レベル7以上のキャラを1枚まで選び、ターン終了時までブレット（このキャラのアクションはガードできない）を与える。","【선언】【턴①】【슬리프】: 아래에서 1개를 선택해 실행한다. 이 능력은 자신의 현장에 이 캐릭터 이외의 레벨 7 캐릭터가 있는 경우에 선언할 수 있다.
・레벨 7 이하의 캐릭터를 1장까지 선택하고 리무브한다.
・레벨 7 이상의 캐릭터를 1장까지 선택하고, 턴 종료 시까지 블렛(이 캐릭터의 액션은 가드할 수 없다)을 부여한다.","【宣言】【ターン1】【スリープ】:以下から1つ選んで行う。この能力は自分の現場にこのキャラ以外のレベル7のキャラがいる場合に宣言できる。
・レベル7以下のキャラを1枚まで選び、リムーブする。
・レベル7以上のキャラを1枚まで選び、ターン終了時までバレット(このキャラのアクションはガードできない)を与える。",공식 룰북 p.22 — 대상 절에 自分の/相手の 없음(「キャラを～枚まで選び」는 지정이 없으면 양쪽 현장): …レベル7以下のキャラを1枚まで,high
id_1112,宮野エレーナ,0,0,ops.0.opts.1.ops.0,select,,any,"【宣言】【ターン①】【スリープ】：以下から1つ選んで行う。この能力は自分の現場にこのキャラ以外のレベル7のキャラがいる場合に宣言できる。
・レベル7以下のキャラを1枚まで選び、リムーブする。
・レベル7以上のキャラを1枚まで選び、ターン終了時までブレット（このキャラのアクションはガードできない）を与える。","【선언】【턴①】【슬리프】: 아래에서 1개를 선택해 실행한다. 이 능력은 자신의 현장에 이 캐릭터 이외의 레벨 7 캐릭터가 있는 경우에 선언할 수 있다.
・레벨 7 이하의 캐릭터를 1장까지 선택하고 리무브한다.
・레벨 7 이상의 캐릭터를 1장까지 선택하고, 턴 종료 시까지 블렛(이 캐릭터의 액션은 가드할 수 없다)을 부여한다.","【宣言】【ターン1】【スリープ】:以下から1つ選んで行う。この能力は自分の現場にこのキャラ以外のレベル7のキャラがいる場合に宣言できる。
・レベル7以下のキャラを1枚まで選び、リムーブする。
・レベル7以上のキャラを1枚まで選び、ターン終了時までバレット(このキャラのアクションはガードできない)を与える。",공식 룰북 p.22 — 대상 절에 自分の/相手の 없음(「キャラを～枚まで選び」는 지정이 없으면 양쪽 현장): …レベル7以上のキャラを1枚まで,high
id_1116,ジェイムズ・ブラック,1,0,ops.0.ops.1,select,,any,"痕跡【発見済み】の(このゲーム中に相手がリフレッシュしていた)場合、このキャラは突撃【キャラ】(名乗り状態でもアクション【キャラ】できる)を持つ。
【パートナー(赤)】【登場時】自分の現場に【黒】のキャラがいる場合、相手のデッキのカードを上から2枚リムーブし、キャラを1枚まで選び、スリープさせる。","흔적【발견 완료】의 (이 게임 중에 상대가 리프레시했던) 경우, 이 캐릭터는 돌격【캐릭터】(이름을 댄 상태에서도 액션【캐릭터】할 수 있다)를 가진다.
【파트너(적)】【등장 시】자신의 현장에 【흑】 캐릭터가 있는 경우, 상대 덱의 카드를 위에서 2장 리무브하고, 캐릭터를 1장까지 골라 슬립시킨다.",【パートナー(赤)】【登場時】自分の現場に【黒】のキャラがいる場合、相手のデッキのカードを上から2枚リムーブし、キャラを1枚まで選び、スリープさせる。,공식 룰북 p.22 — 대상 절에 自分の/相手の 없음(「キャラを～枚まで選び」는 지정이 없으면 양쪽 현장): …キャラを1枚まで,high
id_1119,「あ…赤井が!?」,0,1,ops.1.opts.0.ops.1.ops.0,select,,any,"【事件】【赤&黄】自分のリムーブエリアにある【カットイン】と【ヒラメキ】以外の元の能力を持たない【赤】か【黄】のキャラを1枚まで選び、登場させる。以下から1つ選んで行う。
・登場させたキャラをスリープさせてもよい。そうした場合、そのキャラのレベル以下のレベルのキャラを1枚まで選び、リムーブする。
・登場させたキャラにターン終了時まで突撃[事件]を与える。
【ヒラメキ】(証拠からリムーブされるときに発動する)カードを1枚引く。","【사건】【적&황】 자신의 리무브 에리어에 있는 【컷인】과 【히라메키】 이외의 원래 능력을 가지지 않는 【적】 또는 【황】 캐릭터를 1장까지 선택하여 등장시킨다. 이하에서 1개를 선택해 실행한다.
・등장시킨 캐릭터를 슬리프시켜도 된다. 그렇게 한 경우, 그 캐릭터의 레벨 이하의 레벨인 캐릭터를 1장까지 선택하여 리무브한다.
・등장시킨 캐릭터에게 턴 종료 시까지 돌격[사건]을 부여한다.
【히라메키】(증거에서 리무브될 때 발동한다) 카드를 1장 뽑는다.","【事件】【赤&黄】自分のリムーブエリアにある【カットイン】と【ヒラメキ】以外の元の能力を持たない【赤】か【黄】のキャラを1枚まで選び、登場させる。以下から1つ選んで行う。
・登場させたキャラをスリープさせてもよい。そうした場合、そのキャラのレベル以下のレベルのキャラを1枚まで選び、リムーブする。
・登場させたキャラにターン終了時まで突撃[事件]を与える。",공식 룰북 p.22 — 대상 절에 自分の/相手の 없음(「キャラを～枚まで選び」는 지정이 없으면 양쪽 현장): …キャラのレベル以下のレベルのキャラを1枚まで,high
id_1120,骨董盆は隠せない,1,0,ops.0.opts.0.ops.0,select,,any,"この事件が解決編になったとき、自分は手札を1枚リムーブする。
【解決編】【宣言】【ターン①】手札を1枚リムーブし、デッキのカードを上から2枚リムーブする:以下から1つ選んで行う。
・キャラを1枚まで選び、ターン終了時までAP+2000する。
・自分の手札が2枚以下の場合、カードを1枚引く。","이 사건이 해결편이 되었을 때, 자신은 손패를 1장 리무브한다.
【해결편】【선언】【턴①】손패를 1장 리무브하고, 덱의 카드를 위에서 2장 리무브한다: 아래에서 1개를 골라 실행한다.
・캐릭터를 1장까지 선택하고, 턴 종료 시까지 AP+2000 한다.
・자신의 손패가 2장 이하인 경우, 카드를 1장 뽑는다.","【解決編】【宣言】【ターン1】手札を1枚リムーブし、デッキのカードを上から2枚リムーブする:以下から1つ選んで行う。
・キャラを1枚まで選び、ターン終了時までAP+2000する。
・自分の手札が2枚以下の場合、カードを1枚引く。",공식 룰북 p.22 — 대상 절에 自分の/相手の 없음(「キャラを～枚まで選び」는 지정이 없으면 양쪽 현장): …キャラを1枚まで,high
id_1121,松田陣平&萩原研二,0,0,ops.0,select,,any,"【パートナー(黄)】【自分ターン中】【ターン①】自分の現場にこのキャラ以外のカード名[降谷零]か[諸伏景光]か[伊達航]か[萩原研二]か[松田陣平]が登場したとき、レベル9以下のキャラを1枚まで選び、リムーブする。
【絆】降谷零 自分のターン終了時、手札を1枚リムーブしてもよい。そうした場合、自分のリムーブエリアにあるレベル3以下の特徴[警察]のキャラを1枚まで選び、スリープ状態で登場させる。
【宣言】【ターン①】自分の現場にいるカード名[降谷零]か[諸伏景光]か[伊達航]を1枚まで選び、ターン終了時までAP+2000する。この能力はパートナーエリアでも宣言できる。
【カットイン】AP+2000
【MR能力】相手ターン中に現場を離れる場合、パートナーエリアに移動する。
自分の現場にMRが登場する場合、リムーブする。","【파트너(노랑)】【자신 턴 중】【턴①】자신의 현장에 이 캐릭터 이외의 카드명 [후루야 레이], [모로후시 히로미쓰], [다테 와타루], [하기와라 겐지], [마쓰다 진페이] 중 하나가 등장했을 때, 레벨 9 이하의 캐릭터를 1장까지 선택하고 리무브한다.
【유대】후루야 레이 자신의 턴 종료 시, 손패를 1장 리무브해도 된다. 그렇게 한 경우, 자신의 리무브 에리어에 있는 레벨 3 이하의 특징 [경찰] 캐릭터를 1장까지 선택하고 슬리프 상태로 등장시킨다.
【선언】【턴①】자신의 현장에 있는 카드명 [후루야 레이], [모로후시 히로미쓰], [다테 와타루] 중 1장까지 선택하고, 턴 종료 시까지 AP+2000 한다. 이 능력은 파트너 에리어에서도 선언할 수 있다.
【컷인】AP+2000
【MR 능력】상대 턴 중에 현장을 떠나는 경우, 파트너 에리어로 이동한다.
자신의 현장에 MR이 등장하는 경우, 리무브한다.",【パートナー(黄)】【自分ターン中】【ターン1】自分の現場にこのキャラ以外のカード名[降谷零]か[諸伏景光]か[伊達航]か[萩原研二]か[松田陣平]が登場したとき、レベル9以下のキャラを1枚まで選び、リムーブする。,공식 룰북 p.22 — 대상 절에 自分の/相手の 없음(「キャラを～枚まで選び」는 지정이 없으면 양쪽 현장): …レベル9以下のキャラを1枚まで,high
id_1121,松田陣平&萩原研二,0,,ef,onally.ef,,self,"【パートナー(黄)】【自分ターン中】【ターン①】自分の現場にこのキャラ以外のカード名[降谷零]か[諸伏景光]か[伊達航]か[萩原研二]か[松田陣平]が登場したとき、レベル9以下のキャラを1枚まで選び、リムーブする。
【絆】降谷零 自分のターン終了時、手札を1枚リムーブしてもよい。そうした場合、自分のリムーブエリアにあるレベル3以下の特徴[警察]のキャラを1枚まで選び、スリープ状態で登場させる。
【宣言】【ターン①】自分の現場にいるカード名[降谷零]か[諸伏景光]か[伊達航]を1枚まで選び、ターン終了時までAP+2000する。この能力はパートナーエリアでも宣言できる。
【カットイン】AP+2000
【MR能力】相手ターン中に現場を離れる場合、パートナーエリアに移動する。
自分の現場にMRが登場する場合、リムーブする。","【파트너(노랑)】【자신 턴 중】【턴①】자신의 현장에 이 캐릭터 이외의 카드명 [후루야 레이], [모로후시 히로미쓰], [다테 와타루], [하기와라 겐지], [마쓰다 진페이] 중 하나가 등장했을 때, 레벨 9 이하의 캐릭터를 1장까지 선택하고 리무브한다.
【유대】후루야 레이 자신의 턴 종료 시, 손패를 1장 리무브해도 된다. 그렇게 한 경우, 자신의 리무브 에리어에 있는 레벨 3 이하의 특징 [경찰] 캐릭터를 1장까지 선택하고 슬리프 상태로 등장시킨다.
【선언】【턴①】자신의 현장에 있는 카드명 [후루야 레이], [모로후시 히로미쓰], [다테 와타루] 중 1장까지 선택하고, 턴 종료 시까지 AP+2000 한다. 이 능력은 파트너 에리어에서도 선언할 수 있다.
【컷인】AP+2000
【MR 능력】상대 턴 중에 현장을 떠나는 경우, 파트너 에리어로 이동한다.
자신의 현장에 MR이 등장하는 경우, 리무브한다.",【パートナー(黄)】【自分ターン中】【ターン1】自分の現場にこのキャラ以外のカード名[降谷零]か[諸伏景光]か[伊達航]か[萩原研二]か[松田陣平]が登場したとき、レベル9以下のキャラを1枚まで選び、リムーブする。,"ally 계열 트리거 + 원문 ""自分の現場にいる…"" (아군 대상)",high
id_1122,伊達航,0,1,ops.1.ops.0,select,,any,"【パートナー(黄)】【突撃】
【絆】降谷零【ターン①】相手の現場にいるキャラがこのキャラとのコンタクトによってリムーブされたとき、手札からカード名[諸伏景光]か[萩原研二]か[松田陣平]を1枚リムーブしてもよい。そうした場合、レベル7以下のキャラを1枚まで選び、リムーブする。","【파트너(노랑)】【돌격】
【인연】후루야 레이【턴①】 상대의 현장에 있는 캐릭터가 이 캐릭터와의 콘택트로 인해 리무브되었을 때, 손패에서 카드명 [모로후시 히로미쓰], [하기와라 겐지], [마쓰다 진페이] 중 하나를 1장 리무브해도 좋다. 그렇게 한 경우, 레벨 7 이하의 캐릭터를 1장까지 골라 리무브한다.",【絆】降谷零【ターン①】相手の現場にいるキャラがこのキャラとのコンタクトによってリムーブされたとき、手札からカード名[諸伏景光]か[萩原研二]か[松田陣平]を1枚リムーブしてもよい。そうした場合、レベル7以下のキャラを1枚まで選び、リムーブする。,공식 룰북 p.22 — 대상 절에 自分の/相手の 없음(「キャラを～枚まで選び」는 지정이 없으면 양쪽 현장): …レベル7以下のキャラを1枚まで,high
id_1124,諸伏景光,0,0,ops.0,select,,any,"【パートナー(黄)】【登場時】AP8000以下のキャラを1枚まで選び、リムーブする。
【絆】降谷零 自分のターン終了時、自分のデッキのカードを上から2枚見る。その中からカード名[降谷零]か[諸伏景光]か[伊達航]か[萩原研二]か[松田陣平]を1枚まで公開して手札に加え、残りをリムーブエリアに移す。","【파트너(노랑)】【등장 시】AP 8000 이하의 캐릭터를 1장까지 선택하여 리무브한다.
【유대】후루야 레이: 자신의 턴 종료 시, 자신의 덱 위에서 카드를 2장 본다. 그중에서 카드명 [후루야 레이], [모로후시 히로미쓰], [다테 와타루], [하기와라 켄지], [마쓰다 진페이] 중 1장까지 공개하여 손패에 넣고, 나머지는 리무브 에리어로 옮긴다.",【パートナー(黄)】【登場時】AP8000以下のキャラを1枚まで選び、リムーブする。,공식 룰북 p.22 — 대상 절에 自分の/相手の 없음(「キャラを～枚まで選び」는 지정이 없으면 양쪽 현장): …AP8000以下のキャラを1枚まで,high
id_1125,高木渉,1,0,ops.0,select,,any,"【パートナー(黄)】【絆】佐藤美和子 LP+1
【宣言】【ターン①】手札からカード名[佐藤美和子]か[高木渉]を1枚リムーブする:
このキャラのAP以下のAPのキャラを1枚まで選び、リムーブする。カードを1枚引く。","【파트너(노랑)】【인연】사토 미와코 LP+1
【선언】【턴①】손패에서 카드명 [사토 미와코] 또는 [타카기 와타루]를 1장 리무브한다:
이 캐릭터의 AP 이하의 AP를 가진 캐릭터를 1장까지 선택하고 리무브한다. 카드를 1장 뽑는다.",【宣言】【ターン1】手札からカード名[佐藤美和子]か[高木渉]を1枚リムーブする:このキャラのAP以下のAPのキャラを1枚まで選び、リムーブする。カードを1枚引く。,공식 룰북 p.22 — 대상 절에 自分の/相手の 없음(「キャラを～枚まで選び」는 지정이 없으면 양쪽 현장): …このキャラのAP以下のAPのキャラを1枚まで,high
id_1126,萩原千速,1,1,ops.1.ops.0,select,,any,"自分のリムーブエリアに【疾風】を持つカードが3枚以上ある場合、このキャラは突撃(名乗り状態でもアクションできる)を持つ。
【疾風】このキャラをスリープさせてもよい。そうした場合、レベル8以下のキャラを1枚まで選び、リムーブする。(自分の現場にこのターンで1番に登場したときに発動する)","자신의 리무브 에리어에 【질풍】을 가진 카드가 3장 이상 있는 경우, 이 캐릭터는 돌격(명명 상태에서도 액션할 수 있다)을 가진다.
【질풍】 이 캐릭터를 슬립시켜도 된다. 그렇게 한 경우, 레벨 8 이하의 캐릭터를 1장까지 선택하여 리무브한다. (자신의 현장에 이번 턴에 1번째로 등장했을 때 발동한다)",【疾風】このキャラをスリープさせてもよい。そうした場合、レベル8以下のキャラを1枚まで選び、リムーブする。(自分の現場にこのターンで1番に登場したときに発動する),공식 룰북 p.22 — 대상 절에 自分の/相手の 없음(「キャラを～枚まで選び」는 지정이 없으면 양쪽 현장): …レベル8以下のキャラを1枚まで,high
id_1127,山村ミサオ,1,,sf,ontrig.sf,,opp,"ミスリード3 (相手の推理に対し、スリープさせることでLP－3する)
【相手ターン中】【ターン①】相手の現場にいるキャラがアクション[事件]したとき、
このキャラをアクティブにしてもよい。
【絆】諸伏景光【宣言】【ターン①】相手の現場にいるレベル9以下のキャラを1枚まで選び、手札に移す。","ミスリード3 (상대의 추리에 대해, 슬립시킴으로써 LP-3 한다)
【상대 턴 중】【턴①】 상대의 현장에 있는 캐릭터가 액션[사건]했을 때, 이 캐릭터를 액티브로 해도 된다.
【유대】모로후시 히로미쓰【선언】【턴①】 상대의 현장에 있는 레벨 9 이하의 캐릭터를 1장까지 골라 손패로 옮긴다.",【相手ターン中】【ターン1】相手の現場にいるキャラがアクション[事件]したとき、このキャラをアクティブにしてもよい。,트리거의 who=opp(원문이 정한 행동 주체)와 동일한 쪽,high
id_1128,アラン・カッセル,1,0,ops.0,select,,any,"【宣言】デッキの下に移す：自分のデッキのカードを上からレベル4か5の特徴[喫茶ポアロ]か[警察]か[少年探偵団]のキャラが出るまで1枚ずつ公開し、それを手札に加える。残りの公開したカードをデッキの下に移し、デッキをシャッフルする。
【ヒラメキ】キャラを1枚まで選び、スリープさせる。","【선언】덱 아래로 이동: 자신의 덱 카드를 위에서부터 레벨 4 또는 5의 특징 [카페 포와로], [경찰], [소년탐정단] 중 하나를 가진 캐릭터가 나올 때까지 1장씩 공개하고, 그 카드를 손패에 넣는다. 나머지 공개한 카드는 덱 아래로 이동시키고 덱을 섞는다.
【히라메키】캐릭터를 1장까지 선택하여 슬립시킨다.",【ヒラメキ】キャラを1枚まで選び、スリープさせる。,공식 룰북 p.22 — 대상 절에 自分の/相手の 없음(「キャラを～枚まで選び」는 지정이 없으면 양쪽 현장): …キャラを1枚まで,high
id_1130,風見裕也,1,0,ops.0,select,,any,"【登場時】自分のリムーブエリアにある【カットイン】と【ヒラメキ】以外の元の能力を持たないキャラを1枚まで選び、登場させる。
【ヒラメキ】(証拠からリムーブされるときに発動する)キャラを1枚まで選び、スリープさせる。","【등장 시】자신의 리무브 에리어에 있는 【컷인】과 【히라메키】 이외의 원래 능력을 가지지 않은 캐릭터를 1장까지 골라 등장시킨다.
【히라메키】(증거에서 리무브될 때 발동한다) 캐릭터를 1장까지 골라 슬리프시킨다.",【ヒラメキ】(証拠からリムーブされるときに発動する)キャラを1枚まで選び、スリープさせる。,공식 룰북 p.22 — 대상 절에 自分の/相手の 없음(「キャラを～枚まで選び」는 지정이 없으면 양쪽 현장): …キャラを1枚まで,high
id_1137,「化け物屋敷!?」,0,1,ops.1.ops.0,select,,any,"自分のリムーブエリアにあるカード名[降谷零]か[諸伏景光]か[伊達航]か[萩原研二]か[松田陣平]を1枚まで選び、手札に加える。カードを手札に加えた場合、そのカードのレベル以上のレベルのキャラを1枚まで選び、リムーブする。
【カットイン】AP+2000(コンタクト中に手札からリムーブして使う)","자신의 리무브 에리어에 있는 카드명 [후루야 레이], [모로후시 히로미쓰], [다테 와타루], [하기와라 겐지], [마쓰다 진페이] 중 1장까지 선택해 손패에 추가한다. 카드를 손패에 추가한 경우, 그 카드의 레벨 이상의 레벨인 캐릭터를 1장까지 선택해 리무브한다.
【컷인】AP+2000 (컨택트 중에 손패에서 리무브하여 사용한다)",自分のリムーブエリアにあるカード名[降谷零]か[諸伏景光]か[伊達航]か[萩原研二]か[松田陣平]を1枚まで選び、手札に加える。カードを手札に加えた場合、そのカードのレベル以上のレベルのキャラを1枚まで選び、リムーブする。,공식 룰북 p.22 — 대상 절에 自分の/相手の 없음(「キャラを～枚まで選び」는 지정이 없으면 양쪽 현장): …カードのレベル以上のレベルのキャラを1枚まで,high
id_1140,キャンティ&コルン,0,0,ops.0.ops.0,select,,any,"【パートナー(黒)】【宣言】【ターン①】デッキのカードを上から3枚リムーブする:この【宣言】能力のコストによって【カットイン】を持つ【黒】のカードが3枚以上リムーブされた場合、レベル9以下のキャラを1枚まで選び、リムーブし、カードを1枚引く。
【自分ターン中】自分の現場にいるキャラのコンタクト中に自分が【カットイン】を使用したとき、そのコンタクト中、そのキャラをAP+2000する。この能力はパートナーエリアでも発動する。
【カットイン】AP+2000
【MR能力】相手ターン中に現場を離れる場合、パートナーエリアに移動する。
自分の現場にMRが登場する場合、リムーブする。","【파트너(검정)】【선언】【턴①】덱의 카드를 위에서 3장 리무브한다: 이 【선언】 능력의 코스트로 【컷인】을 가진 【검정】 카드가 3장 이상 리무브된 경우, 레벨 9 이하의 캐릭터를 1장까지 골라 리무브하고 카드를 1장 뽑는다.
【자신 턴 중】 자신의 현장에 있는 캐릭터의 컨택트 중에 자신이 【컷인】을 사용했을 때, 그 컨택트 중 그 캐릭터의 AP+2000. 이 능력은 파트너 에리어에서도 발동한다.
【컷인】 AP+2000
【MR 능력】 상대 턴 중에 현장을 떠날 경우 파트너 에리어로 이동한다.
자신의 현장에 MR이 등장하는 경우 리무브한다.",【パートナー(黒)】【宣言】【ターン1】デッキのカードを上から3枚リムーブする:この【宣言】能力のコストによって【カットイン】を持つ【黒】のカードが3枚以上リムーブされた場合、レベル9以下のキャラを1枚まで選び、リムーブし、カードを1枚引く。,공식 룰북 p.22 — 대상 절에 自分の/相手の 없음(「キャラを～枚まで選び」는 지정이 없으면 양쪽 현장): …レベル9以下のキャラを1枚まで,high
id_1141,スコッチ,1,,sf,ontrig.sf,,self,"突撃
【パートナー(黒)】【自分ターン中】【ターン①】このキャラのコンタクト中に自分がカード名[バーボン]の【カットイン】を使用したとき、このキャラをアクティブにし、ターン終了時まで「このキャラのコンタクト中に自分は【カットイン】を使用できない。」を持つ。
【カットイン】AP+1000、【カットイン】を持つ(黒)のキャラに【カットイン】した場合、カードを1枚引く。","돌격
【파트너(흑)】【자신 턴 중】【턴①】이 캐릭터의 컨택트 중에 자신이 카드명 [버번]의 【컷인】을 사용했을 때, 이 캐릭터를 액티브로 하고, 턴 종료 시까지 「이 캐릭터의 컨택트 중에 자신은 【컷인】을 사용할 수 없다.」를 가진다.
【컷인】AP+1000, 【컷인】을 가진 (흑)의 캐릭터에 【컷인】한 경우, 카드를 1장 뽑는다.",【パートナー(黒)】【自分ターン中】【ターン1】このキャラのコンタクト中に自分がカード名[バーボン]の【カットイン】を使用したとき、このキャラをアクティブにし、ターン終了時まで「このキャラのコンタクト中に自分は【カットイン】を使用できない。」を持つ。,트리거의 who=self(원문이 정한 행동 주체)와 동일한 쪽,high
id_1144,ヘルエンジェル,0,0,ops.0.ops.0,select,,any,"【パートナー】(黒)【宣言】【ターン①】デッキのカードを上から3枚リムーブする:この【宣言】能力のコストによって【カットイン】を持つ(黒)のカードが3枚以上リムーブされた場合、【カットイン】を持つレベル8以上の(黒)のキャラを1枚まで選び、ターン終了時まで突撃(名乗り状態でもアクションできる)を与える。
【カットイン】【自分ターン中】AP+1000(自分のターンのコンタクト中に手札からリムーブして使う)","【파트너】(검정)【선언】【턴①】덱의 카드를 위에서 3장 리무브한다: 이 【선언】 능력의 코스트로 인해 【컷인】을 가진 (검정) 카드가 3장 이상 리무브된 경우, 【컷인】을 가진 레벨 8 이상의 (검정) 캐릭터를 1장까지 선택하고, 턴 종료 시까지 돌격(명승 상태에서도 액션할 수 있다)을 부여한다.
【컷인】【자신 턴 중】AP+1000(자신의 턴의 컨택트 중에 손패에서 리무브하여 사용한다)",【パートナー】(黒)【宣言】【ターン1】デッキのカードを上から3枚リムーブする:この【宣言】能力のコストによって【カットイン】を持つ【黒】のカードが3枚以上リムーブされた場合、【カットイン】を持つレベル8以上の【黒】のキャラを1枚まで選び、ターン終了時まで突撃(名乗り状態でもアクションできる)を与える。,공식 룰북 p.22 — 대상 절에 自分の/相手の 없음(「キャラを～枚まで選び」는 지정이 없으면 양쪽 현장): …を持つレベル8以上ののキャラを1枚まで,high
id_1146,カルバドス,2,,tf,ontrig.tf,,self,"自分の現場に【カットイン】を持つ【黒】のキャラが4枚以上いる場合、このキャラは【突撃】を持つ。
ターン終了時、このターン中にこのキャラが【カットイン】の効果によって登場していた場合、自分の現場にいるキャラを1枚選び、デッキの下に移す。(選べる場合、必ず選んで移す)
【パートナー】【黒】【自分ターン中】【カットイン】を持つレベル8以上の【黒】のキャラに【カットイン】した場合、このキャラをリムーブエリアから登場させる。","자신의 현장에 【컷인】을 가진 【검정】 캐릭터가 4장 이상 있는 경우, 이 캐릭터는 【돌격】을 가진다.
턴 종료 시, 이번 턴 중에 이 캐릭터가 【컷인】의 효과로 登場했다면, 자신의 현장에 있는 캐릭터를 1장 골라 덱 아래로 옮긴다. (고를 수 있다면 반드시 골라서 옮긴다)
【파트너】【검정】【자신 턴 중】【컷인】을 가진 레벨 8 이상의 【검정】 캐릭터에 【컷인】한 경우, 이 캐릭터를 리무브 에리아에서 登場시킨다.",【パートナー】【黒】【自分ターン中】【カットイン】を持つレベル8以上の【黒】のキャラに【カットイン】した場合、このキャラをリムーブエリアから登場させる。,구조: 컷인 이벤트의 tid 는 항상 컷인한 쪽(my)의 컨택트 캐릭터(server.js cont) — 같은 형태의 id_0241/id_1140 도 tf.own=self,high
id_1150,ベルモット,0,0,ops.0.ops.0,select,,any,"【事件【青&黒】】【事件編】【登場時】自分の現場にカード名［工藤新一］か［毛利蘭］がいる場合、キャラを1枚まで選び、スリープさせる。
【パートナー【青】】【解決編】【FILE5】【宣言】【スリープ】リムーブエリアに移す：自分のリムーブエリアにある、レベル5以下のカード名［工藤新一］か［毛利蘭］を1枚まで選び、登場させる。ターン終了時までそのキャラをAP+1000する。","【사건【청&흑】】【사건편】【登場時】 자신의 현장에 카드명 [쿠도 신이치] 또는 [모리 란]이 있는 경우, 캐릭터를 1장까지 선택하여 슬립시킨다.
【파트너【청】】【해결편】【FILE5】【선언】【슬립】 리무브 에리어로 이동: 자신의 리무브 에리어에 있는 레벨 5 이하의 카드명 [쿠도 신이치] 또는 [모리 란]을 1장까지 선택하여 등장시킨다. 턴 종료 시까지 그 캐릭터의 AP를 +1000 한다.",【事件(青&黒)】【事件編】【登場時】自分の現場にカード名[工藤新一]か[毛利蘭]がいる場合、キャラを1枚まで選び、スリープさせる。,공식 룰북 p.22 — 대상 절에 自分の/相手の 없음(「キャラを～枚まで選び」는 지정이 없으면 양쪽 현장): …キャラを1枚まで,high
id_1152,毛利蘭&ベルモット,0,0,ops.0,select,,any,"【宣言】【ターン①】手札からカード名[工藤新一]か[毛利蘭]を1枚公開する：AP8000以下のキャラを1枚まで選び、リムーブする。この能力は自分の現場にこのキャラ以外の【青】か【黒】のキャラがいる場合に宣言できる。
自分のターン終了時、自分のデッキのカードを上から3枚見る。その中からカード名[工藤新一]か[毛利蘭]を1枚まで公開して手札に加え、残りをリムーブエリアに移す。レベル5以上のカードを手札に加えた場合、手札を1枚リムーブする。この能力はパートナーエリアでも発動する。
【カットイン】AP＋2000
【MR能力】相手ターン中に現場を離れる場合、パートナーエリアに移動する。
自分の現場にMRが登場する場合、リムーブする。","【선언】【턴①】손패에서 카드명 [쿠도 신이치] 또는 [모리 란]을 1장 공개한다: AP8000 이하의 캐릭터를 1장까지 골라 리무브한다. 이 능력은 자신의 현장에 이 캐릭터 이외의 【청】 또는 【흑】 캐릭터가 있는 경우에 선언할 수 있다.
자신의 턴 종료 시, 자신의 덱 카드를 위에서 3장 본다. 그중에서 카드명 [쿠도 신이치] 또는 [모리 란]을 1장까지 공개하여 손패에 더하고, 나머지를 리무브 에리어로 옮긴다. 레벨 5 이상의 카드를 손패에 더한 경우, 손패를 1장 리무브한다. 이 능력은 파트너 에리어에서도 발동한다.
【컷인】AP＋2000
【MR 능력】상대 턴 중에 현장을 떠나는 경우, 파트너 에리어로 이동한다.
자신의 현장에 MR이 등장하는 경우, 리무브한다.",【宣言】【ターン1】手札からカード名[工藤新一]か[毛利蘭]を1枚公開する:AP8000以下のキャラを1枚まで選び、リムーブする。この能力は自分の現場にこのキャラ以外の【青】か【黒】のキャラがいる場合に宣言できる。,공식 룰북 p.22 — 대상 절에 自分の/相手の 없음(「キャラを～枚まで選び」는 지정이 없으면 양쪽 현장): …AP8000以下のキャラを1枚まで,high
id_1153,服部平次&怪盗キッド,2,,ef,onallycontact.ef,,self,"突撃 (名乗り状態でもアクションできる)
【宣言】【スリープ】パートナーエリアに移す:自分のリムーブエリアにある、突撃を持つレベル8以下のカード名[服部平次]か[怪盗キッド]を1枚まで選び、登場させる。ターン終了時までそのキャラに「このキャラは相手の現場にいるアクティブ状態のキャラを指定してアクションできる。」を与える。
自分の現場にいるレベル8以上のキャラがコンタクトしたとき、そのコンタクト中、そのキャラをAP+2000する。この能力はパートナーエリアでも発動する。
【カットイン】AP+2000
【MR能力】相手ターン中に現場を離れる場合、パートナーエリアに移動する。
自分の現場にMRが登場する場合、リムーブする。","돌격 (등장 선언 상태에서도 액션할 수 있다)
【선언】【슬립】파트너 에리어로 이동: 자신의 리무브 에리어에 있는, 돌격을 가진 레벨 8 이하의 카드명 [핫토리 헤이지] 또는 [괴도 키드]를 1장까지 골라 등장시킨다. 턴 종료 시까지 그 캐릭터에게 ""이 캐릭터는 상대의 현장에 있는 액티브 상태의 캐릭터를 지정해서 액션할 수 있다.""를 부여한다.
자신의 현장에 있는 레벨 8 이상의 캐릭터가 컨택트했을 때, 그 컨택트 중 그 캐릭터는 AP+2000 된다. 이 능력은 파트너 에리어에서도 발동한다.
【컷인】AP+2000
【MR 능력】상대 턴 중에 현장을 떠나는 경우, 파트너 에리어로 이동한다.
자신의 현장에 MR이 등장하는 경우, 리무브한다.",自分の現場にいるレベル8以上のキャラがコンタクトしたとき、そのコンタクト中、そのキャラをAP+2000する。この能力はパートナーエリアでも発動する。,"ally 계열 트리거 + 원문 ""自分の現場にいる…"" (아군 대상)",high
id_1154,赤井秀一＆安室透,1,0,ops.0,select,,any,"【自分ターン中】相手の現場にいるキャラをレベル－1する。
【登場時】レベル7以下のキャラを1枚まで選び、リムーブする。
【自分ターン中】【ターン②】自分の現場に【カットイン】と【ヒラメキ】以外の元の能力を持たないキャラが登場したとき、そのキャラをスリープさせてもよい。そうした場合、そのキャラのレベル以下のレベルのキャラを1枚まで選び、リムーブする。この能力はパートナーエリアでも発動する。
【MR能力】
相手ターン中に現場を離れる場合、パートナーエリアに移動する。
自分の現場にMRが登場する場合、リムーブする。
【カットイン】AP＋2000","【자신의 턴 중】 상대 현장에 있는 캐릭터를 레벨 -1 한다.
【등장 시】 레벨 7 이하의 캐릭터를 1장까지 선택하고 리무브한다.
【자신의 턴 중】【턴②】 자신의 현장에 【컷인】과 【히라메키】 이외의 원래 능력을 갖지 않은 캐릭터가 등장했을 때, 그 캐릭터를 슬리프시켜도 된다. 그렇게 한 경우, 그 캐릭터의 레벨 이하의 레벨인 캐릭터를 1장까지 선택하고 리무브한다. 이 능력은 파트너 에리어에서도 발동한다.
【MR 능력】
상대 턴 중에 현장을 떠나는 경우, 파트너 에리어로 이동한다.
자신의 현장에 MR이 등장하는 경우, 리무브한다.
【컷인】 AP＋2000",【登場時】レベル7以下のキャラを1枚まで選び、リムーブする。,공식 룰북 p.22 — 대상 절에 自分の/相手の 없음(「キャラを～枚まで選び」는 지정이 없으면 양쪽 현장): …レベル7以下のキャラを1枚まで,high
id_1154,赤井秀一＆安室透,2,1,ops.1.ops.0,select,,any,"【自分ターン中】相手の現場にいるキャラをレベル－1する。
【登場時】レベル7以下のキャラを1枚まで選び、リムーブする。
【自分ターン中】【ターン②】自分の現場に【カットイン】と【ヒラメキ】以外の元の能力を持たないキャラが登場したとき、そのキャラをスリープさせてもよい。そうした場合、そのキャラのレベル以下のレベルのキャラを1枚まで選び、リムーブする。この能力はパートナーエリアでも発動する。
【MR能力】
相手ターン中に現場を離れる場合、パートナーエリアに移動する。
自分の現場にMRが登場する場合、リムーブする。
【カットイン】AP＋2000","【자신의 턴 중】 상대 현장에 있는 캐릭터를 레벨 -1 한다.
【등장 시】 레벨 7 이하의 캐릭터를 1장까지 선택하고 리무브한다.
【자신의 턴 중】【턴②】 자신의 현장에 【컷인】과 【히라메키】 이외의 원래 능력을 갖지 않은 캐릭터가 등장했을 때, 그 캐릭터를 슬리프시켜도 된다. 그렇게 한 경우, 그 캐릭터의 레벨 이하의 레벨인 캐릭터를 1장까지 선택하고 리무브한다. 이 능력은 파트너 에리어에서도 발동한다.
【MR 능력】
상대 턴 중에 현장을 떠나는 경우, 파트너 에리어로 이동한다.
자신의 현장에 MR이 등장하는 경우, 리무브한다.
【컷인】 AP＋2000",【自分ターン中】【ターン2】自分の現場に【カットイン】と【ヒラメキ】以外の元の能力を持たないキャラが登場したとき、そのキャラをスリープさせてもよい。そうした場合、そのキャラのレベル以下のレベルのキャラを1枚まで選び、リムーブする。この能力はパートナーエリアでも発動する。,공식 룰북 p.22 — 대상 절에 自分の/相手の 없음(「キャラを～枚まで選び」는 지정이 없으면 양쪽 현장): …キャラのレベル以下のレベルのキャラを1枚まで,high
id_1161,ジョディ・スターリング,0,0,ops.0.ops.0,select,,any,【パートナー(赤)】【宣言】【ターン①】【スリープ】デッキのカードを上から3枚リムーブする：この【宣言】能力のコストによって特徴［FBI］のキャラが2枚以上リムーブされた場合、レベル7以下のキャラを1枚まで選び、リムーブする。相手の現場にいるキャラを1枚まで選び、ターン終了時までレベル－1する。,"【파트너(적)】【선언】【턴①】【슬립】덱의 카드를 위에서 3장 리무브한다: 이 【선언】 능력의 코스트로 특징 [FBI]의 캐릭터가 2장 이상 리무브된 경우, 레벨 7 이하의 캐릭터를 1장까지 골라 리무브한다. 상대의 현장에 있는 캐릭터를 1장까지 골라 턴 종료 시까지 레벨 -1 한다.",【パートナー(赤)】【宣言】【ターン1】【スリープ】デッキのカードを上から3枚リムーブする:この【宣言】能力のコストによって特徴[FBI]のキャラが2枚以上リムーブされた場合、レベル7以下のキャラを1枚まで選び、リムーブする。相手の現場にいるキャラを1枚まで選び、ターン終了時までレベル-1する。,공식 룰북 p.22 — 대상 절에 自分の/相手の 없음(「キャラを～枚まで選び」는 지정이 없으면 양쪽 현장): …レベル7以下のキャラを1枚まで,high
id_1162,降谷零,2,0,ops.0,select,,any,"【パートナー(黄)】突撃 [キャラ] (名乗り状態でもアクション [キャラ] できる)
【相手ターン中】【現場リムーブ時】自分のデッキのカードを上から1枚見る。それをリムーブエリアに移してもよい。(移さなかった場合、元に戻す)
【ヒラメキ】【解決編】アクション中のキャラを1枚まで選び、スタンさせる。","【파트너(노랑)】돌격 [캐릭터] (등장 선언 상태에서도 액션 [캐릭터]를 할 수 있다)
【상대 턴 중】【현장 리무브 시】자신의 덱 카드를 위에서 1장 본다. 그 카드를 리무브 에리어로 옮겨도 된다. (옮기지 않은 경우 원래대로 되돌린다)
【히라메키】【해결편】액션 중인 캐릭터를 1장까지 골라 스턴시킨다.",【ヒラメキ】【解決編】アクション中のキャラを1枚まで選び、スタンさせる。,"대상이 コンタクト中/アクション中 의 카드로 참조 지정됨(원문 ""そのキャラ"") — 소유자는 참조가 정함",high
id_1163,ベルモット,1,0,ops.0,select,,any,"突撃［キャラ］(名乗り状態でもアクション［キャラ］できる)
【パートナー(黒)】【自分ターン中】自分の現場にいるこのキャラが自分の能力や効果によってリムーブされたとき、レベル7以下のスリープ状態のキャラを1枚まで選び、リムーブする。","돌격[캐릭터](명乗り 상태에서도 액션[캐릭터]할 수 있다)
【파트너(검정)】【자신 턴 중】자신의 현장에 있는 이 캐릭터가 자신의 능력이나 효과로 인해 리무브되었을 때, 레벨 7 이하의 슬립 상태인 캐릭터를 1장까지 선택하여 리무브한다.",【パートナー(黒)】【自分ターン中】自分の現場にいるこのキャラが自分の能力や効果によってリムーブされたとき、レベル7以下のスリープ状態のキャラを1枚まで選び、リムーブする。,공식 룰북 p.22 — 대상 절에 自分の/相手の 없음(「キャラを～枚まで選び」는 지정이 없으면 양쪽 현장): …レベル7以下のスリープ状態のキャラを1枚まで,high
